,reco_id_curr,reco_id_last,min_cred_months_balance,f_cred_balance,f_credit_limit,f_drawings_atm,f_drawings,f_drawings_other,f_drawings_pos,f_minimal_payment,f_minimal_payment,f_payment_total_now,f_receivable,f_total_receivable,f_drawings_atm_count,f_drawings_count,f_drawings_other_count,f_drawings_pos_count,f_installment_mature_cum_count,f_contract_status_name
0,00bfd45acebcc9f1b5db49bc1ddc3195,9e69b850d683950a9be2ad3eccca0baf,-6,48242.8,90000,1350.0,1948.45,0.0,598.455,2250.0,4563.09,4563.09,47019.1,47019.1,1.0,3,0.0,2.0,1.0,Active
1,00d0ec0cf2dae0f8400870d580fa77d0,306e757a36ca8dde9e158908646f4b98,-1,176931.0,270000,90000.0,173790.0,0.0,83790.3,0.0,0.0,0.0,173790.0,173790.0,2.0,14,0.0,12.0,0.0,Active
2,01c401bb1b2ba502df5a854be02ea4e9,61cc35e8ba86215248ef7968b4d803e2,-6,0.0,0,0.0,0.0,0.0,0.0,0.0,2374.25,0.0,0.0,0.0,0.0,0,0.0,0.0,12.0,Active
3,0300de78b4572cf2474d73c9f677d509,9ec4d4091dafedd0a84db925a76f9c6c,-6,0.0,0,0.0,0.0,0.0,0.0,0.0,112.32,112.32,0.0,0.0,0.0,0,0.0,0.0,46.0,Active
4,0311008c74fa311e415df28b349e539b,c3456734a5a15d97586d019e64886d74,-6,0.0,45000,0.0,0.0,0.0,0.0,0.0,0.0,0.0,0.0,0.0,0.0,0,0.0,0.0,0.0,Active
5,034644b950c6bc1f2a61eae2b112abdc,9d8c8f5353ec1c9f927cfcd7fc6183bb,-6,262004.0,270000,0.0,0.0,0.0,0.0,13500.0,13500.0,13500.0,262004.0,262004.0,0.0,0,0.0,0.0,84.0,Active
6,039200c1a70ea9772149458084d17831,0bbb663871f74aeb39965c7c8036584e,-6,25022.4,90000,6750.0,13675.0,0.0,6925.05,2250.0,7180.2,7180.2,21479.7,21479.7,2.0,3,0.0,1.0,2.0,Active
7,042c2982a27df075e5a6cba417612704,37fa7b6ef0df1d6cc81b2251bbcf1724,-6,0.0,585000,0.0,0.0,0.0,0.0,0.0,0.0,0.0,0.0,0.0,0.0,0,0.0,0.0,0.0,Active
8,0441e59d3bfe0b9527fe1c121c0497a9,faa5db1f10d24ee4138e392d9d980f9f,-6,0.0,90000,0.0,0.0,0.0,0.0,0.0,0.0,0.0,0.0,0.0,0.0,0,0.0,0.0,0.0,Active
9,04bedcfc9949ae34722228f67b4d11cc,5af1a4d89a1bfc834ede46b016bfb314,-6,149626.0,135000,4050.0,4050.0,0.0,0.0,7356.19,7650.0,7650.0,147505.0,147505.0,1.0,1,0.0,0.0,9.0,Active
10,065dce58e2d4d2998c36bf716f42668d,5b2294598d4a96eb251fbeca5490f4bb,-6,263516.0,270000,4500.0,4500.0,0.0,0.0,13284.7,13950.0,13950.0,261945.0,261945.0,1.0,1,0.0,0.0,7.0,Active
11,06e087dde5ec3aefb85823e7b3e7a52c,c423ac9f2c732e1388bc1aa4648cf47e,-6,0.0,45000,0.0,0.0,0.0,0.0,0.0,298.44,298.44,0.0,0.0,0.0,0,0.0,0.0,1.0,Active
12,077a81f372fac3140c1b7cb8e62d7341,b247b247aa49a31508d12ccb14e9a622,-6,147657.0,450000,0.0,0.0,0.0,0.0,6839.5,16200.0,8486.46,147657.0,147657.0,0.0,0,0.0,0.0,27.0,Active
13,079f91b0173f1bcaadb4d700b47f2479,25be01ac461889522be19747d8e5fc0a,-6,0.0,360000,0.0,11.16,0.0,0.0,0.0,11.16,11.16,0.0,0.0,0.0,0,0.0,0.0,3.0,Active
14,07f9f117e106b34106032b7d8448a07a,b9b924643f8130974d94960ac9836218,-6,482974.0,450000,8100.0,19024.2,0.0,10924.2,24091.5,24750.0,24750.0,479833.0,479833.0,2.0,7,0.0,5.0,3.0,Active
15,0853dffe024e88e74728ab1fec543c86,226d21b1d9b52a28fdcf471b35473be6,-6,0.0,135000,0.0,0.0,0.0,0.0,0.0,0.0,0.0,0.0,0.0,0.0,0,0.0,0.0,0.0,Active
16,0b327faab35e02bfd1f096cac8eb75b6,10314c6cd24a855a4be36e545969b65a,-6,403001.0,405000,139500.0,139500.0,0.0,0.0,13839.2,13950.0,13950.0,395148.0,395148.0,5.0,5,0.0,0.0,6.0,Active
17,0cb7dc6e02adccc98ea54c7e8b2aae70,e75b2d15ec43f2718ea8f57de7bcfbfc,-6,0.0,585000,0.0,0.0,0.0,0.0,0.0,0.0,0.0,0.0,0.0,0.0,0,0.0,0.0,0.0,Active
18,10577884113ae5437b8fcff9cc396a22,349e3f703f0689e969a26ae987a29137,-6,357207.0,810000,0.0,0.0,0.0,0.0,18291.2,22500.0,22500.0,353893.0,353893.0,0.0,0,0.0,0.0,11.0,Active
19,10e62dd33b2b3c9f6e695ac63c7a4216,34160b6d92d557c034f3050c17afa228,-6,0.0,45000,0.0,0.0,0.0,0.0,0.0,526.995,526.995,0.0,0.0,0.0,0,0.0,0.0,4.0,Active
20,11acb0ce6060d4bf01ce5995bf19349f,de29ce642d3d95744220e5fa4c90f41f,-6,0.0,90000,0.0,0.0,0.0,0.0,0.0,673.2,673.2,0.0,0.0,0.0,0,0.0,0.0,1.0,Active
21,12035786f24b7013b1406e381ff8365e,31e09e2702d0c284748cc461a9fe442b,-6,50901.7,67500,0.0,0.0,0.0,0.0,3375.0,4500.0,4500.0,50901.7,50901.7,0.0,0,0.0,0.0,83.0,Active
22,127f16d756b4a1f26d448c2448e41e2f,ea8b1e3cf9415108dddd66cc0615fa33,-6,0.0,90000,0.0,0.0,0.0,0.0,0.0,0.0,0.0,0.0,0.0,0.0,0,0.0,0.0,0.0,Active
23,14d5cf3c7f903c6598b74e9d3f21fe52,b95bf39edf69c5b45de1243b9f99abfc,-6,0.0,450000,0.0,0.0,0.0,0.0,0.0,0.0,0.0,0.0,0.0,0.0,0,0.0,0.0,0.0,Active
24,14dc006d2aa88047e42e244829363f18,8701b00d1c7610647de9eeb0d17d14f6,-6,0.0,900000,0.0,0.0,0.0,0.0,0.0,0.0,0.0,0.0,0.0,0.0,0,0.0,0.0,0.0,Active
25,15fb0e5aed46fa67bddca3c41ab71756,a6dcabc8c43f8dc178c32a3dbd5a56f3,-6,0.0,45000,0.0,0.0,0.0,0.0,0.0,312.795,0.0,0.0,0.0,0.0,0,0.0,0.0,34.0,Active
26,1629407efc0637e8fa5f88911d7da10a,ac9f8ea209b36980cd16e9b5e6948c38,-6,89463.0,135000,40500.0,40500.0,0.0,0.0,2387.43,2475.0,2475.0,86772.0,86772.0,2.0,2,0.0,0.0,8.0,Active
27,1765a046b4802640e2f8336d2a3aa581,da5a1057bd8086c2db9240bd6e2bc918,-6,203397.0,202500,4500.0,4500.0,0.0,0.0,10181.1,11250.0,11250.0,203397.0,203397.0,1.0,1,0.0,0.0,98.0,Active
28,178c95954d1f0038ea7de6253afb00d1,333208cc4f91e207f5b80d99781bbe91,-6,0.0,0,0.0,0.0,0.0,0.0,0.0,257.985,0.0,0.0,0.0,0.0,0,0.0,0.0,7.0,Active
29,17cefda3639b47a724f51016319b911d,5dd0c3139c6fbb2e099f40f3e01f5583,-6,0.0,0,0.0,0.0,0.0,0.0,0.0,0.0,0.0,0.0,0.0,0.0,0,0.0,0.0,0.0,Completed
30,183ddf43bfb0216a9d9e1756e15b3e48,c130055d481d749f540be48cd5d86713,-6,0.0,0,0.0,0.0,0.0,0.0,0.0,16.965,0.0,0.0,0.0,0.0,0,0.0,0.0,6.0,Active
31,18e208252c110747390ec45323819721,434d557ff93a17bcfdad226e80840c44,-6,0.0,270000,0.0,0.0,0.0,0.0,0.0,0.0,0.0,0.0,0.0,0.0,0,0.0,0.0,0.0,Active
32,194edf3caad053a690a6152bfea06c43,fd04bc9f76dbaa13200726e4c49f3c2e,-6,0.0,45000,0.0,0.0,0.0,0.0,0.0,158.85,0.0,0.0,0.0,0.0,0,0.0,0.0,74.0,Active
33,19e72a332b8e756de094d6028450ab6e,0bffdcc6179c5e0ba86b306f118b29b9,-6,0.0,0,0.0,0.0,0.0,0.0,0.0,0.0,0.0,0.0,0.0,0.0,0,0.0,0.0,68.0,Completed
34,1a0e5521db24466f6f58ca30e29809b8,35d9e8f9888d91bb547f0f2c7199fef9,-4,0.0,225000,0.0,0.0,0.0,0.0,0.0,0.0,0.0,0.0,0.0,0.0,0,0.0,0.0,0.0,Active
35,1bd1fd14b1f53b75bb43a7d56dbae347,b86e700df3817990cf5a5d063b98c11d,-6,0.0,0,0.0,0.0,0.0,0.0,0.0,187.605,0.0,0.0,0.0,0.0,0,0.0,0.0,58.0,Active
36,1be0b9c7abc002a74c2a56b59234ea52,dafbd422c7eedddd216db89de57ba1fa,-6,0.0,45000,0.0,0.0,0.0,0.0,0.0,0.0,0.0,0.0,0.0,0.0,0,0.0,0.0,0.0,Active
37,1c0c72ca96e372fc015772baf16baebb,9ed89a226c6c67871059a7e03d71c02c,-2,0.0,90000,0.0,0.0,0.0,0.0,0.0,0.0,0.0,0.0,0.0,0.0,0,0.0,0.0,0.0,Active
38,1c821f44bc215cbf9eaae4dbe88ac998,4434ec729007ea53895466d60f016a31,-6,0.0,0,0.0,0.0,0.0,0.0,0.0,0.0,0.0,0.0,0.0,0.0,0,0.0,0.0,59.0,Completed
39,1c8ef0699fcbb70eb315de05a5f1ca8b,8a832073500afdc7d661490a63c5d07e,-6,0.0,180000,0.0,0.0,0.0,0.0,0.0,0.0,0.0,0.0,0.0,0.0,0,0.0,0.0,44.0,Completed
40,1e50496fce19e5c151fcc277577f8964,a11af8b31ceff2904e690b686712e188,-6,0.0,90000,0.0,0.0,0.0,0.0,0.0,0.0,0.0,0.0,0.0,0.0,0,0.0,0.0,0.0,Active
41,1ea1f8a1755851c97e91d442fb7f1d89,35605d4cf7bbd8554a376b669906e053,-6,0.0,225000,0.0,0.0,0.0,0.0,0.0,0.0,0.0,0.0,0.0,0.0,0,0.0,0.0,0.0,Active
42,1fa57f437dc56a961ebab02ece89edbb,a88a5ed3695629d6a308aef9316b42d1,-6,35215.7,135000,0.0,0.0,0.0,0.0,2250.0,4500.0,4500.0,35215.7,35215.7,0.0,0,0.0,0.0,8.0,Active
43,203e327593a4c71df72588f0df106208,bb722481dcb79e134ab9d9fed5f64e08,-6,0.0,45000,0.0,0.0,0.0,0.0,0.0,0.0,0.0,0.0,0.0,0.0,0,0.0,0.0,0.0,Active
44,20a4ad26d1f90ec2c9765c51cac2e293,21bb6e766d172acfc6638cba4f6b4a2a,-6,0.0,135000,0.0,0.0,0.0,0.0,0.0,0.0,0.0,0.0,0.0,0.0,0,0.0,0.0,0.0,Active
45,21e457603d8863bf5ead184e911ae354,f455d57eeb00e1c35140d1c073615eef,-6,127300.0,135000,58500.0,112226.0,0.0,53725.5,2250.0,45000.0,45000.0,109809.0,109809.0,13.0,23,0.0,10.0,4.0,Active
46,228d50cf889843db531401a28fb41aaf,5e94f32ded387cc5953e749ce511527c,-5,0.0,45000,0.0,0.0,0.0,0.0,0.0,0.0,0.0,0.0,0.0,0.0,0,0.0,0.0,0.0,Active
47,2367722b223808061d02588b4929c303,45fe8ce739a2cc5c8440f5bebcf36b0a,-6,0.0,225000,0.0,0.0,0.0,0.0,0.0,945.585,945.585,0.0,0.0,0.0,0,0.0,0.0,16.0,Active
48,24191ae0e9ffed25b5c45dced9bebf68,74abb7043029e7ac5aac425989e006ad,-6,0.0,0,0.0,0.0,0.0,0.0,0.0,2.52,2.52,0.0,0.0,0.0,0,0.0,0.0,9.0,Active
49,26cfcb1d2c6c72cc1026f0588ff5c8f0,625c89276c91bce1e425f249eb461409,-6,0.0,0,0.0,0.0,0.0,0.0,0.0,0.0,0.0,0.0,0.0,0.0,0,0.0,0.0,0.0,Active
50,285cb502a60bee8dc65f748bac3b866a,31cf43110629f14e8be55cb99054269f,-6,240251.0,450000,135000.0,136125.0,0.0,1125.0,2250.0,10350.0,4716.63,238681.0,238681.0,1.0,2,0.0,1.0,30.0,Active
51,28dea7cfac66eb64e4e82f6301a57dca,3f5a03c7cb912b987fb4f3b76f6f0c3b,-6,0.0,18000,0.0,0.0,0.0,0.0,0.0,0.0,0.0,0.0,0.0,0.0,0,0.0,0.0,0.0,Active
52,299cb3b49ec498bb7d62ac8d8559ece0,78f79f761738525f2047eee9f890081b,-6,52705.9,90000,0.0,0.0,0.0,0.0,2659.81,2700.0,2700.0,52035.4,52035.4,0.0,0,0.0,0.0,3.0,Active
53,2b3bb991705fdd00e39bf9989d69a372,818d5f6eed470a94015d2996028f4b68,-6,94660.2,90000,0.0,0.0,0.0,0.0,5031.58,5400.0,459.675,94660.2,94660.2,0.0,0,0.0,0.0,1.0,Active
54,2bdda295629cb7629c3cf44e5de0f8f3,813bf8a8b3d3d8e4afb4201c2d96df66,-6,0.0,0,0.0,0.0,0.0,0.0,0.0,164.385,0.0,0.0,0.0,0.0,0,0.0,0.0,9.0,Active
55,2faff7b5d62106aa6101189d6e4c8eb6,b142d63aaa00be8d35d6450ebb03751f,-6,0.0,0,0.0,0.0,0.0,0.0,0.0,41.355,41.355,0.0,0.0,0.0,0,0.0,0.0,6.0,Active
56,31a62a478143df10b1e75492db5d1fdf,76266dcd847c2161474190f1c2331c80,-6,0.0,225000,0.0,0.0,0.0,0.0,0.0,0.0,0.0,0.0,0.0,0.0,0,0.0,0.0,0.0,Active
57,321c516a63557cf106bc5b3cb84969cb,0e047e6f9b139b1020d06daf86c7ec1a,-6,0.0,0,0.0,0.0,0.0,0.0,0.0,0.0,0.0,0.0,0.0,0.0,0,0.0,0.0,5.0,Active
58,32877bc9f7e1839794161db2bdb451cd,1c8f82e7a40fa313da6b087b1d17b0f2,-6,0.0,0,0.0,4.23,0.0,0.0,0.0,0.0,0.0,0.0,0.0,0.0,0,0.0,0.0,9.0,Completed
59,329bdb3db756b841ed8061177be19c81,80479fefbbf5f893e3ced4401f6deb49,-6,0.0,45000,0.0,0.0,0.0,0.0,0.0,464.895,0.0,0.0,0.0,0.0,0,0.0,0.0,42.0,Active
60,330eedec6a9cf0872a5b2c2fc5f0ba59,ff07b6333d4fb38485626fed021fd0f5,-6,190339.0,450000,92250.0,177148.0,0.0,84898.2,1345.5,0.0,0.0,184916.0,184916.0,4.0,8,0.0,4.0,19.0,Active
61,33fb9fe32a9c9f7d949f8ff4cf3bf00a,11fb17f45a15c1e1f011f934eef3cec5,-6,0.0,0,0.0,0.0,0.0,0.0,0.0,149.4,0.0,0.0,0.0,0.0,0,0.0,0.0,37.0,Active
62,34547c7a979fee1f49870a6b2c131bea,d8c9a0a4158217ac87bc3eb965284351,-6,0.0,45000,0.0,0.0,0.0,0.0,0.0,0.0,0.0,0.0,0.0,0.0,0,0.0,0.0,44.0,Completed
63,352cc6d853ec8c8c49413e8a41c43332,8863fdaa6aa1779843a141370c059bce,-6,0.0,540000,0.0,0.0,0.0,0.0,0.0,0.0,0.0,0.0,0.0,0.0,0,0.0,0.0,0.0,Active
64,38027ebd59e7c2614201a9ad29d91f33,95906a7ff6ab285d18cca1c03ad75ac9,-6,0.0,900000,0.0,0.0,0.0,0.0,0.0,0.0,0.0,0.0,0.0,0.0,0,0.0,0.0,0.0,Active
65,381f86c155f64ba4f83a5cfc6717aa1c,40984688923e2dee35af3d4a53154e2a,-6,0.0,0,0.0,0.0,0.0,0.0,0.0,2383.43,2383.43,0.0,0.0,0.0,0,0.0,0.0,19.0,Active
66,388607422ad5f94f5f8c087b4cbf8140,ea2ccb9ddaf091cf53ddffb56765ca3a,-6,94647.7,135000,0.0,13035.8,0.0,13035.8,6907.0,20831.1,15818.9,94647.7,94647.7,0.0,4,0.0,4.0,9.0,Active
67,3a7045b31ea5cd59c77adcbfa66b8b7c,4380fa7c636200aab7b88beda2ca97d9,-5,0.0,270000,0.0,0.0,0.0,0.0,0.0,0.0,0.0,0.0,0.0,0.0,0,0.0,0.0,0.0,Active
68,3aa8efdca16b5af26e65fdfcc5fdadf0,44e58500722f0bad2d143c41509aaf11,-6,0.0,45000,0.0,0.0,0.0,0.0,0.0,580.23,450.0,0.0,0.0,0.0,0,0.0,0.0,51.0,Active
69,3b7c859bed08a46c5637dc47550ad037,428c7f04b4fe29834de410b75c7b7d91,-6,0.0,45000,0.0,0.0,0.0,0.0,0.0,447.075,0.0,0.0,0.0,0.0,0,0.0,0.0,51.0,Active
70,3bbbd9e7ff603cd1d6b1d3f836a675a4,a5b214bc717a82dbb64bf38e66000521,-5,0.0,135000,0.0,0.0,0.0,0.0,0.0,0.0,0.0,0.0,0.0,0.0,0,0.0,0.0,0.0,Active
71,3ca9eb235037578e2df50f335eb50537,e527cae9f8ad800d292023819fdbdb0f,-6,0.0,0,0.0,0.0,0.0,0.0,0.0,268.38,0.0,0.0,0.0,0.0,0,0.0,0.0,20.0,Active
72,3cab81b91e62944b5903213c350f9e4d,4428a205c547ab15ac5fea635b2169c0,-6,0.0,0,0.0,0.0,0.0,0.0,0.0,0.9,0.9,0.0,0.0,0.0,0,0.0,0.0,15.0,Active
73,3d203aba63594ee5cd07b9e8ff7959b6,2e1e58f6038424f4345703d840dd7260,-6,0.0,900000,0.0,0.0,0.0,0.0,0.0,0.0,0.0,0.0,0.0,0.0,0,0.0,0.0,0.0,Active
74,3d4e4361ac11e61fac47a8e4b193beea,89b9aeb816a66eddcc7ffc6a351c35b7,-6,0.0,900000,0.0,0.0,0.0,0.0,0.0,0.0,0.0,0.0,0.0,0.0,0,0.0,0.0,0.0,Active
75,3e7cafcc5e43bc59f37fbf4beefcff00,acd781df9a0b7370ce143bbe7c7c134a,-6,0.0,292500,0.0,0.0,0.0,0.0,0.0,0.0,0.0,0.0,0.0,0.0,0,0.0,0.0,0.0,Active
76,44831bbf1d1453578816a813346aa14a,fe8c729672daad8f449934c6e884d98b,-6,213855.0,405000,13500.0,28516.5,0.0,15016.5,11279.6,27390.3,15940.2,210714.0,210714.0,3.0,6,0.0,3.0,7.0,Active
77,46c4d97c7f84faabe299350cb33f6e4d,64a3019647f04f1f16bb9dfcee2fbd67,-6,235791.0,675000,4500.0,13609.0,0.0,9108.99,33282.9,462375.0,450138.0,232750.0,232750.0,1.0,6,0.0,5.0,11.0,Active
78,474e69da1d341262cb3c9363e974ee5e,97a31522b7aec662636a26cc5ae625c5,-6,0.0,765000,0.0,0.0,0.0,0.0,0.0,0.0,0.0,0.0,0.0,0.0,0,0.0,0.0,0.0,Active
79,478bca4c35ccc8d159f5dd44187ffe8e,f4ded104a7651af8d6664d044c3d54d3,-6,0.0,0,0.0,0.0,0.0,0.0,0.0,1373.81,0.0,0.0,0.0,0.0,0,0.0,0.0,26.0,Active
80,48286e24643bcffbe5bf8999b648f8b9,9762cfa06f2517e022e9d74181095172,-6,0.0,135000,0.0,0.0,0.0,0.0,0.0,0.0,0.0,0.0,0.0,0.0,0,0.0,0.0,0.0,Active
81,49040d906f98d880d95b96551a5f5178,ce44e22e7554ffe72c3258a9d18613bd,-6,0.0,180000,0.0,0.0,0.0,0.0,225.0,3089.25,3089.25,0.0,0.0,0.0,0,0.0,0.0,3.0,Active
82,493b9da2fdf23ad30acd63ade0395fdc,0b1c9f482ff9315fd1852105643b616a,-6,0.0,45000,0.0,0.0,0.0,0.0,0.0,0.0,0.0,0.0,0.0,0.0,0,0.0,0.0,0.0,Active
83,4bb96041af9e0dc9d087638034de013f,49ae57e3370a550b6b310174741a3335,-6,315376.0,315000,0.0,2971.8,0.0,2971.8,16137.7,18000.0,18000.0,315376.0,315376.0,0.0,4,0.0,4.0,5.0,Active
84,4c060e6ad8250ace0ee4f19d16f455e7,feefefb5d192f15ef5a094830664a3af,-6,0.0,225000,0.0,0.0,0.0,0.0,0.0,0.0,0.0,0.0,0.0,0.0,0,0.0,0.0,0.0,Active
85,4c649447db2fd7f8aea8bb4633f056e7,e245b5a586ba68a4205119825740c982,-6,0.0,135000,0.0,0.0,0.0,0.0,0.0,0.0,0.0,0.0,0.0,0.0,0,0.0,0.0,0.0,Active
86,4cb29138f53220fb25b0f40ad8ee6000,18f544b1cf245f3eea2e6f5cccecb2d1,-6,0.0,45000,0.0,0.0,0.0,0.0,0.0,0.0,0.0,0.0,0.0,0.0,0,0.0,0.0,0.0,Active
87,4cde13b5e29ef2058bf723a63924ca54,acf0c4c235ede89b32acce3eaeb08e72,-6,0.0,0,0.0,0.0,0.0,0.0,0.0,0.0,0.0,0.0,0.0,0.0,0,0.0,0.0,0.0,Active
88,4db2aff91888b64ffde8ed54714d2d73,ac6b1b369e75344515b31c6b0dff386c,-6,0.0,360000,0.0,0.0,0.0,0.0,0.0,0.0,0.0,0.0,0.0,0.0,0,0.0,0.0,0.0,Active
89,4dd7f5fc616aeb0f5a0792a6332c3667,9113b77cc7e0fd5b50195b9529009f47,-6,0.0,180000,0.0,0.0,0.0,0.0,0.0,0.0,0.0,0.0,0.0,0.0,0,0.0,0.0,0.0,Active
90,4e2f3a7d60fc49e92674e2d6e919d0ed,d51bc9bde185fc581069ab07d66c8c83,-6,0.0,900000,0.0,0.0,0.0,0.0,0.0,0.0,0.0,0.0,0.0,0.0,0,0.0,0.0,0.0,Completed
91,4e4b7aef37d0086187f891ea388ed587,556cbb42bd60a908e51c7d9b9cc54648,-6,0.0,45000,0.0,0.0,0.0,0.0,0.0,0.0,0.0,0.0,0.0,0.0,0,0.0,0.0,0.0,Active
92,4e881799bcfaeb2369668860ea09068d,f726c5b1e45173ad0b3a995d37326c41,-6,0.0,180000,0.0,0.0,0.0,0.0,0.0,0.0,0.0,0.0,0.0,0.0,0,0.0,0.0,0.0,Active
93,4eaef266eac38c0fa7bbd3673c829a30,00ce88f12473321c287738ddabb343bc,-6,146083.0,135000,49500.0,78138.0,0.0,28638.0,9450.0,9450.0,9450.0,141502.0,141502.0,3.0,6,0.0,3.0,48.0,Active
94,4f21d6d0aef77fe61eaf268f818f0793,a87d22307ee989e11f50e742a363fef8,-6,64.98,0,0.0,0.0,0.0,0.0,0.0,0.0,0.0,64.98,64.98,0.0,0,0.0,0.0,47.0,Active
95,4f82f5e41cf9b7f0c4c5a2562d152440,39248118de1a1fb4a0aba783aed53846,-6,0.0,0,0.0,0.0,0.0,0.0,0.0,12540.7,0.0,0.0,0.0,0.0,0,0.0,0.0,26.0,Active
96,4fa9428be9a447865b02bf3740503ea0,d814e52033423e54a971e711650cc45a,-6,190030.0,202500,0.0,33394.5,0.0,33394.5,9273.83,19350.0,8980.92,190030.0,190030.0,0.0,7,0.0,7.0,3.0,Active
97,505d64115daf761ed3d847f340440d62,f516eafeccecfb7a3771941e5c91e57c,-6,0.0,90000,0.0,0.0,0.0,0.0,0.0,0.0,0.0,0.0,0.0,0.0,0,0.0,0.0,0.0,Active
98,511f5f6683ff5043cd1e8623722038be,f0b8ea4ea18e9a9fd7a2686d4c84b534,-6,0.0,45000,0.0,0.0,0.0,0.0,0.0,0.0,0.0,0.0,0.0,0.0,0,0.0,0.0,0.0,Active
99,523777eba1af0a28c869860154094967,7b97e076d25ac66d1ede6b2f798831b2,-3,0.0,45000,0.0,0.0,0.0,0.0,0.0,0.0,0.0,0.0,0.0,0.0,0,0.0,0.0,0.0,Active
100,52e16003892fad99d5cbc6541dd98118,e981d77ffe857a875a2dd41cedd644af,-6,245933.0,427500,0.0,54755.9,0.0,54755.9,10726.5,46308.7,46308.7,245262.0,245262.0,0.0,18,0.0,18.0,10.0,Active
101,548e1e31de1bdc7996d4798cfd4187af,190c6ea5c6822c91b329bee93538eaf7,-6,0.0,135000,0.0,0.0,0.0,0.0,0.0,0.0,0.0,0.0,0.0,0.0,0,0.0,0.0,0.0,Active
102,54ce67286793cc87b027da00f4e72a18,6e2508334540a668fdb71f2d834ceb2e,-6,0.0,450000,0.0,0.0,0.0,0.0,12233.0,254659.0,252409.0,0.0,0.0,0.0,0,0.0,0.0,25.0,Active
103,56423cb24f17f8cb6dec275dcf5d4474,d435cedc090d828dbf5b18db81fdfb42,-6,0.0,45000,0.0,0.0,0.0,0.0,0.0,199.665,0.0,0.0,0.0,0.0,0,0.0,0.0,50.0,Active
104,568aa0948e1a2dd0b4c3c75261c3d351,a9417884df5b0c72754a5ceed49db113,-6,0.0,45000,0.0,0.0,0.0,0.0,0.0,0.0,0.0,0.0,0.0,0.0,0,0.0,0.0,5.0,Completed
105,57d72ff8d039e743050884ae52f8b4e7,36b1b31474a48b6b3f56f4537cda070e,-4,0.0,225000,0.0,0.0,0.0,0.0,0.0,0.0,0.0,0.0,0.0,0.0,0,0.0,0.0,0.0,Active
106,581cf727f46a742ba244beffbf4d81bf,b735d1f4714f5a0d8dfe0ee2d053fb5b,-6,439079.0,450000,0.0,9488.7,0.0,9488.7,22095.8,45450.0,22588.6,439079.0,439079.0,0.0,2,0.0,2.0,29.0,Active
107,583bbb91864b26d6bd18ef3c62a5eeea,1abc0931147b29da5a9d0037064040d7,-6,0.0,45000,0.0,0.0,0.0,0.0,0.0,2.295,0.0,0.0,0.0,0.0,0,0.0,0.0,59.0,Active
108,588e9feaa2c792cc7c72e66c4b233353,69bc7e82a749de713eb4f0c556a0dbed,-5,0.0,135000,0.0,0.0,0.0,0.0,0.0,0.0,0.0,0.0,0.0,0.0,0,0.0,0.0,0.0,Active
109,58eb9a9d74dffeb6ac7885c8c5505f83,e1d1529415a4a3a1ac1472dfbddbf978,-6,0.0,0,0.0,0.0,0.0,0.0,0.0,0.0,0.0,0.0,0.0,0.0,0,0.0,0.0,0.0,Active
110,59496b34839fa7f29e619e64b525766a,3b9f619677296d11b21f1c7d961bb1a5,-6,0.0,45000,0.0,0.0,0.0,0.0,0.0,612.27,0.0,0.0,0.0,0.0,0,0.0,0.0,56.0,Active
111,5d5a7cb55990893fb968883a89d2c193,988571bc9d12829a5aaaa6eb489f79a7,-6,192887.0,315000,0.0,7649.73,0.0,7649.73,9426.06,9900.0,9900.0,191767.0,191767.0,0.0,3,0.0,3.0,9.0,Active
112,5e0f6abe60a3667a4c38c00de242aee7,058724a384dd7f8103a6022b29271e25,-6,51286.9,45000,31500.0,45608.9,0.0,14108.8,225.0,0.0,0.0,45558.5,45558.5,3.0,19,0.0,16.0,3.0,Active
113,5ede14a7cecc91904a9127aedf976388,223f1206fdb2d5b6c7aa696e04b8a80c,-6,0.0,0,0.0,0.0,0.0,0.0,0.0,0.0,0.0,0.0,0.0,0.0,0,0.0,0.0,11.0,Completed
114,5fbb217ec4488f5badfd9522537890f2,f7325c0a26b8bc18176c4204c981c959,-6,0.0,0,0.0,0.0,0.0,0.0,0.0,0.0,0.0,0.0,0.0,0.0,0,0.0,0.0,12.0,Completed
115,60344e9d7c052e109fba4fdefd4d1acc,89972f5824819c49221e419195e2cc97,-6,175177.0,225000,0.0,0.0,0.0,0.0,9076.91,13500.0,13500.0,173212.0,173212.0,0.0,0,0.0,0.0,3.0,Active
116,61522aeff59e940a0f2870fd15175296,6fb01266b10f94164770b21a86637d39,-6,0.0,135000,0.0,0.0,0.0,0.0,0.0,0.0,0.0,0.0,0.0,0.0,0,0.0,0.0,0.0,Active
117,6174fa4c61bd70c80b6bb8f2e5dbe1cf,6739dbd11f3e5843ae94e74156697b36,-6,0.0,0,0.0,0.0,0.0,0.0,0.0,0.0,0.0,0.0,0.0,0.0,0,0.0,0.0,2.0,Active
118,61cd0da9cef8de7f8ea2194f679e5de1,8392e574fed28a724f059d4db8bcf879,-6,186275.0,180000,0.0,4005.0,0.0,4005.0,9271.71,9450.0,9450.0,186275.0,186275.0,0.0,9,0.0,9.0,11.0,Active
119,633376a8de8fa57789ed44aa6a39be6e,902c50311f8dd3c27a7be40b61adff8a,-6,0.0,112500,0.0,0.0,0.0,0.0,0.0,0.0,0.0,0.0,0.0,0.0,0,0.0,0.0,0.0,Active
120,6413d56e6bf365c98460b7e31e8c412d,9a41b45eddfd40bf710f86fbd336ef29,-6,111619.0,135000,0.0,0.0,0.0,0.0,6408.94,20250.0,20250.0,111619.0,111619.0,0.0,0,0.0,0.0,86.0,Active
121,656053e043d18d97120aebbcd76caa3a,50621139ae13d1cf10ecdd00717f5bad,-6,0.0,765000,0.0,0.0,0.0,0.0,0.0,0.0,0.0,0.0,0.0,0.0,0,0.0,0.0,0.0,Active
122,6659294e64fffd197aba5965df3a14d6,480f9d78ddbd48e5cb434e5c113618fb,-6,143161.0,337500,22500.0,22500.0,0.0,0.0,6013.89,6750.0,6750.0,139880.0,139880.0,1.0,1,0.0,0.0,1.0,Active
123,67f25730fdf4c0022934f0e8fdd3fb15,e33f66f35c4c7cc7f25674cd9e2dee72,-6,266.805,45000,0.0,0.0,0.0,0.0,0.0,0.0,0.0,266.805,266.805,0.0,0,0.0,0.0,24.0,Active
124,68a758feff60c72edb33cd93e37d5e93,b1ba335bc1f4dbabab1b687e7e5c93ff,-6,0.0,90000,0.0,0.0,0.0,0.0,0.0,0.0,0.0,0.0,0.0,0.0,0,0.0,0.0,0.0,Active
125,692a8b41eb3f461ea72edc030a015f80,ccea0137c71389b6c1f0257ea141849e,-6,0.0,90000,0.0,0.0,0.0,0.0,0.0,0.0,0.0,0.0,0.0,0.0,0,0.0,0.0,0.0,Active
126,69c75daeb6e7cbf76a0f6b092e91fc58,3c179f17887781178c89650024fb7d28,-6,114404.0,135000,0.0,0.0,0.0,0.0,6047.5,5940.0,9.18,114404.0,114404.0,0.0,0,0.0,0.0,6.0,Active
127,6a9dbd53f8da96e923856fc0ff210363,52befe4e66290bce6f1bedc105bc77d3,-6,0.0,45000,0.0,0.0,0.0,0.0,0.0,427.5,427.5,0.0,0.0,0.0,0,0.0,0.0,39.0,Active
128,6b136c4fc75d0061e2c4c7d863d343aa,6b8692bc7509d5a3e263ac926491b65e,-6,0.0,45000,0.0,0.0,0.0,0.0,0.0,7.425,0.0,0.0,0.0,0.0,0,0.0,0.0,46.0,Active
129,6b57dd921d4ec26895e9a2622fcee8ec,5c6ef9e483ca2cf74d67754c8fe4a5c4,-6,0.0,0,0.0,0.0,0.0,0.0,0.0,0.0,0.0,0.0,0.0,0.0,0,0.0,0.0,0.0,Active
130,6bc28eb4501e1f533a4a33bc7d473b6a,67cf55843a3fa94bf7d349ff5b3807e9,-6,435516.0,445500,0.0,0.0,0.0,0.0,22156.5,22500.0,22500.0,435516.0,435516.0,0.0,0,0.0,0.0,41.0,Active
131,6c30a19536f15b63fda108912ecefea0,7020dfe137c41969c790e1542f056c40,-6,0.0,315000,0.0,0.0,0.0,0.0,0.0,169.92,169.92,0.0,0.0,0.0,0,0.0,0.0,2.0,Active
132,6cd061ab037678edeec3779b3f466027,9452d6aa811a860b6f5d74d7e7150ad4,-6,221790.0,225000,0.0,1368.54,0.0,1368.54,11386.9,11475.0,11475.0,221790.0,221790.0,0.0,1,0.0,1.0,19.0,Active
133,6ef70fbb4d46a9db2c193c7154dd3658,490165fb60daae41b2bdb79cb5e5e9ab,-6,47179.8,45000,15750.0,15750.0,0.0,0.0,2250.0,9000.0,9000.0,47179.8,47179.8,1.0,1,0.0,0.0,69.0,Active
134,6f212ef0534f4f25794cb04c1b1c404f,d6a1a86a06e6f0321abde019bc382fee,-6,0.0,135000,0.0,3641.4,0.0,3641.4,889.515,2309.45,2309.45,0.0,0.0,0.0,2,0.0,2.0,5.0,Active
135,6fb51af069872e2bd7f387d65701aa63,b35c8baebe2fad34e442c8b15b9d1f11,-6,23581.7,900000,0.0,25138.2,0.0,25138.2,2250.0,2619.81,2619.81,23581.7,23581.7,0.0,4,0.0,4.0,6.0,Active
136,6fca2e067e636a22146e64b6f2343467,f676abc78e5c3dca6b4e2e8b21af3b12,-6,0.0,0,0.0,0.0,0.0,0.0,0.0,256.41,0.0,0.0,0.0,0.0,0,0.0,0.0,5.0,Active
137,7115703793e536070cba65f37eea393c,62ec7187211677df8840419ad825954b,-6,782287.0,765000,0.0,0.0,0.0,0.0,39073.1,40500.0,40500.0,775746.0,775746.0,0.0,0,0.0,0.0,23.0,Active
138,731882677bab2bb98582c13646921ad9,55db8ff0949fe8336352c965b4bc5dd4,-6,118763.0,139500,0.0,0.0,0.0,0.0,6128.55,19800.0,19800.0,118763.0,118763.0,0.0,0,0.0,0.0,6.0,Active
139,7465ce3457ff132842b3607c058bbe92,88e409135a723962d0c318783e2428d8,-3,0.0,135000,0.0,0.0,0.0,0.0,0.0,0.0,0.0,0.0,0.0,0.0,0,0.0,0.0,0.0,Active
140,74dfebff85d36ec099ddec7f6711add9,9fe647c1940daec734616ae9085da74f,-6,192281.0,720000,0.0,87437.2,0.0,87437.2,7192.94,45685.3,37457.6,192281.0,192281.0,0.0,12,0.0,12.0,6.0,Active
141,756ec14796c631fa194bc1bd775ad8cc,b862fe759685d6ff1209c752a9fb3271,-6,0.0,0,0.0,0.0,0.0,0.0,0.0,495.0,495.0,0.0,0.0,0.0,0,0.0,0.0,10.0,Active
142,764414045f332e127eb5849a15a35cae,3aa745c6294e7c168710b77dd2d7e282,-6,0.0,0,0.0,0.0,0.0,0.0,0.0,0.0,0.0,0.0,0.0,0.0,0,0.0,0.0,0.0,Active
143,76e4d9c9ad46e2ac78a80289f92bdf54,6a9a38fb99f040965a1d28d4f4c288f5,-5,0.0,270000,0.0,0.0,0.0,0.0,0.0,0.0,0.0,0.0,0.0,0.0,0,0.0,0.0,0.0,Active
144,777552b773a9efe4bc64cc5d6646c7eb,de985a9db55c6de3c5ed0f2c0d91eb5c,-6,0.0,450000,0.0,0.0,0.0,0.0,0.0,0.0,0.0,0.0,0.0,0.0,0,0.0,0.0,0.0,Active
145,7867fa80a807943a8eab25cebf934e57,c660aaa0943936a3557041ec1d04aa5f,-6,0.0,67500,0.0,0.0,0.0,0.0,0.0,0.0,0.0,0.0,0.0,0.0,0,0.0,0.0,49.0,Completed
146,7963226580f4b70bff3bd057559027bc,4c1640a659f92c382fabfe50844d8441,-6,0.0,135000,0.0,0.0,0.0,0.0,0.0,0.0,0.0,0.0,0.0,0.0,0,0.0,0.0,0.0,Active
147,7a80d7cd89b7e5378e29ea8d624c392f,fffec66d5fd292d6adfa5d4876201a71,-6,0.0,0,0.0,0.0,0.0,0.0,0.0,0.0,0.0,0.0,0.0,0.0,0,0.0,0.0,0.0,Active
148,7b7802520e17c16ba705dc4a248520f8,e376460f87de1db187c34532f6f11159,-6,61646.4,202500,0.0,0.0,0.0,0.0,3241.75,4500.0,4500.0,61646.4,61646.4,0.0,0,0.0,0.0,5.0,Active
149,7be482781f6e8737d77fd8760de2598f,ae8300244ca1bf34374a574b905a88fa,-6,89314.1,90000,0.0,0.0,0.0,0.0,4865.27,4950.0,4950.0,89314.1,89314.1,0.0,0,0.0,0.0,2.0,Active
150,7c7a79015601a4d328502fda8ed1578b,c15b1476caff741a594d22a4ec11dbdf,-6,0.0,0,0.0,0.0,0.0,0.0,0.0,0.0,0.0,0.0,0.0,0.0,0,0.0,0.0,8.0,Completed
151,7cfaf0f098878c968c5e05f17f374ebc,e4ba436c56ffdd354762f11b65a318c1,-6,0.0,0,0.0,0.0,0.0,0.0,0.0,4.5,0.0,0.0,0.0,0.0,0,0.0,0.0,15.0,Active
152,7d751b729bc1b0832a9e169aa38125b6,22be411030d0321307a2fc5658c1fb6f,-6,0.0,0,0.0,0.0,0.0,0.0,0.0,0.0,0.0,0.0,0.0,0.0,0,0.0,0.0,0.0,Active
153,7db0de1a11205daeaa504a93b478db0d,d96944dc61d67d3739a7e0a44a542de3,-6,512011.0,900000,0.0,144218.0,0.0,144218.0,20066.8,25286.5,25286.5,512011.0,512011.0,0.0,22,0.0,22.0,11.0,Active
154,7f0875e7be2b1446a8e117c8312365a6,fc9741fd693c6dbe3752ef68eb3e0572,-6,225983.0,315000,0.0,69475.0,0.0,69475.0,9572.26,15721.8,15721.8,225983.0,225983.0,0.0,26,0.0,26.0,4.0,Active
155,7f7c770fc4859526fd2c56b3cb5de73d,ea39269f0142908541395920f74b573e,-6,0.0,45000,0.0,0.0,0.0,0.0,0.0,1.935,0.0,0.0,0.0,0.0,0,0.0,0.0,47.0,Active
156,80aaaa38b6eaafabed9bffed6ab15d5c,b0b68bf7377a443e8fd453b6a632018d,-6,0.0,0,0.0,0.0,0.0,0.0,0.0,331.695,0.0,0.0,0.0,0.0,0,0.0,0.0,11.0,Active
157,82099d33d92441c5159d1aa3b70e9670,e3d031e1444bffcf696fda9235da41c7,-6,0.0,0,0.0,0.0,0.0,0.0,0.0,222.93,0.0,0.0,0.0,0.0,0,0.0,0.0,21.0,Active
158,838acbd62e6f33752096f30e0ca68aac,cc89d220b264f61cd499d6d9717c784b,-6,310730.0,450000,0.0,0.0,0.0,0.0,17798.1,45000.0,27397.8,310730.0,310730.0,0.0,0,0.0,0.0,24.0,Active
159,849c3998f6425f2b04bfdaf2ea41ce45,ba00b308195f3e7018677f19775f2d6b,-6,0.0,90000,0.0,0.0,0.0,0.0,0.0,613.89,613.89,0.0,0.0,0.0,0,0.0,0.0,11.0,Active
160,8637a3cb38a8e15a88b107262ace416f,ddd1a669578512d8dd13b6368288fed9,-6,42459.4,45000,0.0,0.0,0.0,0.0,2250.0,2250.0,2250.0,42459.4,42459.4,0.0,0,0.0,0.0,68.0,Active
161,8732de0e389bca3e5d65bdcc2a738d90,8135c1ebaa37cae8439c1a35a18f6dbf,-5,0.0,90000,0.0,0.0,0.0,0.0,0.0,0.0,0.0,0.0,0.0,0.0,0,0.0,0.0,0.0,Active
162,87a65c7f6cd468077a130ac980618ace,ce219adf5f91fa8732c2d9f6b12fa59c,-6,0.0,45000,0.0,0.0,0.0,0.0,0.0,0.0,0.0,0.0,0.0,0.0,0,0.0,0.0,0.0,Active
163,87f97138598cf1000d697c23fcff0159,e0e155c62a001627e7107faa109cfb2c,-5,184781.0,180000,16425.0,20594.5,0.0,4169.48,7670.16,21308.4,11184.2,179624.0,179624.0,3.0,4,0.0,1.0,3.0,Active
164,882daf577f9f81c01fbb0e0cdeac6088,2f4554785000f14840199da2c9cdaa38,-4,0.0,225000,0.0,0.0,0.0,0.0,0.0,0.0,0.0,0.0,0.0,0.0,0,0.0,0.0,0.0,Active
165,8877984a63c9640ad6a4dec3ef934719,e24aa5e7983202acc110f4a8288dac07,-6,0.0,0,0.0,0.0,0.0,0.0,0.0,0.0,0.0,0.0,0.0,0.0,0,0.0,0.0,1.0,Active
166,88bc8e4c598d233294385b72836ab725,c90d31d8b7fc90570d984f618f868c02,-5,0.0,180000,0.0,0.0,0.0,0.0,0.0,0.0,0.0,0.0,0.0,0.0,0,0.0,0.0,0.0,Active
167,89d20c7d58d61f169011c83b3f53e705,d85ecbe33c87ca6a641cd0f449a6f715,-6,0.0,135000,0.0,0.0,0.0,0.0,0.0,0.0,0.0,0.0,0.0,0.0,0,0.0,0.0,0.0,Active
168,89f87221f2fa5f284eea9c84efff08ab,fdd5ff17b6bf8133cedf72038a0a151e,-6,116285.0,765000,0.0,117153.0,0.0,117153.0,225.0,1092.73,1092.73,116285.0,116285.0,0.0,38,0.0,38.0,4.0,Active
169,8a123c9a261893c2c7141ddf375d809a,fa6b9e36e09113d31415bf8365e37e56,-6,270760.0,247500,0.0,0.0,0.0,0.0,13681.9,13950.0,13950.0,269331.0,269331.0,0.0,0,0.0,0.0,12.0,Active
170,8ad79d2c4ee200fd0a3d7f750fcb400c,1915bf8fcc9e371d1e25d92ef90bb164,-6,0.0,45000,0.0,0.0,0.0,0.0,0.0,36.63,0.0,0.0,0.0,0.0,0,0.0,0.0,59.0,Active
171,8b915efb2f78370333ac50e9f6fda2fa,453f9d10ed4d3ae092bff25f64e23fad,-6,0.0,45000,0.0,0.0,0.0,0.0,0.0,222.75,0.0,0.0,0.0,0.0,0,0.0,0.0,22.0,Active
172,8beb21c1764146298fbe21ab6b2370e5,4532a94219bb802a808b2b98f6213e84,-6,0.0,900000,0.0,3.96,0.0,0.0,2250.0,4858.56,4858.56,0.0,0.0,0.0,0,0.0,0.0,15.0,Completed
173,8cf12c3bc4172509bbe75dce42da160d,50247e09b3fd4aa8e1d4d0e14a36c819,-6,0.0,135000,0.0,0.0,0.0,0.0,0.0,0.0,0.0,0.0,0.0,0.0,0,0.0,0.0,0.0,Active
174,8dcd664dee6717f0ee981e1c53293bf3,d1b7d6a8e04039a3dd962c7376e9d849,-6,169372.0,180000,10350.0,10350.0,0.0,0.0,8629.47,9450.0,9450.0,167801.0,167801.0,1.0,1,0.0,0.0,5.0,Active
175,8e7761d5caded5cade8a4398b8d5f8d2,cc467468b7fab91ffc53dad38b3b4b18,-6,0.0,45000,0.0,0.0,0.0,0.0,0.0,0.0,0.0,0.0,0.0,0.0,0,0.0,0.0,0.0,Active
176,8ff19d967f321d434e09400f7020cd8f,a5d6867bbc7d42ae69886134ecc6a3fa,-6,533059.0,495000,0.0,0.0,0.0,0.0,23243.2,23400.0,23400.0,528464.0,528464.0,0.0,0,0.0,0.0,1.0,Active
177,902ae8987d8c33529cf2891b2399a645,4796022d9af22a884b486d67126c678a,-6,0.0,135000,0.0,0.0,0.0,0.0,0.0,0.0,0.0,0.0,0.0,0.0,0,0.0,0.0,0.0,Active
178,91451f432b07c8d8e42d8b23ed422d1e,dc2af198ee5d9dd8c409398c4e40c7c6,-6,182922.0,225000,0.0,0.0,0.0,0.0,10945.7,13500.0,3162.82,182922.0,182922.0,0.0,0,0.0,0.0,16.0,Active
179,91af251207f880c7e95e95cac6346713,1594f4f0f94881b458dc9aa90b127c27,-6,226898.0,216000,15750.0,15750.0,0.0,0.0,11313.1,13500.0,13500.0,221448.0,221448.0,2.0,2,0.0,0.0,5.0,Active
180,935deb8eb90b6ad124390814bca8b1c0,89289e057cd466c19294e4fc48904d0b,-6,357953.0,450000,45000.0,59846.4,0.0,14846.4,15463.9,17150.8,17150.8,356608.0,356608.0,1.0,10,0.0,9.0,6.0,Active
181,93e6970fe1a62019a0df19b18aac2373,94444c9ea980451456647b253e40ad9f,-6,312009.0,900000,0.0,25236.0,0.0,25236.0,16263.8,45000.0,45000.0,312009.0,312009.0,0.0,1,0.0,1.0,23.0,Active
182,94b073bcf6fe7503ef412efce51726c9,8f9e07ff78cb4afde5a434b8f310763a,-4,0.0,247500,0.0,0.0,0.0,0.0,0.0,0.0,0.0,0.0,0.0,0.0,0,0.0,0.0,0.0,Active
183,94b4fa21147ca93a95a19cd3abfd34bb,8ec0ebd7e4d561f8c28cb3c8fc208744,-6,161.82,0,0.0,0.0,0.0,0.0,0.0,0.0,0.0,161.82,161.82,0.0,0,0.0,0.0,30.0,Active
184,94cfaff110fc9899a3a99fbea38735a4,2900594cdc01411593395ee0f3429bae,-6,0.0,0,0.0,0.0,0.0,0.0,0.0,0.0,0.0,0.0,0.0,0.0,0,0.0,0.0,0.0,Completed
185,950460b21a449f00e2d26567470e8235,7e275d8f51a6864fd5eceedf316fb1ad,-6,0.0,90000,0.0,0.0,0.0,0.0,0.0,0.0,0.0,0.0,0.0,0.0,0,0.0,0.0,0.0,Active
186,951cc306b3e90a203fa40bfee8f21345,032061d214b9ae5df05cce0f844391d5,-6,0.0,270000,0.0,0.0,0.0,0.0,0.0,0.0,0.0,0.0,0.0,0.0,0,0.0,0.0,0.0,Active
187,96e3c7b408865cbf571266a2c30ae5cc,45089f703f01a7cf0cd547c6b6bdb07f,-6,0.0,0,0.0,0.0,0.0,0.0,0.0,196.965,0.0,0.0,0.0,0.0,0,0.0,0.0,58.0,Active
188,96fc40629c98c5e70041df388f2bd112,ec944729d153e79fec02fcd369186254,-6,130.5,180000,0.0,0.0,0.0,0.0,9000.0,11636.4,0.0,0.0,0.0,0.0,0,0.0,0.0,59.0,Active
189,98111a81532e3003026e119076ffd0b9,6089dd5c0f5c3d235d6c5a42c75b5439,-5,0.0,135000,0.0,0.0,0.0,0.0,0.0,0.0,0.0,0.0,0.0,0.0,0,0.0,0.0,0.0,Active
190,998d9f9c579873b1d738668122a52170,2e70bf070356da04e5b8a52281267ce1,-6,46956.6,135000,0.0,0.0,0.0,0.0,2250.0,4532.17,4241.79,46984.8,46984.8,0.0,0,0.0,0.0,1.0,Active
191,99e1f63fe22a1243018a2532eec6c22f,4affee48a7aa9a5fa3bd635f6245f172,-6,0.0,0,0.0,0.0,0.0,0.0,0.0,0.63,0.63,0.0,0.0,0.0,0,0.0,0.0,2.0,Active
192,9b3909eac311a43f77fe0d5ef5c49523,8536aae8e41190f7873412d3a9b8f86f,-6,0.0,0,0.0,0.0,0.0,0.0,0.0,0.0,0.0,0.0,0.0,0.0,0,0.0,0.0,9.0,Active
193,a0c4f24a940e2fe01cafb2ec60d51d6c,3773029550255b75f59a03ce23f3105f,-6,0.0,45000,0.0,0.0,0.0,0.0,0.0,0.0,0.0,0.0,0.0,0.0,0,0.0,0.0,0.0,Active
194,a19127c48e02c6c2d16a328f5cb38c1d,be7f18a881a9832c216cb360668087b7,-6,0.0,0,0.0,0.0,0.0,0.0,0.0,229.5,229.5,0.0,0.0,0.0,0,0.0,0.0,1.0,Active
195,a2b76475bd47b89eb24080946629ab30,e9f242fd3be813228b8c5722e47d5621,-3,0.0,90000,0.0,0.0,0.0,0.0,0.0,0.0,0.0,0.0,0.0,0.0,0,0.0,0.0,0.0,Active
196,a2d05f5b3fd9b13a7e2384bd34f6e883,02fd1a7b963ed9d12fdf05694d861e1e,-6,0.0,450000,0.0,0.0,0.0,0.0,0.0,949.23,949.23,0.0,0.0,0.0,0,0.0,0.0,32.0,Active
197,a47976fc2c9c02e7bd963d022f080adb,d0f8ec3e416ee552b1241d0db8b058dc,-6,0.0,0,0.0,0.0,0.0,0.0,0.0,1462.14,0.0,0.0,0.0,0.0,0,0.0,0.0,23.0,Active
198,a57946db53cb831606cb5d7bd4719e6b,cfd09a8d230273cc7e684c9687b359e0,-6,0.0,45000,0.0,0.0,0.0,0.0,0.0,0.0,0.0,0.0,0.0,0.0,0,0.0,0.0,0.0,Active
199,a57a8a1178b3e2f02bbc4b8a26504d78,e3f6333fc00f630c6772584ad5afa957,-6,0.0,0,0.0,0.0,0.0,0.0,0.0,4.41,4.41,0.0,0.0,0.0,0,0.0,0.0,13.0,Active
200,a613d20807ab1699d07446e7925e1d1e,88104f4b6eb5dcb771ca33e052941e94,-6,0.0,0,0.0,0.0,0.0,0.0,0.0,4.275,4.275,0.0,0.0,0.0,0,0.0,0.0,9.0,Active
201,a64e327162b9d473ab68e6bcd468687b,51807fb2c098d5b863f2e2b6f9cf29fa,-6,0.0,765000,0.0,0.0,0.0,0.0,0.0,0.0,0.0,0.0,0.0,0.0,0,0.0,0.0,0.0,Active
202,a78b62df18d94e8b935aec3de0c6b2a7,7995542f1dabfd2ee9db48c9b17f6c35,-6,794069.0,900000,0.0,4564.12,0.0,4564.12,41106.8,45000.0,45000.0,794069.0,794069.0,0.0,1,0.0,1.0,9.0,Active
203,a8572a0a8de7d0652a40f08ad56f9b28,769cb90765409ce304bddfe3964a3368,-6,91067.8,135000,0.0,11250.0,0.0,11250.0,4108.54,4500.0,4500.0,91067.8,91067.8,0.0,3,0.0,3.0,63.0,Active
204,a9418d08cf70b3ab1559dd506d990b59,6376c48c445a666ce25698183ba03f5e,-6,0.0,585000,0.0,0.0,0.0,0.0,0.0,0.0,0.0,0.0,0.0,0.0,0,0.0,0.0,0.0,Active
205,aa206c16e8139512894cc78c298ca9f6,72e9d3d713aa8cd48f58280112718184,-6,0.0,135000,0.0,0.0,0.0,0.0,0.0,0.0,0.0,0.0,0.0,0.0,0,0.0,0.0,0.0,Active
206,acfc868f2cb6acc2332d03f20fe419a9,4fe909a11d3ec68f79e3b08d3d6dfa18,-6,246753.0,315000,45000.0,45000.0,0.0,0.0,11058.0,13500.0,13500.0,245407.0,245407.0,1.0,1,0.0,0.0,15.0,Active
207,ad0b63a17349b3cda49165d4bfe8be27,3cc4102ed28c0b19b78c1dab9470f382,-6,0.0,45000,0.0,0.0,0.0,0.0,0.0,71.19,0.0,0.0,0.0,0.0,0,0.0,0.0,50.0,Active
208,ad298b25e7f4f83e27b5cf17ca3355b7,c72ca6b5e19fa5746f629e30134092bf,-6,0.0,360000,0.0,0.0,0.0,0.0,0.0,3990.15,3990.15,0.0,0.0,0.0,0,0.0,0.0,12.0,Active
209,ad8b50b1b15420a0fab63944734163d1,4c78551cd4cb142ab8105038bbc8a96b,-6,0.0,45000,0.0,0.0,0.0,0.0,0.0,0.0,0.0,0.0,0.0,0.0,0,0.0,0.0,0.0,Active
210,b0655739fc54914bbdffec797bb93dd9,8b0fe32059ed9730aae9a4f640eda923,-6,0.0,0,0.0,0.0,0.0,0.0,0.0,0.0,0.0,0.0,0.0,0.0,0,0.0,0.0,0.0,Active
211,b2e59936466baaaddb1f92040c0846a4,b9fa22d60ef19361eea3d9e0382aa831,-6,0.0,0,0.0,0.0,0.0,0.0,0.0,0.0,0.0,0.0,0.0,0.0,0,0.0,0.0,25.0,Completed
212,b3ce5e7523a930aae5049bfb37b08251,d6a5fcc1de232be134258175fe5d8d63,-6,0.0,45000,0.0,0.0,0.0,0.0,0.0,0.0,0.0,0.0,0.0,0.0,0,0.0,0.0,0.0,Active
213,b41d2a11237bbd982e19038705a9dcaa,1f2930f9a9e86aea592fb5103daab2ab,-6,426036.0,427500,0.0,4764.6,0.0,4764.6,21668.4,22500.0,22500.0,426261.0,426261.0,0.0,4,0.0,4.0,71.0,Active
214,b427f4cb09d142aaa1572009ac6474c9,e3903aa15b94a1d8b27316e77721db77,-6,398095.0,405000,0.0,0.0,0.0,0.0,20510.4,22230.0,22230.0,398095.0,398095.0,0.0,0,0.0,0.0,35.0,Active
215,b4ae766b4164421e68c65e5eda124086,ffba9f93643ed758b9e8fa64b478deb2,-6,0.0,45000,0.0,0.0,0.0,0.0,0.0,0.0,0.0,0.0,0.0,0.0,0,0.0,0.0,0.0,Active
216,b5f4b0c1dee1ab92cd539621a4b8b5a2,1c3bc050bb09c4b5a8ec46db6a909a4f,-6,0.0,0,0.0,0.0,0.0,0.0,0.0,0.0,0.0,0.0,0.0,0.0,0,0.0,0.0,0.0,Active
217,b74651952ecaba8ceb5aed4af92570f4,ae57d67a84b9c07801c6ac5717abb103,-6,133361.0,180000,0.0,0.0,0.0,0.0,9000.0,9000.0,9000.0,133361.0,133361.0,0.0,0,0.0,0.0,91.0,Active
218,b8b9444f35421fb4d895237081126193,c79428b0966d9d0a20f97f5f1901f0cf,-6,0.0,180000,0.0,0.0,0.0,0.0,0.0,120.285,0.0,0.0,0.0,0.0,0,0.0,0.0,75.0,Active
219,ba08da773d073d5a8f6a6579c828764c,c21e7be5c77aec2178028d806b5d4497,-6,0.0,202500,0.0,0.0,0.0,0.0,0.0,0.0,0.0,0.0,0.0,0.0,0,0.0,0.0,0.0,Active
220,bbc68c5e1fd558e84e4525d2998fa375,0300620f2bb988030faa6f53b39223f5,-6,132824.0,135000,0.0,0.0,0.0,0.0,7317.72,9000.0,9000.0,132824.0,132824.0,0.0,0,0.0,0.0,6.0,Active
221,bc31a84fedbf8198e908f355ab9c0ee0,3878073949678d212228e96bdedbca3d,-6,0.0,0,0.0,0.0,0.0,0.0,0.0,11.565,0.0,0.0,0.0,0.0,0,0.0,0.0,2.0,Active
222,bca5b7ab14741127f46e83f499c21ac3,aac91721d95b05fd3e8062f6dc28c3e5,-6,126030.0,450000,67500.0,103188.0,0.0,35688.4,3797.5,3825.0,3825.0,124684.0,124684.0,2.0,16,0.0,14.0,9.0,Active
223,bef48095946f7f813d22075884f9b538,7ddcfbe77fa7ff72c4752dcdc9e8f134,-6,231373.0,225000,9900.0,9900.0,0.0,0.0,11279.7,11700.0,11700.0,228682.0,228682.0,2.0,2,0.0,0.0,7.0,Active
224,bf075016082b32d6998123865d5a7880,9099f4ae93445b902ce0133aeb1d175c,-6,206461.0,225000,13500.0,53175.7,0.0,39675.7,8307.86,23780.2,12154.8,206461.0,206461.0,1.0,5,0.0,4.0,2.0,Active
225,c03a140191745565ea0feafebf23b1ac,0a262892c9dd0cf573f0ea3c106da983,-6,271932.0,450000,168750.0,168750.0,0.0,0.0,13670.1,45000.0,45000.0,269241.0,269241.0,3.0,3,0.0,0.0,36.0,Active
226,c2bc4e61a746e5a76548e4020c4d7f63,b249dc984e07334cd7ec0da36d8d731d,-6,0.0,900000,0.0,0.0,0.0,0.0,0.0,0.0,0.0,0.0,0.0,0.0,0,0.0,0.0,0.0,Active
227,c3481894ab3564ad97f17e024205fd68,41a6c70007950473cc91021270d6e193,-6,0.0,0,0.0,0.0,0.0,0.0,0.0,0.0,0.0,0.0,0.0,0.0,0,0.0,0.0,0.0,Completed
228,c37907019e283cad3e68fddd52bc70f0,dac8e329b014d19737d03d78c6ce327b,-6,0.0,450000,0.0,0.0,0.0,0.0,0.0,81.54,81.54,0.0,0.0,0.0,0,0.0,0.0,26.0,Active
229,c4a3cdfcabe87eb6332f16026b5b2ad1,d3b1ecce1158e49617eb9ce06c19781e,-6,44438.5,135000,0.0,34417.9,0.0,34417.9,2250.0,18372.5,16122.5,44438.5,44438.5,0.0,24,0.0,24.0,7.0,Active
230,c50f2d9c08fc4d6fb186eaf4e8011e9b,eb26c927d48db64293c4c1ea54c7cc4c,-6,281948.0,405000,22500.0,22500.0,0.0,0.0,13248.0,13500.0,13500.0,281948.0,281948.0,1.0,1,0.0,0.0,39.0,Active
231,c5649413c683d4e80b49328eac8c421b,51f8930ade64908aeb07baf03c18dd63,-6,0.0,0,0.0,0.0,0.0,0.0,0.0,1.8,1.8,0.0,0.0,0.0,0,0.0,0.0,23.0,Active
232,c60c796826effb1cd1cd7cdda2542678,162d32e56990bd47bbcd0b4964043992,-6,0.0,45000,0.0,0.0,0.0,0.0,0.0,148.59,0.0,0.0,0.0,0.0,0,0.0,0.0,30.0,Active
233,c71b9b8b8b3be49447601a4a734043c0,5b15bd1070aa4cd68b132a82987bc69e,-4,0.0,247500,0.0,0.0,0.0,0.0,0.0,0.0,0.0,0.0,0.0,0.0,0,0.0,0.0,0.0,Active
234,c7f18738030d1fbea4d0b02ac4ea03e7,1671c70d818f3a960f864eac8a3a199f,-6,0.0,0,0.0,0.0,0.0,0.0,0.0,206.55,0.0,0.0,0.0,0.0,0,0.0,0.0,26.0,Active
235,c846ed9207ac99f11fb1e70a54b60c47,5e301b5dc8db00357c9d0c263b5d5d21,-6,0.0,180000,0.0,0.0,0.0,0.0,0.0,0.0,0.0,0.0,0.0,0.0,0,0.0,0.0,49.0,Active
236,c9d34e373c8a744d96debbe1a0a0e0dc,0a215a19677fcb69b4f4d5c1a56e1608,-6,0.0,0,0.0,0.0,0.0,0.0,0.0,817.83,0.0,0.0,0.0,0.0,0,0.0,0.0,78.0,Active
237,cbb8e190566b813cc0b190f3e6abbf2f,aa0faf03a3f6b6ec6b665c62aed42afe,-6,0.0,0,0.0,0.0,0.0,0.0,0.0,0.0,0.0,0.0,0.0,0.0,0,0.0,0.0,0.0,Completed
238,cca33ed60625aeff9218f5d49dcb3eaf,ca5a898425305e68bff79b0a24f9d4ef,-6,0.0,0,0.0,0.0,0.0,0.0,0.0,0.0,0.0,0.0,0.0,0.0,0,0.0,0.0,0.0,Active
239,ccb9465af57da7332260256d413babda,0c799143444a5dd1f9fe9214c1495d6c,-6,0.0,0,0.0,0.0,0.0,0.0,0.0,234.765,0.0,0.0,0.0,0.0,0,0.0,0.0,37.0,Active
240,cdde066ff9ed2e97df8bfefa0a315c39,56d6dc8d0eb409c7edfe06c3a3fa8f54,-6,0.0,0,0.0,0.0,0.0,0.0,0.0,297.18,297.18,0.0,0.0,0.0,0,0.0,0.0,11.0,Active
241,ce473b492f7bc9dd76ba7e3009609ad9,5a6b6bf00d122ba93cbb5627f67ad180,-6,0.0,90000,0.0,0.0,0.0,0.0,0.0,0.0,0.0,0.0,0.0,0.0,0,0.0,0.0,0.0,Active
242,ce93ebb3de877c50228ea8f0409a4081,4135db5eb9a99231d8d07cb7f5fd8f94,-6,0.0,0,0.0,0.0,0.0,0.0,0.0,404.145,0.0,0.0,0.0,0.0,0,0.0,0.0,35.0,Active
243,cfc2961a26784fcc6702c7a22243d21b,15fa469908344ca92b49c201d150edc5,-6,0.0,0,0.0,0.0,0.0,0.0,0.0,0.0,0.0,0.0,0.0,0.0,0,0.0,0.0,0.0,Active
244,d01b4b956174442c49cb78e542996ff3,9635892914fd6178dbda88a9688fb574,-6,0.0,180000,0.0,0.0,0.0,0.0,0.0,130.635,0.0,0.0,0.0,0.0,0,0.0,0.0,85.0,Active
245,d1761417186f13af13f4d0ece64d7d07,352738d80ee689e476665237ec39240b,-6,120365.0,135000,0.0,0.0,0.0,0.0,6749.06,14400.0,7749.77,120365.0,120365.0,0.0,0,0.0,0.0,27.0,Active
246,d26fcc3e918ce0cb75aa5169624905b9,83a54a9c23fa078768e3f298d1205f63,-6,0.0,0,0.0,0.0,0.0,0.0,0.0,0.0,0.0,0.0,0.0,0.0,0,0.0,0.0,4.0,Completed
247,d2744fce0947cdf5b12c8c62b0d07be6,a06493560c0f00f7da44758b56d03dae,-6,38802.3,45000,0.0,0.0,0.0,0.0,2262.15,4500.0,2250.0,38802.3,38802.3,0.0,0,0.0,0.0,9.0,Active
248,d2a4d517979835608abac9ea661005ab,89e9f74d3111af2ecd24247f0a291fed,-6,176304.0,180000,0.0,0.0,0.0,0.0,9291.51,18675.0,9520.88,176304.0,176304.0,0.0,0,0.0,0.0,4.0,Active
249,d49af2320ef6bc376b0e289a6f9b1cd1,9afa45f7b5b5a948f6da99e11e938db3,-6,321424.0,315000,0.0,0.0,0.0,0.0,16223.5,16425.0,16425.0,319052.0,319052.0,0.0,0,0.0,0.0,14.0,Active
250,d4d507ebbb932593d51a3804b4d72a8b,3c25b5e716c76f15b3bb96e2a5311e47,-6,121799.0,135000,0.0,513.0,0.0,513.0,6624.04,6760.26,6760.26,121799.0,121799.0,0.0,1,0.0,1.0,7.0,Active
251,d51f7df95b3f490a489352b849345c89,0a5d660a32b813962cc0278d761bbb8b,-6,0.0,0,0.0,0.0,0.0,0.0,0.0,131.985,0.0,0.0,0.0,0.0,0,0.0,0.0,54.0,Active
252,d539d28da5e37c2aa3ef9c4193d680bc,cfefbaba22605ec973adfae35d44fbbb,-6,0.0,45000,0.0,0.0,0.0,0.0,0.0,184.275,184.275,0.0,0.0,0.0,0,0.0,0.0,16.0,Active
253,d5eeff3512c6999d0d6ab565a0732f88,7af2cbf81b91ae9e03369f3872b93737,-6,759220.0,810000,45000.0,48211.2,0.0,3211.2,38982.1,45000.0,45000.0,756528.0,756528.0,2.0,3,0.0,1.0,21.0,Active
254,d64af71e5ebe2156398c15c0542eddbd,e2b05b3a56cfdabcd76b038f9b344004,-6,0.0,67500,0.0,0.0,0.0,0.0,0.0,0.0,0.0,0.0,0.0,0.0,0,0.0,0.0,38.0,Completed
255,d6b61b779d716b663ac4081ff80cdbd0,9c2ec20bfab56b0a13ae1f6a8a3cfe06,-6,0.0,45000,0.0,0.0,0.0,0.0,0.0,55.755,0.0,0.0,0.0,0.0,0,0.0,0.0,46.0,Active
256,d7015ce20e9b938a0888c678b1a76eda,19f24640d9da49f6f8b4c9938c049591,-6,468530.0,450000,0.0,16455.2,0.0,16455.2,31500.0,31500.0,31500.0,468174.0,468174.0,0.0,10,0.0,10.0,42.0,Active
257,d79d88e9a548bb022a87abed288184a4,84d5e05f377cb27aaf3304bcc565e95e,-6,42457.1,450000,0.0,0.0,0.0,0.0,2513.25,4500.0,4500.0,42457.1,42457.1,0.0,0,0.0,0.0,31.0,Active
258,d88bca7c85ed2c0428fb58c9439a91da,7830a48b7f78689bc6c0780d2f430ee2,-6,0.0,18000,0.0,6370.65,0.0,6370.65,2250.0,19771.3,19401.7,0.0,0.0,0.0,2,0.0,2.0,5.0,Active
259,d8eeca86d82d92aba518aae24e24496a,22886655f5f3c671ee074cd1ea207bc8,-6,0.0,45000,0.0,0.0,0.0,0.0,0.0,163.26,0.0,0.0,0.0,0.0,0,0.0,0.0,13.0,Active
260,d9f60a9f2634a3611b548877c305b27a,edef468db31b57df6e7f11dcff6e6913,-6,0.0,0,0.0,0.0,0.0,0.0,0.0,294.615,0.0,0.0,0.0,0.0,0,0.0,0.0,34.0,Active
261,da54417610906be4ef1e211af8a7ba76,edcc6f33f3e9164c332976ae1ea8fa86,-6,0.0,45000,0.0,0.0,0.0,0.0,0.0,2351.88,0.0,0.0,0.0,0.0,0,0.0,0.0,28.0,Active
262,da97b556d19e0bfbcea9514e59c79d6f,06d49c9bda8f2729d05773db264bba76,-6,0.0,270000,0.0,0.0,0.0,0.0,0.0,385.155,0.0,0.0,0.0,0.0,0,0.0,0.0,53.0,Active
263,daaafafdc8e9e3ca97f44e8e5bb9bac9,25a90c71697041a9ce1ecc47e7425e78,-5,169108.0,157500,0.0,0.0,0.0,0.0,8717.71,8730.0,8730.0,167988.0,167988.0,0.0,0,0.0,0.0,1.0,Active
264,db8ba57ab6fe9714fb024b61bca93df8,5c37cda8a89135b7df608385bdb5641d,-6,0.0,45000,0.0,0.0,0.0,0.0,0.0,0.0,0.0,0.0,0.0,0.0,0,0.0,0.0,0.0,Active
265,dc0403d1b4a61aec259859dfe7690a13,e334dbba1d8d21d75c5b0da9e3d6a9c3,-6,359004.0,495000,0.0,20496.2,0.0,20496.2,18501.8,19682.6,19682.6,359004.0,359004.0,0.0,2,0.0,2.0,5.0,Active
266,dc36ec48e2d2b8a0322f538a907a206e,4d57367cc5bf3714c2ed82957e446681,-6,0.0,270000,0.0,0.0,0.0,0.0,0.0,2.88,0.0,0.0,0.0,0.0,0,0.0,0.0,71.0,Active
267,dc8ba115a9bb073c95dac806bb891eaa,6e2bdcca7bc6760127adb2e642cb809e,-6,0.0,0,0.0,0.0,0.0,0.0,0.0,19.755,0.0,0.0,0.0,0.0,0,0.0,0.0,29.0,Active
268,dcc051d1011c325c3961ddd202062d7f,6d7b803fdeb4a1f9799f1e1ea0539d2a,-6,143234.0,157500,0.0,0.0,0.0,0.0,7226.37,7245.0,7245.0,142177.0,142177.0,0.0,0,0.0,0.0,10.0,Active
269,dd95667515aadd8a4a1d4b9de1df8a82,c2540d7f0c8d449fb00c5988777aee63,-6,0.0,202500,0.0,0.0,0.0,0.0,0.0,0.0,0.0,0.0,0.0,0.0,0,0.0,0.0,0.0,Active
270,ddcdddf699a0fed97a3e72953207bf33,7b742c3d0d43429520a7ea5a68ccc7d2,-6,456695.0,450000,11250.0,11250.0,0.0,0.0,22711.8,24750.0,24750.0,455349.0,455349.0,1.0,1,0.0,0.0,22.0,Active
271,de33295f7585c5a148ff012b01ff242f,6c9c992d8554755e872ba10a0f09afd2,-6,0.0,45000,0.0,0.0,0.0,0.0,0.0,120.645,0.0,0.0,0.0,0.0,0,0.0,0.0,49.0,Active
272,de673d31baeae5f044e0e13816fd6646,0cb16d20d82fdc71349e5e9d9eef5c9b,-6,0.0,0,0.0,0.0,0.0,0.0,0.0,222.75,222.75,0.0,0.0,0.0,0,0.0,0.0,16.0,Active
273,ded24d3d3b868644ebbc3dfff798cb12,3722406c6b95c731d5e2561b154314d3,-6,0.0,0,0.0,0.0,0.0,0.0,0.0,0.0,0.0,0.0,0.0,0.0,0,0.0,0.0,0.0,Active
274,e00fa87cabf8cb8a46fd640060f81d7a,3216ae5cc223910a83fa4118672f6a50,-6,0.0,202500,0.0,0.0,0.0,0.0,0.0,0.0,0.0,0.0,0.0,0.0,0,0.0,0.0,0.0,Active
275,e081b02f9d46b7e6de60beb4742303c0,9178957ca21849f19e6d38445ad62a82,-5,46192.0,135000,0.0,576.0,0.0,576.0,2295.68,2304.0,2304.0,45521.5,45521.5,0.0,2,0.0,2.0,3.0,Active
276,e0935056f2ef0fc328d44ab74137b46f,65d3a8285ceff81c53fecc8b14408dcb,-1,0.0,225000,0.0,0.0,0.0,0.0,0.0,0.0,0.0,0.0,0.0,0.0,0,0.0,0.0,0.0,Active
277,e305c96656327076dc69dfde0746e45b,be35e7ad3f71c97c7a5d65231d8d9e6b,-6,0.0,45000,0.0,0.0,0.0,0.0,0.0,60.75,60.75,0.0,0.0,0.0,0,0.0,0.0,3.0,Active
278,e3cb0afe3dbb0c8e27ff88a8af23e725,9663c203d5b4b551999f28b572b104c6,-6,0.0,0,0.0,0.0,0.0,0.0,0.0,0.0,0.0,0.0,0.0,0.0,0,0.0,0.0,28.0,Completed
279,e442e75a1555d2ac5e4e649cb44e1be6,09e7863ee933e30394f8b6261f6f54c3,-5,154908.0,270000,0.0,0.0,0.0,0.0,8557.56,24666.8,14660.0,154908.0,154908.0,0.0,0,0.0,0.0,2.0,Active
280,e492b13d741b0d2c358125a59c1eb845,57f44c7667b909ae167e5124a35a8c62,-6,103791.0,225000,0.0,104591.0,0.0,104591.0,2250.0,33993.4,33993.4,103791.0,103791.0,0.0,16,0.0,16.0,4.0,Active
281,e6827a0e396e51ddf8df9e76d72d5847,8a42629106a669f1b6e15cc5830fe643,-6,0.0,45000,0.0,0.0,0.0,0.0,0.0,0.0,0.0,0.0,0.0,0.0,0,0.0,0.0,0.0,Active
282,e7150a28e06267de0c8a0f4ee9a52fe4,4a49142ed24218f3567cbe48c834fce1,-6,93182.4,90000,0.0,1257.75,0.0,1257.75,4479.21,4643.28,4643.28,92511.9,92511.9,0.0,2,0.0,2.0,11.0,Active
283,e7c606624b060d4081a11d9b4c35a967,148010120d76cddd970e10eac25302c3,-6,83995.7,135000,0.0,0.0,0.0,0.0,4333.1,4500.0,4500.0,83995.7,83995.7,0.0,0,0.0,0.0,3.0,Active
284,e829ef65c088b7eac63bc2e15d941765,2f55b7ef1f7f99ab3854ad6f13985d6b,-6,223957.0,270000,0.0,0.0,0.0,0.0,13500.0,13500.0,13500.0,224182.0,224182.0,0.0,0,0.0,0.0,89.0,Active
285,e92af4ca8326bbff83f09932f1719f41,17066e9057a328285493dfc76ae09b18,-6,0.0,0,0.0,0.0,0.0,0.0,0.0,14.175,14.175,0.0,0.0,0.0,0,0.0,0.0,10.0,Active
286,ea19111ca4de0229181e889474a6e461,0d51ce8dde827c87c3d0215c37bc7964,-6,0.0,45000,0.0,0.0,0.0,0.0,0.0,828.63,828.63,0.0,0.0,0.0,0,0.0,0.0,5.0,Active
287,eaa282fc78d9423effdeefcbe3f3d996,0e0718e4950f96377b56fb9471d1f9fa,-6,0.0,0,0.0,0.0,0.0,0.0,0.0,171.09,0.0,0.0,0.0,0.0,0,0.0,0.0,52.0,Active
288,eaaff3d2cf6a125466d01f2910a9ae3b,b7dc968f4198edb650f83f3a0c5c9b83,-6,0.0,135000,0.0,0.0,0.0,0.0,0.0,0.0,0.0,0.0,0.0,0.0,0,0.0,0.0,0.0,Active
289,eafbe9e1c794c1fdaffb331aa3f6d415,cf8b304704f40c45cb4a3e73048a4f9a,-6,0.0,0,0.0,0.0,0.0,0.0,0.0,0.0,0.0,0.0,0.0,0.0,0,0.0,0.0,21.0,Completed
290,ebd3a231e48fa64b7b0ebfc192e1b6c3,13ac3c7481a4c8dc8373e95376e2e707,-6,0.0,67500,0.0,0.0,0.0,0.0,0.0,0.0,0.0,0.0,0.0,0.0,0,0.0,0.0,0.0,Active
291,ec7b70e7913305072cb8c8e4a717f5e6,77236e7ae928d957a77bc52cf1650863,-6,0.0,270000,0.0,0.0,0.0,0.0,0.0,22.185,22.185,0.0,0.0,0.0,0,0.0,0.0,26.0,Active
292,ed65392d7776c67a07f1fd7e0c94d7d1,e30eb9db4068f05202813a8f4aefd94b,-6,0.0,0,0.0,0.0,0.0,0.0,0.0,0.0,0.0,0.0,0.0,0.0,0,0.0,0.0,35.0,Completed
293,ee989d0e35bef961651bcc1f969fade1,d35270df44e59a92d1366af6215899d5,-6,144486.0,135000,0.0,0.0,0.0,0.0,7354.89,7425.0,7425.0,144486.0,144486.0,0.0,0,0.0,0.0,29.0,Active
294,eeee48eeb3cdcb8a048d3e846bcdb361,006015a860c262437f2a3534899aff43,-6,0.0,270000,0.0,0.0,0.0,0.0,0.0,0.0,0.0,0.0,0.0,0.0,0,0.0,0.0,0.0,Active
295,ef422969e9635cc7064ff445d3d71f37,af5de9eb7f32b2f49ec93e6629e7fccc,-6,702945.0,675000,13500.0,13500.0,0.0,0.0,34796.6,35928.2,35928.2,700254.0,700254.0,1.0,1,0.0,0.0,4.0,Active
296,f096486de662bdcca775efba905ca009,f06d4a46a1094c2afaae9db6fe244f1d,-6,0.0,45000,0.0,0.0,0.0,0.0,0.0,156.78,0.0,0.0,0.0,0.0,0,0.0,0.0,52.0,Active
297,f20d477bfa9a0b62ba439e97d84bd3ba,94fe25cd555559e55781758c8a3d9aca,-6,0.0,45000,0.0,0.0,0.0,0.0,0.0,0.0,0.0,0.0,0.0,0.0,0,0.0,0.0,0.0,Active
298,f2295dde7c64a127962f6834ca205dad,bc116ea5d5941a6c1e3db77d76685d7d,-6,0.0,0,0.0,0.0,0.0,0.0,0.0,0.0,0.0,0.0,0.0,0.0,0,0.0,0.0,0.0,Active
299,f2cc6655b32331112521e0ec16ad12bc,5638a4f3f2ebaf57c49ee3f2fd567421,-6,0.0,45000,0.0,0.0,0.0,0.0,0.0,0.0,0.0,0.0,0.0,0.0,0,0.0,0.0,0.0,Active
300,f3096e02de9742f128aef695fee0227a,87b6c433f30f29c84e72382cce175ae2,-6,0.0,225000,0.0,0.0,0.0,0.0,0.0,36.0,36.0,0.0,0.0,0.0,0,0.0,0.0,23.0,Active
301,f3331879cd9310317628d6ed401a01b9,f5021811fbf3d9503868c638d6a4287c,-6,0.0,45000,0.0,0.0,0.0,0.0,0.0,17.55,0.0,0.0,0.0,0.0,0,0.0,0.0,30.0,Active
302,f38a9c5eb2ff2d163aaa67977367c319,3bd04bbe5f7385c30c7a76c73e1aed30,-6,0.0,45000,0.0,0.0,0.0,0.0,0.0,0.0,0.0,0.0,0.0,0.0,0,0.0,0.0,26.0,Active
303,f508d4fdccc9eae07fee84394e42c438,9317c9e6db488e94df6dff74fa1b72b0,-6,0.0,0,0.0,0.0,0.0,0.0,0.0,1110.92,1110.92,0.0,0.0,0.0,0,0.0,0.0,5.0,Active
304,f58a303e024abf2294d0acff7d71acee,0b20240e582df119cec948ca10c0a872,-6,279883.0,270000,6750.0,6750.0,0.0,0.0,13596.7,13950.0,13950.0,278538.0,278538.0,1.0,1,0.0,0.0,16.0,Active
305,f5f06f7e3057ef8a6220b9810bb49c29,3fc55f77a68fb905a7215d7ff21e5792,-6,186739.0,180000,0.0,3502.53,0.0,3502.53,9312.48,3249.81,3249.81,184912.0,184912.0,0.0,2,0.0,2.0,6.0,Active
306,f707de591f20bb699ced2c4313631e4f,bec435523b0c4de19696349691fe8695,-6,0.0,0,0.0,0.0,0.0,0.0,0.0,780.345,0.0,0.0,0.0,0.0,0,0.0,0.0,9.0,Active
307,f718ddadb2f2ccf842594deafdc1971f,4b3f665caa7e075421b45f18c6f680da,-6,0.0,900000,0.0,0.0,0.0,0.0,0.0,0.0,0.0,0.0,0.0,0.0,0,0.0,0.0,0.0,Active
308,f808fb97e861ebb85808f92f42190196,38b8e48d2bf4bb3a7d4505054b51ddfd,-6,0.0,45000,0.0,0.0,0.0,0.0,0.0,56.475,0.0,0.0,0.0,0.0,0,0.0,0.0,45.0,Active
309,f88a4b0d917a11f21c4ff171dca3325a,65f1f5ddaa121f988509790bf2f3b643,-6,0.0,0,0.0,0.0,0.0,0.0,0.0,0.0,0.0,0.0,0.0,0.0,0,0.0,0.0,0.0,Active
310,f9c6f657ab9bf1203c4a0c7cba775ee5,1eee6a5a62abba7b0c38cb0e2a3eb9d5,-6,93221.9,135000,90000.0,90000.0,0.0,0.0,0.0,0.0,0.0,90958.4,90958.4,1.0,1,0.0,0.0,0.0,Active
311,fadef8f12ef481465fa0f5a03048afcb,860c7c26b1a4c1c0724f2ed0a889227b,-6,0.0,0,0.0,0.0,0.0,0.0,0.0,0.0,0.0,0.0,0.0,0.0,0,0.0,0.0,0.0,Active
