,reco_id_curr,max_months_balance,max_installment_count,max_installment_future_count,max_contract_status_name
0,00364277ca56477eb2083f8982d74fac,-1,10.0,6.0,Active
1,0055426e95f4beecb4540bc7f24c1909,-4,6.0,1.0,Active
2,00b885d997707b4102c91271a60f01b7,-8,22.0,0.0,Active
3,00bfd45acebcc9f1b5db49bc1ddc3195,-2,6.0,6.0,Active
4,00d0ec0cf2dae0f8400870d580fa77d0,-1,24.0,16.0,Active
5,010978c0f5f7acd0d3de5259b42d7efd,-8,18.0,1.0,Active
6,01c401bb1b2ba502df5a854be02ea4e9,-1,12.0,11.0,Active
7,0210bbb319b71f478fb04b7cec0c5e86,-1,30.0,10.0,Active
8,02e7010fd5a4a376b7edfdf66821efad,-1,12.0,8.0,Active
9,0300de78b4572cf2474d73c9f677d509,-2,60.0,56.0,Active
10,0311008c74fa311e415df28b349e539b,-3,30.0,6.0,Active
11,039200c1a70ea9772149458084d17831,-1,12.0,5.0,Active
12,041480730fefc966ff97b991bdb7da6c,-1,24.0,17.0,Active
13,0441e59d3bfe0b9527fe1c121c0497a9,-2,10.0,7.0,Active
14,049b8c570e6cc662b4a3d7e3c86e236f,-9,10.0,0.0,Completed
15,04bedcfc9949ae34722228f67b4d11cc,-4,6.0,4.0,Active
16,056367aba20a41f67e1ff6af67a1a323,-1,60.0,53.0,Active
17,059dcd774db63a11df3c854dcb5c0a8d,-1,36.0,27.0,Active
18,0647803bd7b4b2cc1b26dc662e79b393,-8,5.0,0.0,Completed
19,065dce58e2d4d2998c36bf716f42668d,-6,2.0,0.0,Completed
20,06bb3ea806d6c844a3b3d5d20003ba87,-1,30.0,11.0,Active
21,06e087dde5ec3aefb85823e7b3e7a52c,-1,12.0,6.0,Active
22,0732e1a06fec41e6fb006b514781fc7f,-2,10.0,10.0,Active
23,077a81f372fac3140c1b7cb8e62d7341,-7,24.0,13.0,Active
24,079f91b0173f1bcaadb4d700b47f2479,-9,7.0,0.0,Completed
25,07ce1ea0f4480f2bd559ae1a73d44cd0,-2,60.0,44.0,Active
26,07f4ffb6637a6d6ba1f2b10bd1642b8d,-9,1.0,0.0,Completed
27,07f9f117e106b34106032b7d8448a07a,-5,24.0,23.0,Active
28,083155c5df33bf1a1046a30df91aee27,-3,6.0,2.0,Active
29,0853dffe024e88e74728ab1fec543c86,-3,12.0,9.0,Active
30,0863d95ba6353c404f444c3b8a7f647b,-4,6.0,5.0,Active
31,08faa80afe6390db4d1a356c80801083,-1,24.0,18.0,Active
32,096307f3174f490fd4c2ba8179b57c5e,-2,12.0,12.0,Active
33,0b327faab35e02bfd1f096cac8eb75b6,-5,24.0,13.0,Active
34,0b65b1763162e05726a612f24b7ad762,-2,24.0,20.0,Active
35,0b95764240f6140d035e81e2ad360f8d,-3,0.0,0.0,Signed
36,0b97302e25b0663b527ba0a87a3e40df,-2,6.0,6.0,Active
37,0c1d4f02a0e208eb32f317376071eb5d,-2,36.0,25.0,Active
38,0c3b678291dd2af843e65290d79416e3,-1,12.0,7.0,Active
39,0cb7dc6e02adccc98ea54c7e8b2aae70,-2,30.0,14.0,Active
40,0ce69fbef961141200691bfdb8ca0637,-1,12.0,8.0,Active
41,0d5ea046db3b8f10b2f96420eb2b1f11,-8,9.0,0.0,Completed
42,0dde4f06489f98551cebeed507aea149,-1,12.0,12.0,Active
43,0de9581c9037f50a115908a386d859fd,-1,18.0,12.0,Active
44,0f42ec454759ab8a519fbea84fbf36ac,-2,6.0,2.0,Active
45,0fca6e87aa9a7ee36cced9e381ac555c,-2,36.0,32.0,Active
46,10577884113ae5437b8fcff9cc396a22,-2,10.0,8.0,Active
47,108a51ab7848e734dda43115cf3e7d5c,-2,12.0,7.0,Active
48,114c7b793d3e612078339cce82dd13a9,-2,10.0,7.0,Active
49,118eb2d75caae1df444abd2dab63fa16,-1,5.0,0.0,Completed
50,11acb0ce6060d4bf01ce5995bf19349f,-2,10.0,1.0,Active
51,1200cc678dce697633576f9941994baa,-1,12.0,6.0,Active
52,12035786f24b7013b1406e381ff8365e,-2,6.0,5.0,Active
53,127f16d756b4a1f26d448c2448e41e2f,-1,12.0,8.0,Active
54,13abfe997d2291e559780807cb95a0e2,-1,30.0,8.0,Active
55,14d5cf3c7f903c6598b74e9d3f21fe52,-1,6.0,4.0,Active
56,14dc006d2aa88047e42e244829363f18,-1,18.0,4.0,Active
57,150f2188809c048204a0a83f51d3a79f,-3,12.0,1.0,Active
58,157a060eb21899e4c5ec415f3749dc66,-2,10.0,8.0,Active
59,15fb0e5aed46fa67bddca3c41ab71756,-7,11.0,1.0,Active
60,16195f85ec92a01d0761508a210da8a9,-5,10.0,4.0,Active
61,1629407efc0637e8fa5f88911d7da10a,-8,24.0,18.0,Active
62,16f9f3a68b8101ed87d1f1e1bb3443ce,-1,24.0,15.0,Active
63,1765a046b4802640e2f8336d2a3aa581,-1,36.0,9.0,Active
64,178c95954d1f0038ea7de6253afb00d1,-1,4.0,3.0,Active
65,18072fb1beb39b75e5bec37499ba8db6,-6,10.0,4.0,Active
66,1810d99e943d3bb8b95e4dde147cccd9,-1,18.0,9.0,Active
67,1847d3ff22c6d88ad2a047c90bfa5ed8,-4,6.0,6.0,Active
68,18e208252c110747390ec45323819721,-9,6.0,0.0,Completed
69,194edf3caad053a690a6152bfea06c43,-1,36.0,25.0,Active
70,199dc3697cbbe044999fe18b63c8fc49,-6,16.0,0.0,Completed
71,19e72a332b8e756de094d6028450ab6e,-1,36.0,9.0,Active
72,1a0e5521db24466f6f58ca30e29809b8,-1,24.0,22.0,Active
73,1ad9e9e936ec937ec6d3a5d8e467a449,-1,4.0,4.0,Active
74,1c821f44bc215cbf9eaae4dbe88ac998,-8,60.0,46.0,Active
75,1c8ef0699fcbb70eb315de05a5f1ca8b,-2,36.0,26.0,Active
76,1cb66602e4065387b643f6ab90001b47,-1,36.0,27.0,Active
77,1d3071c8a067fc302c4937f9a19d6bb9,-1,3.0,0.0,Completed
78,1db9f8be129d68b7a1b436c24e77e8a7,-1,24.0,15.0,Active
79,1e17eb97c94605707f03b33213ed6d2b,-4,12.0,2.0,Active
80,1e50496fce19e5c151fcc277577f8964,-2,6.0,6.0,Active
81,1ea1f8a1755851c97e91d442fb7f1d89,-1,36.0,31.0,Active
82,1ee9356465aa29da4d4d18c6dc9ace2d,-4,15.0,0.0,Completed
83,20a3872a1e5583475a5cfec6770d3682,-2,12.0,12.0,Active
84,20a4ad26d1f90ec2c9765c51cac2e293,-2,48.0,48.0,Active
85,20ab4eb5e505267e8d50857fd358cdcb,-4,12.0,12.0,Active
86,21e457603d8863bf5ead184e911ae354,-4,24.0,21.0,Active
87,228d50cf889843db531401a28fb41aaf,-1,12.0,12.0,Active
88,23286291fe49143112b63f52c2f6c23a,-2,18.0,7.0,Active
89,23bc08d31a79b73f6b2579dd19ab1156,-6,6.0,2.0,Active
90,24191ae0e9ffed25b5c45dced9bebf68,-2,24.0,21.0,Active
91,241ecd05d7332c5e684023de7591b5e9,-7,6.0,0.0,Completed
92,2514db4fab9d2e0488b00b1e0adb1911,-5,23.0,4.0,Active
93,25d83fed62457583b5b5388a78cb210a,-6,12.0,3.0,Active
94,267ff8f6133bd1f31a8018b47165a166,-7,6.0,0.0,Completed
95,26cfcb1d2c6c72cc1026f0588ff5c8f0,-1,36.0,21.0,Active
96,2756f00c7b6293ed91c8cbeea5c7f7e5,-2,6.0,4.0,Active
97,28c48bc6b1dbef56040c017196eb7db2,-1,12.0,11.0,Active
98,28dea7cfac66eb64e4e82f6301a57dca,-1,12.0,11.0,Active
99,295193214080af8c41ede9c9526a423d,-1,24.0,21.0,Active
100,299cb3b49ec498bb7d62ac8d8559ece0,-1,12.0,0.0,Completed
101,29f5717c676bea5c7ea94081517d4578,-7,6.0,0.0,Completed
102,2a0031ab8059bcf501408ce0df280c95,-2,12.0,7.0,Active
103,2ac84171f091ba751ebc51b7cd9afad1,-4,36.0,30.0,Active
104,2b3bb991705fdd00e39bf9989d69a372,-1,12.0,4.0,Active
105,2bd05f7eb354d2785474b3a09c83cc44,-9,30.0,0.0,Completed
106,2bdda295629cb7629c3cf44e5de0f8f3,-3,24.0,18.0,Active
107,2bef22f993a5dd2f34934d88757c6558,-1,6.0,4.0,Active
108,2cc9e73d768246f2569c6f1ce43c163e,-1,36.0,35.0,Active
109,2ccf731c402b81796327fb7a4c5cd943,-2,36.0,30.0,Active
110,2cfebe51f7eac87c9f7db8be500d8e06,-1,3.0,0.0,Completed
111,2d9c2484d50d1ce59a6ac063a22c5a92,-9,24.0,0.0,Completed
112,2e781c37f7b9105de4ccd48913d9d7d4,-1,12.0,8.0,Active
113,2f7343fee67fdc03647b96d9bce33a1a,-3,48.0,35.0,Active
114,2faff7b5d62106aa6101189d6e4c8eb6,-1,12.0,11.0,Active
115,301d80406a2e4fd8e8f89788ac22f1b7,-7,18.0,1.0,Active
116,307e103c3ced15f0912eb5a1671a4a69,-1,12.0,9.0,Active
117,308d92a06ff426089b46741e2d7b208a,-2,12.0,6.0,Active
118,30f4041ac09693a98c8846c39cff88fd,-2,48.0,45.0,Active
119,315859bce850bec865ae9533f8b4db58,-9,10.0,0.0,Completed
120,315cffb2167255c466ebff6501d808ce,-2,12.0,5.0,Active
121,31a150fba59f4635ed19d3e2c8651775,-5,42.0,29.0,Active
122,31a62a478143df10b1e75492db5d1fdf,-2,60.0,56.0,Active
123,31b0c499430f1f6826df8bc64acc8e26,-2,12.0,12.0,Active
124,31da88dafcd09e7e82bdc76b7824d225,-1,21.0,0.0,Completed
125,31df8ac36812112e6bc5ff0ad0daf847,-2,12.0,6.0,Active
126,32328e85689483f3d609f156c3e196c0,-6,11.0,4.0,Active
127,32877bc9f7e1839794161db2bdb451cd,-1,60.0,59.0,Active
128,32e0a18fb35892a696a8c8f8fb791c77,-1,24.0,7.0,Active
129,330eedec6a9cf0872a5b2c2fc5f0ba59,-1,36.0,13.0,Active
130,33706818fc733919dafaa6f72969bfce,-5,48.0,36.0,Active
131,33fb9fe32a9c9f7d949f8ff4cf3bf00a,-1,12.0,5.0,Active
132,34547c7a979fee1f49870a6b2c131bea,-2,12.0,7.0,Active
133,3456b5282091911d0b538195e5809284,-2,12.0,10.0,Active
134,34c46d81b79e126a80e2372e476f5a40,-3,10.0,6.0,Active
135,34e0bd73817d2f41c8899a02a34fe968,-3,12.0,0.0,Active
136,34e9132ebff7c81f6da69abbda63a534,-2,48.0,25.0,Active
137,35f95e27ab76f62e68e4224c85dfff15,-8,10.0,1.0,Active
138,361d9a0193b6595aa304eb27951aa1b9,-1,12.0,8.0,Active
139,36a927496bc0181fec94207ed1a24206,-1,60.0,33.0,Active
140,374871419b1b9f8d8028012bb9bd14d3,-1,12.0,6.0,Active
141,381f86c155f64ba4f83a5cfc6717aa1c,-8,12.0,8.0,Active
142,388607422ad5f94f5f8c087b4cbf8140,-5,24.0,4.0,Active
143,391bbfdf1421007c6e662bab26a80963,-2,60.0,58.0,Active
144,39459c44e56dce6b5c356d49ec8005ca,-2,24.0,15.0,Active
145,39815ea971cc69deea65ce6908754a0f,-9,4.0,0.0,Completed
146,3a081145ce437de775c1ba64759c0555,-1,18.0,13.0,Active
147,3a3c1501de9bcdbe76cb3a4280ea2820,-9,8.0,0.0,Completed
148,3a662fdea57be30fb9954bdd5815e156,-1,12.0,7.0,Active
149,3a7045b31ea5cd59c77adcbfa66b8b7c,-3,12.0,7.0,Active
150,3aa8efdca16b5af26e65fdfcc5fdadf0,-2,24.0,24.0,Active
151,3ae60bc1dc928760977f3e3237a5b65a,-1,60.0,56.0,Active
152,3b4f14c343f0fe509c31c9b45a397419,-1,24.0,18.0,Active
153,3b7c02d3515842fb554c1f0c2fce4a17,-4,18.0,5.0,Active
154,3b7c859bed08a46c5637dc47550ad037,-1,12.0,7.0,Active
155,3b7ecc9c2b036f754252558f31326bdf,-2,18.0,2.0,Active
156,3b96837c422f611f8e977391ea333a4a,-1,12.0,8.0,Active
157,3bb469785f767b85124af0a360f9c126,-1,1.0,0.0,Completed
158,3bbbd9e7ff603cd1d6b1d3f836a675a4,-2,12.0,10.0,Active
159,3bfcb95ee79deb6f538db11064b5e5da,-2,12.0,7.0,Active
160,3ca9eb235037578e2df50f335eb50537,-2,24.0,6.0,Active
161,3d4e4361ac11e61fac47a8e4b193beea,-8,12.0,1.0,Active
162,3de7a0eaf06ef59b5d48eb8692f991d7,-2,36.0,20.0,Active
163,3e7cafcc5e43bc59f37fbf4beefcff00,-3,6.0,5.0,Active
164,3ec088bc7e48f04b21042f5ebac190be,-1,18.0,11.0,Active
165,3f299516b1a803afbd082cb20dafbcc3,-6,18.0,3.0,Active
166,3ff6dc9b667105274a620a9a125fb8b9,-2,18.0,7.0,Active
167,3ffda794dff3e14a199cabe207ee82f7,-1,30.0,9.0,Active
168,400439aa031dfb48abadf0a9668096b2,-2,12.0,9.0,Active
169,400d576900a28642626057a433e49864,-4,24.0,9.0,Active
170,404ae212b304ba635800b0d620c946fd,-1,6.0,0.0,Completed
171,40581caef449e861a9f816261332162d,-1,24.0,12.0,Active
172,4194cbab79a38639abee16109818e699,-2,12.0,6.0,Active
173,422049f3fbb69a612fdb5179aefd420c,-2,24.0,12.0,Active
174,42263c6de33db8886b79b89134fd3abd,-2,12.0,12.0,Active
175,424ef148c0987027507ea33e2290d3bb,-6,6.0,1.0,Active
176,425064fd36b572ae1cc755e3cf7dccf6,-2,12.0,8.0,Active
177,43be2885a580f00294b85f3160d4a7b9,-2,36.0,33.0,Active
178,4421c892979622bc63605f1e870fa19c,-1,24.0,22.0,Active
179,447f4ac85613d3aa74cc959cda6b1e10,-2,6.0,6.0,Active
180,44831bbf1d1453578816a813346aa14a,-4,12.0,3.0,Active
181,45533cebbc72923a43dfc7fe4db365de,-3,12.0,5.0,Active
182,46c4d97c7f84faabe299350cb33f6e4d,-9,12.0,0.0,Completed
183,474e69da1d341262cb3c9363e974ee5e,-2,24.0,5.0,Active
184,4760d9b7c6690a95d9456045b26ae342,-3,12.0,5.0,Active
185,476ac80a7c7d3333616c4062bcb5c8b6,-9,6.0,0.0,Completed
186,478bca4c35ccc8d159f5dd44187ffe8e,-1,30.0,4.0,Active
187,47947f015aba77c56ddbc94d098c4dc2,-3,12.0,11.0,Active
188,47b92dee8f828fbdb557a4f12308816f,-1,36.0,24.0,Active
189,48286e24643bcffbe5bf8999b648f8b9,-1,48.0,40.0,Active
190,482914ce8e39dafbf608885a3e393e03,-2,12.0,1.0,Active
191,4840396238031bc3de71438b5d81c925,-2,36.0,9.0,Active
192,489d2bf61d6eecaadf12ea9394d8727c,-1,12.0,3.0,Active
193,489f46556fe87828349657770bac8575,-2,12.0,9.0,Active
194,48da72657660d55b0b569a9535cb6991,-2,24.0,8.0,Active
195,49040d906f98d880d95b96551a5f5178,-5,0.0,0.0,Signed
196,4afdcaed6afce11598aa2d00e0dbf9cc,-2,24.0,18.0,Active
197,4b96191ae21232ee86d3b6bea3067ec4,-1,6.0,6.0,Active
198,4bb96041af9e0dc9d087638034de013f,-3,12.0,4.0,Active
199,4c060e6ad8250ace0ee4f19d16f455e7,-2,30.0,9.0,Active
200,4c649447db2fd7f8aea8bb4633f056e7,-1,48.0,45.0,Active
201,4cb29138f53220fb25b0f40ad8ee6000,-4,12.0,2.0,Active
202,4d567ab8eacae2286e8ce74efe981094,-2,12.0,10.0,Active
203,4d6cedf59eb4a7075cb8af7944a53da4,-8,12.0,1.0,Active
204,4db2aff91888b64ffde8ed54714d2d73,-1,6.0,3.0,Active
205,4dd7f5fc616aeb0f5a0792a6332c3667,-9,7.0,0.0,Completed
206,4e2f3a7d60fc49e92674e2d6e919d0ed,-3,6.0,4.0,Active
207,4e4b7aef37d0086187f891ea388ed587,-2,24.0,15.0,Active
208,4e881799bcfaeb2369668860ea09068d,-6,2.0,0.0,Completed
209,4eb07a22fb41d988c0a9e5b7445c434d,-2,6.0,4.0,Active
210,4ef9f81fa1f33fbc23faba6db400a141,-2,6.0,3.0,Active
211,4efb606febfdf7de93ae160f3580a9b5,-8,6.0,0.0,Completed
212,4f30e41e37e1fd93eef8cdf97db6fa1a,-2,12.0,6.0,Active
213,4fa9428be9a447865b02bf3740503ea0,-1,6.0,5.0,Active
214,4fdb98e4dfb9609e28c32aa9bb000791,-1,18.0,18.0,Active
215,4ffe6b3b88cf16646416cee6bfdd4040,-2,24.0,14.0,Active
216,501a7af121df3eaca064cd09c7660d58,-1,42.0,23.0,Active
217,50f961e939dfd45b2aa881a3a0cd0117,-1,30.0,23.0,Active
218,511f5f6683ff5043cd1e8623722038be,-2,12.0,8.0,Active
219,514ee3dbfcf30e6280f4a16f8a1c40be,-1,12.0,11.0,Active
220,51dd4d27486e5fe8981c5660a53432ed,-2,12.0,10.0,Active
221,523777eba1af0a28c869860154094967,-1,18.0,16.0,Active
222,5270d66d0b17e184d7e2aee6a478ec93,-8,12.0,8.0,Active
223,52e16003892fad99d5cbc6541dd98118,-6,10.0,2.0,Active
224,534a8b886f4caf633c14b5d6839f5673,-4,12.0,9.0,Active
225,53eac3b92eb64bd68b34167d8b3a87d8,-4,24.0,0.0,Completed
226,548e1e31de1bdc7996d4798cfd4187af,-2,24.0,18.0,Active
227,54df41bdf1f32cb38fdb24efd9249b53,-1,60.0,45.0,Active
228,54e01475556709a3f05c9e40e1e8b1fb,-1,48.0,47.0,Active
229,553cd8ef250e734ef11d2e1b549c68e8,-1,10.0,8.0,Active
230,559640520ec89c6a8d95bca8100e266d,-5,36.0,35.0,Active
231,5611abe67dc37ae5a3b3434cdd41f077,-1,12.0,11.0,Active
232,56423cb24f17f8cb6dec275dcf5d4474,-4,24.0,11.0,Active
233,568aa0948e1a2dd0b4c3c75261c3d351,-4,12.0,3.0,Active
234,568d4feda908b78e737c0d3e8cfdfe2c,-2,12.0,0.0,Active
235,57d72ff8d039e743050884ae52f8b4e7,-2,36.0,36.0,Active
236,581cf727f46a742ba244beffbf4d81bf,-1,54.0,12.0,Active
237,582ac657ec9d2872190f305a16594b48,-2,12.0,7.0,Active
238,588e9feaa2c792cc7c72e66c4b233353,-2,12.0,8.0,Active
239,589219d7c8d446569488d4b734ed988d,-1,6.0,4.0,Active
240,58eb9a9d74dffeb6ac7885c8c5505f83,-4,12.0,10.0,Active
241,5937dd6e1ef0a692f1d89bb65f63eb68,-3,24.0,8.0,Active
242,5a245bb207b3f157c67deece859f7313,-4,10.0,1.0,Active
243,5c360d343f446e4d6b2032cc57d14265,-5,4.0,0.0,Completed
244,5c49e68a6dace1b3e47e07215bf7a1d1,-2,36.0,9.0,Active
245,5cd22687c3da6f30729e75f8e40d4098,-3,24.0,7.0,Active
246,5d26475ba5fe8f66aa9e9eac60cd3bb3,-5,2.0,0.0,Completed
247,5d552ba0ba0a3501c5bbee0791580ac4,-2,48.0,46.0,Active
248,5d7f2ec8e705bba9e769664c00b4fcb2,-2,6.0,4.0,Active
249,5e0f6abe60a3667a4c38c00de242aee7,-1,60.0,57.0,Active
250,5e8eac2bd6dcbd164f827a1d432179fe,-3,10.0,7.0,Active
251,5ede14a7cecc91904a9127aedf976388,-2,36.0,20.0,Active
252,5f841258b21c3db026af9ef146a04fd2,-1,36.0,20.0,Active
253,5fd49384ff4d1126ba83df93491b6fcc,-2,6.0,6.0,Active
254,60344e9d7c052e109fba4fdefd4d1acc,-1,12.0,10.0,Active
255,614ef150402ac35b9049b747c7ce8e59,-2,4.0,4.0,Active
256,61522aeff59e940a0f2870fd15175296,-2,6.0,5.0,Active
257,6174fa4c61bd70c80b6bb8f2e5dbe1cf,-2,24.0,24.0,Active
258,620e6cd3348baeab72c56c0629cdbe67,-2,12.0,7.0,Active
259,625a4a42dc1613779d231cccd9e78d4b,-2,60.0,54.0,Active
260,6281c59015aca45cf2700cf2390f3aad,-2,10.0,4.0,Active
261,6308d305088f3452e0e91d5a32a8f88f,-2,30.0,21.0,Active
262,633376a8de8fa57789ed44aa6a39be6e,-1,48.0,41.0,Active
263,6413d56e6bf365c98460b7e31e8c412d,-5,36.0,24.0,Active
264,64311b1c71374829bed63af81379ea99,-2,6.0,5.0,Active
265,644064c147afec625bd84bf7373ba88e,-2,0.0,0.0,Signed
266,6531248edc3006c31d7f71194f1f4908,-2,48.0,45.0,Active
267,656053e043d18d97120aebbcd76caa3a,-2,24.0,7.0,Active
268,6569a2a0cbc2d64a1a28f952abad1d52,-2,10.0,6.0,Active
269,6584711b664705631bd377da00919269,-6,10.0,3.0,Active
270,659486a0486cadf55a9ab00ba57d4a49,-8,12.0,1.0,Active
271,6659294e64fffd197aba5965df3a14d6,-1,60.0,53.0,Active
272,668469a0eda74a4b2fc7c1fb65674c45,-4,24.0,15.0,Active
273,66c860ce4f62740e9559a45b112aa2dd,-2,6.0,1.0,Active
274,67e07057dffff3bf67a60c2ad30ded4a,-2,60.0,41.0,Active
275,67f25730fdf4c0022934f0e8fdd3fb15,-2,12.0,2.0,Active
276,68877e110a3366555fc5ff0d286b7314,-2,12.0,9.0,Active
277,68a758feff60c72edb33cd93e37d5e93,-2,18.0,14.0,Active
278,692a8b41eb3f461ea72edc030a015f80,-5,48.0,47.0,Active
279,69c75daeb6e7cbf76a0f6b092e91fc58,-2,12.0,11.0,Active
280,6a42dff5a40ebb219444e170cf6ff31a,-7,36.0,29.0,Active
281,6a9dbd53f8da96e923856fc0ff210363,-1,60.0,60.0,Active
282,6aa9716b0f718f23470e7be16440ee71,-6,12.0,2.0,Active
283,6b136c4fc75d0061e2c4c7d863d343aa,-2,8.0,3.0,Active
284,6b2058d0d1c764b74f59c20ad708fb87,-5,18.0,3.0,Active
285,6b3819a325b751155e882225b5e85705,-3,6.0,6.0,Active
286,6b57dd921d4ec26895e9a2622fcee8ec,-1,24.0,5.0,Active
287,6b8353b4c219ef9e4c39e9463eef20ef,-2,18.0,18.0,Signed
288,6c3958e29b0862f9e20fbd3d69109a3d,-1,18.0,15.0,Active
289,6cd061ab037678edeec3779b3f466027,-2,5.0,0.0,Completed
290,6cf2e0c33b40fb629e5d125db7d54263,-1,12.0,6.0,Active
291,6d1d4d5afd3273b9be83caf626ffd42d,-6,12.0,2.0,Active
292,6e48d983fbd2d67fab63fd23e37f0676,-1,8.0,0.0,Completed
293,6e769938f3c9a6e04e7934084a7f8f55,-8,6.0,0.0,Completed
294,6ee039aafbf37a660abdcbd040df1b59,-2,12.0,12.0,Active
295,6ef45a36b22882e3483886d91c2cd29e,-2,60.0,48.0,Active
296,6ef70fbb4d46a9db2c193c7154dd3658,-2,60.0,45.0,Active
297,6f212ef0534f4f25794cb04c1b1c404f,-4,10.0,10.0,Active
298,6f3bf52a8b8c5804570da9a84f8d694e,-1,24.0,15.0,Active
299,6faafad30724fc13d94e384166ffd9f0,-3,12.0,8.0,Active
300,6fb51af069872e2bd7f387d65701aa63,-4,12.0,0.0,Completed
301,6fca2e067e636a22146e64b6f2343467,-1,60.0,43.0,Active
302,7002be775308c0b30b39d7683261a64e,-1,12.0,12.0,Active
303,702b13ce70bc8dc7b954c26ef2418c9c,-6,12.0,5.0,Active
304,70620f28d915dca9ac039c4904ac7d8e,-7,12.0,6.0,Active
305,70acc46717e2935abf9b74d4af48886f,-1,60.0,54.0,Active
306,70ef2a9b55d3ce0cba7641979482c2b9,-3,12.0,7.0,Active
307,7115703793e536070cba65f37eea393c,-5,18.0,0.0,Completed
308,71b83ef83e54d77acc856d669322aaea,-1,24.0,20.0,Active
309,7259658325adfb5ea49255564d664076,-2,24.0,21.0,Active
310,7292959d0ea637958f0c245e61f3bcf2,-1,36.0,3.0,Active
311,731882677bab2bb98582c13646921ad9,-1,12.0,8.0,Active
312,7357537be5f66553349bdd8fa023c6c4,-2,48.0,45.0,Active
313,73ed7df79781a75b16431fc4c9dd50e9,-2,18.0,15.0,Active
314,74444af26e6b2504fc0069beca54d916,-6,10.0,4.0,Active
315,7465ce3457ff132842b3607c058bbe92,-1,24.0,21.0,Active
316,746f26b78941e4463db9d275e43bdfb3,-6,6.0,1.0,Active
317,74743899a998438d7d8d6e5356c18035,-1,12.0,10.0,Active
318,74dfebff85d36ec099ddec7f6711add9,-6,4.0,0.0,Completed
319,74e2cd6ef402f63901c2d66804dc75ae,-1,24.0,12.0,Active
320,7507f8e478388663d8cd6eca517377b9,-2,10.0,10.0,Active
321,754d964198b4d7335a2aab88868edd31,-1,12.0,9.0,Active
322,756ec14796c631fa194bc1bd775ad8cc,-2,60.0,56.0,Active
323,76c1aa4221cafe6efdc386cbd1d61cfd,-2,12.0,8.0,Active
324,76e4d9c9ad46e2ac78a80289f92bdf54,-2,12.0,11.0,Active
325,770513c1a4fb55757e6a779e78c93380,-3,6.0,3.0,Active
326,777552b773a9efe4bc64cc5d6646c7eb,-1,36.0,27.0,Active
327,7867fa80a807943a8eab25cebf934e57,-2,13.0,0.0,Completed
328,788e5d0b7d1ee74170101de1d04b4e9b,-1,18.0,16.0,Active
329,78f451b98a16131ace4caddbbc69f605,-1,12.0,8.0,Active
330,79491dfa5a504e7c94e876472d19196e,-1,6.0,6.0,Active
331,7963226580f4b70bff3bd057559027bc,-2,16.0,14.0,Active
332,796e24aff967836463a37e0901c53e9e,-3,6.0,5.0,Active
333,7a17f88a389093d6cd9f3893bbfc9caf,-1,60.0,47.0,Active
334,7af16d81adef2d991fc7ce1939faf0e7,-1,18.0,3.0,Active
335,7b7802520e17c16ba705dc4a248520f8,-2,24.0,14.0,Active
336,7be482781f6e8737d77fd8760de2598f,-2,24.0,6.0,Active
337,7c0993bbc3483abb15546fedc1fd8d29,-8,5.0,0.0,Completed
338,7cc06d1117c60d0668d0f26ddec061f2,-6,12.0,0.0,Completed
339,7cc0fc5c09ffaec1b5162b87d2d32467,-2,24.0,11.0,Active
340,7d0afe114ecfe61a0ca83cdcc008f0dd,-9,5.0,0.0,Completed
341,7d16ac3d10e461a6a210ce1ec90ced0b,-2,10.0,9.0,Active
342,7d1fdfc85a38a4ea03ea03f85f4710ac,-4,12.0,12.0,Active
343,7d751b729bc1b0832a9e169aa38125b6,-2,6.0,6.0,Active
344,7d839f278639a38b2ba83ad67ab836a2,-5,24.0,12.0,Active
345,7db0de1a11205daeaa504a93b478db0d,-2,25.0,8.0,Active
346,7e6600e0e8623d774e0d321276a9af32,-2,60.0,59.0,Active
347,7f0875e7be2b1446a8e117c8312365a6,-1,12.0,12.0,Active
348,808cb09dbdd584f092ed3902bc99dd41,-1,6.0,6.0,Active
349,8095e640b1088676e43264eb470b4806,-9,17.0,0.0,Completed
350,809c981019957cebf4011291213b6c51,-8,5.0,0.0,Completed
351,814dc9e8c001b93d6f25a8b4f3f5e40e,-4,12.0,10.0,Active
352,819246afa96fb038b638841d7e0b24b8,-1,24.0,15.0,Active
353,82099d33d92441c5159d1aa3b70e9670,-1,24.0,16.0,Active
354,8254fe9dbab22e62652cdfb1ecc3b861,-8,20.0,0.0,Active
355,8306bf8f0715996626ea94bea17af9c4,-7,12.0,10.0,Active
356,84642c0e4bdc2f34c4ba1fca7c0937ae,-1,24.0,17.0,Active
357,84a7e709f38ebfb7ab62bdfee9a7792f,-1,12.0,12.0,Active
358,84c409bf661b59cefe37b1534171d55b,-1,42.0,20.0,Active
359,85006c38d17027b60790680fc36bcfa4,-1,24.0,17.0,Active
360,856d1fed817c47f7c074d0bfdd6c3656,-1,48.0,12.0,Active
361,8637a3cb38a8e15a88b107262ace416f,-1,24.0,12.0,Active
362,86ce8eeb7330fa0b9dda472f5c3bee8b,-6,36.0,32.0,Active
363,871c87a0e5d5ba60234e254c8cfe62b9,-4,29.0,0.0,Completed
364,872ddb5bcc4dff4db42fd5be7a1e3b65,-1,12.0,0.0,Completed
365,8732de0e389bca3e5d65bdcc2a738d90,-2,12.0,11.0,Active
366,87a65c7f6cd468077a130ac980618ace,-1,18.0,0.0,Completed
367,87f97138598cf1000d697c23fcff0159,-2,12.0,7.0,Active
368,882daf577f9f81c01fbb0e0cdeac6088,-2,12.0,10.0,Active
369,8877984a63c9640ad6a4dec3ef934719,-3,12.0,10.0,Active
370,889fc1231012c7c91f58671f05349187,-1,36.0,34.0,Active
371,88a0b6d2a538a9603c28bbd3e536508a,-3,24.0,3.0,Active
372,88b0e84306fe209e0f67fd9b746cb9f3,-1,24.0,16.0,Active
373,88bc8e4c598d233294385b72836ab725,-2,12.0,9.0,Active
374,898aa5373689a55e126c8b12b2776707,-1,6.0,5.0,Active
375,89d20c7d58d61f169011c83b3f53e705,-1,60.0,50.0,Active
376,89f87221f2fa5f284eea9c84efff08ab,-1,24.0,15.0,Active
377,8a123c9a261893c2c7141ddf375d809a,-1,10.0,8.0,Active
378,8a76956ff2689230eaecf5507c8d4ac0,-2,12.0,8.0,Active
379,8a774f77da462626c5178f433d18991a,-1,6.0,1.0,Active
380,8a979ab2301aece6affd9ec568f654bf,-9,6.0,0.0,Completed
381,8b915efb2f78370333ac50e9f6fda2fa,-6,18.0,0.0,Completed
382,8beb21c1764146298fbe21ab6b2370e5,-1,48.0,37.0,Active
383,8cf12c3bc4172509bbe75dce42da160d,-1,18.0,17.0,Active
384,8da93ac8fa78837de261d64e3fded60d,-1,36.0,18.0,Active
385,8e30429e45ca0c6376613084d7dbaffd,-2,6.0,6.0,Active
386,8f65813ba22754d899e7e8ead1c2c895,-2,36.0,25.0,Active
387,8fe9fe2023870fec9b7d9713ccfe1fb1,-6,12.0,10.0,Active
388,8ff19d967f321d434e09400f7020cd8f,-1,24.0,5.0,Active
389,902ae8987d8c33529cf2891b2399a645,-2,18.0,15.0,Active
390,90911e5a940c790572feb260239329d0,-1,5.0,0.0,Completed
391,9104e5906c48e17d5c6cc88c6ae85152,-2,12.0,10.0,Active
392,91451f432b07c8d8e42d8b23ed422d1e,-3,12.0,7.0,Active
393,91512b99cec3a7f6eb8cae89f3c13046,-8,12.0,9.0,Active
394,91af251207f880c7e95e95cac6346713,-7,24.0,2.0,Active
395,9279382d7a927367f824107b85d876b1,-5,24.0,0.0,Completed
396,938800089510dbd40fe715b2ad9af36c,-2,10.0,8.0,Active
397,93b01e5ee2be710c6bc3ac49ada27c7b,-2,10.0,2.0,Active
398,93e6970fe1a62019a0df19b18aac2373,-4,12.0,7.0,Active
399,94b073bcf6fe7503ef412efce51726c9,-4,12.0,1.0,Active
400,94d4f63187dcffd46103b5969af6bb33,-1,48.0,40.0,Active
401,94e8d42b60bd99cbe04720c8a4c1a8a5,-2,24.0,21.0,Active
402,950460b21a449f00e2d26567470e8235,-2,10.0,6.0,Active
403,951cc306b3e90a203fa40bfee8f21345,-5,18.0,18.0,Active
404,96e3c7b408865cbf571266a2c30ae5cc,-1,60.0,57.0,Active
405,96eb59ca52419629201350e93dc0c118,-4,12.0,4.0,Active
406,96ed0125bc0d46172ab477587feaa82c,-3,18.0,0.0,Completed
407,96fc40629c98c5e70041df388f2bd112,-7,12.0,8.0,Active
408,9725cdb75f0f3ef895840137ae448f2d,-5,12.0,8.0,Active
409,98111a81532e3003026e119076ffd0b9,-1,8.0,6.0,Active
410,985fc1846c2959ca88f5ed5b3a9e2f6c,-1,48.0,38.0,Active
411,98ad7a07b2d2aadf89c1dfc3a9d2e82f,-7,12.0,3.0,Active
412,98eef17111ad0dcc782d7c540b839cf4,-2,24.0,18.0,Active
413,997f7e7989ed4ebf47ec45b062e05379,-3,17.0,0.0,Active
414,998d9f9c579873b1d738668122a52170,-1,5.0,0.0,Completed
415,9a5c01e841b908333b2869e447d7b351,-1,12.0,12.0,Signed
416,9a9477a3e043e65aafdccfda1e02dcee,-1,12.0,8.0,Active
417,9aa2287a970217506aa0d447c4f058e8,-1,24.0,6.0,Active
418,9ab951b86ff2be62dab1951e82e821fe,-1,24.0,15.0,Active
419,9afe1477af392173efffa3d66d233371,-8,12.0,8.0,Active
420,9b3909eac311a43f77fe0d5ef5c49523,-1,4.0,0.0,Completed
421,9b95eb07215d6eb0a3645aaa6b9d04d6,-1,18.0,14.0,Active
422,9bb7b6e9b59abecdb7bbd57bf1d8afad,-2,48.0,47.0,Active
423,9c2686eca29b14adc5444b50b5ad7406,-1,10.0,9.0,Active
424,9c91865ac46e35abc90a3de2927a67ac,-1,24.0,13.0,Active
425,9d0f3259c7af54b3810f3f130d1ef321,-1,6.0,0.0,Completed
426,9d57af85ae791db266415c90b8df0b5e,-9,5.0,0.0,Completed
427,9e6080a5c16a6cef28d4cb0ea6da11df,-1,24.0,23.0,Active
428,9e7d04fbbff07517b7b660c0434bac2c,-1,12.0,12.0,Active
429,9eb570f70c59add1dbcb0f41d92a7d37,-1,18.0,16.0,Active
430,9edb22282849ad34b4ed64671a1f14c5,-1,12.0,10.0,Active
431,9f4ff82b413d2f13174701212b89cbe2,-2,12.0,8.0,Active
432,a0086ce1bcc773c2c5b3162a75c13385,-4,6.0,5.0,Active
433,a013830584d9a97153fd702c6bb7d15e,-4,24.0,22.0,Active
434,a13cb2721941ece63dd674f0f9a9f361,-9,6.0,0.0,Completed
435,a19127c48e02c6c2d16a328f5cb38c1d,-5,6.0,4.0,Active
436,a1c3828adac90063019ce2a841744e9e,-2,12.0,10.0,Active
437,a2133d7d2b6304e6c31eb5b1b8f84c06,-1,12.0,10.0,Active
438,a28e025b48617e0518006eabc13892e4,-2,12.0,8.0,Active
439,a2b76475bd47b89eb24080946629ab30,-1,6.0,6.0,Active
440,a2c836c177f5fe564ae0891c36e38830,-1,10.0,8.0,Active
441,a2d05f5b3fd9b13a7e2384bd34f6e883,-9,18.0,0.0,Completed
442,a352eba0e3afc1a26fdea9050362c0de,-1,24.0,8.0,Active
443,a376b9aaca73fb0b6701bb59b70d0c61,-1,4.0,0.0,Active
444,a430ab92b1d9e2a24d29bc8c04369340,-2,42.0,19.0,Active
445,a432cabdf42cb196142d3a19301b657f,-1,12.0,5.0,Active
446,a4663378110b2e4ccebbd8e0a673ea26,-1,12.0,4.0,Active
447,a47976fc2c9c02e7bd963d022f080adb,-1,48.0,40.0,Active
448,a509b31205bc90e042a1d989670cd182,-2,18.0,7.0,Active
449,a57946db53cb831606cb5d7bd4719e6b,-1,24.0,17.0,Active
450,a57a8a1178b3e2f02bbc4b8a26504d78,-2,36.0,13.0,Active
451,a5a66a73e3b1bbd90bf94760fe31ecda,-2,36.0,11.0,Active
452,a5abbaf6300c257f10cb4e8ee112df65,-9,6.0,0.0,Completed
453,a613d20807ab1699d07446e7925e1d1e,-3,12.0,12.0,Active
454,a64e327162b9d473ab68e6bcd468687b,-7,11.0,0.0,Completed
455,a6ef47cabf39666b3d79ef441b573642,-7,1.0,0.0,Active
456,a7647f339faac3a6ffb3cc5d713c0a14,-2,12.0,10.0,Active
457,a77858723128f0ca3e4eeb78bfc09f04,-1,12.0,11.0,Active
458,a78b62df18d94e8b935aec3de0c6b2a7,-7,12.0,3.0,Active
459,a827398810a0193271ddf989068d9fc0,-2,18.0,9.0,Active
460,a8572a0a8de7d0652a40f08ad56f9b28,-1,36.0,25.0,Active
461,a8d6c5f168912f0589a69172b9e2df4e,-2,10.0,10.0,Active
462,a9418d08cf70b3ab1559dd506d990b59,-9,20.0,0.0,Completed
463,a9de4f0f8609682d611023419b097ed2,-4,12.0,7.0,Active
464,aa206c16e8139512894cc78c298ca9f6,-2,12.0,11.0,Active
465,aa387f7435fd0578a41e25489171fe5d,-2,10.0,5.0,Active
466,abc3b7349101258157a82bd9c4426268,-1,60.0,48.0,Active
467,abe31e66d3be58d216ef56c3cce93f91,-1,10.0,5.0,Active
468,ac33894ee3a06c6b3fc36ec02ba71bd0,-2,7.0,0.0,Completed
469,ac84ff92e565adc298cbdf5efeb60b3f,-1,12.0,10.0,Active
470,ad8b50b1b15420a0fab63944734163d1,-2,36.0,25.0,Active
471,adb4efe1e4c6d950eea39cc88a60a7b5,-7,11.0,0.0,Completed
472,ae0927d7a1712312d12a25c018fd1676,-2,24.0,20.0,Active
473,ae4ff2b254129a81e8d1af31c6e7b73f,-5,10.0,3.0,Active
474,afdc3b29395c7715d63ac6691193a2ef,-5,6.0,1.0,Active
475,b0655739fc54914bbdffec797bb93dd9,-1,24.0,21.0,Active
476,b2a9375cec7462c8dc0d1c7b898e0225,-1,12.0,8.0,Active
477,b2c36586339db9b42f1f140ee10c1dee,-1,18.0,14.0,Active
478,b2e59936466baaaddb1f92040c0846a4,-2,48.0,22.0,Active
479,b3b52858dbe9834ba149ff5a1af62e5c,-2,48.0,45.0,Active
480,b3ce5e7523a930aae5049bfb37b08251,-4,6.0,6.0,Active
481,b41d2a11237bbd982e19038705a9dcaa,-3,36.0,1.0,Active
482,b4ae766b4164421e68c65e5eda124086,-7,18.0,0.0,Completed
483,b4dd56974416f81c5048d36199d07439,-1,30.0,15.0,Active
484,b516c4f06aded4ef6a158b690c317df4,-1,24.0,18.0,Active
485,b5311d386a4c78d0356dc9e84128f49d,-4,24.0,2.0,Active
486,b5e3a2bd4b6de6e5b720a0d06e8da876,-5,18.0,3.0,Active
487,b5f4b0c1dee1ab92cd539621a4b8b5a2,-1,24.0,21.0,Active
488,b6d8544d4c4b6c032f7d3ba5c14c0396,-2,6.0,4.0,Active
489,b71e7b479ca5de9e554e2f01d62da818,-3,12.0,3.0,Active
490,b74651952ecaba8ceb5aed4af92570f4,-3,6.0,2.0,Active
491,b77c210e6084ab9778fecab729883438,-1,18.0,14.0,Active
492,b79597265936a2493b2c88dd1590c61e,-3,12.0,5.0,Active
493,b892e924f537fb587e3d374833f82d82,-2,6.0,3.0,Active
494,b8b9444f35421fb4d895237081126193,-1,48.0,42.0,Active
495,b917cbfbe99564a26c7b2dee4de31ea7,-2,24.0,16.0,Active
496,b9dd021baeadd476a0fbda0d3ebe5c81,-6,12.0,1.0,Active
497,ba08da773d073d5a8f6a6579c828764c,-9,14.0,0.0,Completed
498,baa10239637f21a70b5ad97c2958b981,-1,48.0,17.0,Active
499,bb744e091d456d79640ec2b1864ee367,-2,24.0,24.0,Active
500,bbc68c5e1fd558e84e4525d2998fa375,-1,36.0,18.0,Active
501,bc31a84fedbf8198e908f355ab9c0ee0,-1,36.0,20.0,Active
502,bc6dca837508a733c58a32504a678811,-2,6.0,2.0,Active
503,bca5b7ab14741127f46e83f499c21ac3,-4,12.0,1.0,Active
504,beb953abcecd415a692de8f1c7096317,-2,1.0,1.0,Active
505,bef48095946f7f813d22075884f9b538,-2,18.0,2.0,Active
506,bf075016082b32d6998123865d5a7880,-1,24.0,5.0,Active
507,bff463c3d0381fb5dc16fa074e426753,-3,10.0,4.0,Active
508,c03a140191745565ea0feafebf23b1ac,-1,36.0,31.0,Active
509,c0665e7afdc04cca3b47b4b62a7a6cf2,-2,12.0,6.0,Active
510,c08a238d5725a3a5f56aced0c90eb728,-2,18.0,5.0,Active
511,c0cbb8633846a9ef574870868c521606,-2,24.0,8.0,Active
512,c10e448ee3d836a06267f606a23f65a6,-1,12.0,9.0,Active
513,c12b005fc781067fa48d7ba1ee3db39e,-2,60.0,54.0,Active
514,c1826f645364e717b4f000e627703866,-5,12.0,5.0,Active
515,c3481894ab3564ad97f17e024205fd68,-1,24.0,20.0,Active
516,c3cfd022351957c6501b96c3cc9e4049,-2,36.0,28.0,Active
517,c50f2d9c08fc4d6fb186eaf4e8011e9b,-7,30.0,18.0,Active
518,c564f252c8b6d5d46fe54546db0a4c96,-3,6.0,5.0,Active
519,c568390c8c8d856e0a903b93be2f4d19,-2,12.0,7.0,Active
520,c56d1c2bc8fd3e7c49bb1cf08021203b,-1,12.0,5.0,Active
521,c645016dcd35cd8ee0eac0ae9a990218,-7,8.0,0.0,Completed
522,c71b9b8b8b3be49447601a4a734043c0,-1,18.0,15.0,Active
523,c75edd72d9ac752bcb516a31ce8c9ed7,-2,10.0,6.0,Active
524,c7ae81a210bec7521b791e617c65baf3,-1,12.0,4.0,Active
525,c7f18738030d1fbea4d0b02ac4ea03e7,-5,3.0,0.0,Completed
526,c846ed9207ac99f11fb1e70a54b60c47,-6,32.0,0.0,Completed
527,c8acc9847dad346bf4f8920058f51bcb,-3,12.0,6.0,Active
528,c9d34e373c8a744d96debbe1a0a0e0dc,-1,18.0,14.0,Active
529,cb66c0269a7f5cf3cdf553fae96d7caf,-1,24.0,18.0,Active
530,cb8ceedc26c37f3f82c6ba98df3748b5,-9,12.0,0.0,Completed
531,cbb8e190566b813cc0b190f3e6abbf2f,-6,12.0,5.0,Active
532,cbe53bfe978450dd2bcbc6e560649bcf,-2,10.0,8.0,Active
533,cca33ed60625aeff9218f5d49dcb3eaf,-1,24.0,17.0,Active
534,ccb9465af57da7332260256d413babda,-9,8.0,0.0,Completed
535,cd19a908236ee2db82087eaa32d6bcdb,-2,12.0,0.0,Completed
536,cdb7e38db356ab50ea8aafe200cd0546,-2,60.0,48.0,Active
537,cdde066ff9ed2e97df8bfefa0a315c39,-7,17.0,0.0,Completed
538,ce473b492f7bc9dd76ba7e3009609ad9,-1,18.0,14.0,Active
539,cee1d2f76b7d97f1ade1103c5fb9b9b2,-4,36.0,19.0,Active
540,cee3d3926bb35a79816d975b2fb406a9,-1,12.0,11.0,Active
541,cf9e2a3b845f299e2d56f69dc8007826,-2,36.0,35.0,Active
542,cfc2961a26784fcc6702c7a22243d21b,-2,18.0,17.0,Active
543,d01b4b956174442c49cb78e542996ff3,-1,36.0,25.0,Active
544,d0d15b658c4c14e10658d6756adfdc5f,-2,12.0,7.0,Active
545,d1162429a2d6eab3a06234b1454290f8,-4,6.0,0.0,Completed
546,d18f4bb4987573b03f4173579df5964c,-1,54.0,40.0,Active
547,d21c7a0b6f5d02da656399fe401afac4,-1,36.0,16.0,Active
548,d247501af4d1d767583880a32daac640,-1,12.0,9.0,Active
549,d2744fce0947cdf5b12c8c62b0d07be6,-5,12.0,2.0,Active
550,d2a4d517979835608abac9ea661005ab,-2,24.0,19.0,Active
551,d3c2138dba0c41134090a149fb7c00d3,-5,6.0,4.0,Active
552,d4828708b50b1ddbfbd546384eb34fd1,-2,24.0,16.0,Active
553,d4d507ebbb932593d51a3804b4d72a8b,-2,6.0,2.0,Active
554,d521a075b964e28fc42add0041f71424,-1,12.0,12.0,Active
555,d539d28da5e37c2aa3ef9c4193d680bc,-2,10.0,7.0,Active
556,d54e09522bdd17dfc581b4382cb45324,-2,18.0,17.0,Active
557,d551bb4d0927ddcba31e042d93ebf572,-7,4.0,0.0,Completed
558,d5eeff3512c6999d0d6ab565a0732f88,-1,48.0,42.0,Active
559,d6308c55430f4ae7732407e1ea0b530a,-1,10.0,7.0,Active
560,d7015ce20e9b938a0888c678b1a76eda,-1,60.0,45.0,Active
561,d77be0164724055a37434b2d3cdac42f,-1,18.0,14.0,Active
562,d7a7ad963622e3cdaa3c9a6205d766df,-1,18.0,7.0,Active
563,d88bca7c85ed2c0428fb58c9439a91da,-2,12.0,3.0,Active
564,d8a8556e9a74d04383993c89b5aa7056,-1,12.0,12.0,Active
565,d8eeca86d82d92aba518aae24e24496a,-1,6.0,5.0,Active
566,d934ba6b0919a741330c16c12df56dc9,-9,10.0,0.0,Completed
567,d9f60a9f2634a3611b548877c305b27a,-1,48.0,21.0,Active
568,da54417610906be4ef1e211af8a7ba76,-7,6.0,4.0,Active
569,db0d1c58363ba08f483d03d1c39a03ca,-8,6.0,0.0,Completed
570,dbc3dab081b079886318f02b7b6477c8,-6,6.0,3.0,Active
571,dc0403d1b4a61aec259859dfe7690a13,-1,18.0,8.0,Active
572,dc8ba115a9bb073c95dac806bb891eaa,-1,24.0,24.0,Active
573,dca78b7d29fea82f2eebd4605434cbbb,-1,6.0,4.0,Active
574,dcc051d1011c325c3961ddd202062d7f,-2,24.0,17.0,Active
575,dd10e1d32c1ec48cd91d7735c6438821,-1,36.0,29.0,Active
576,dd4117e7a774a4009d2b9c4150ef8c70,-1,12.0,12.0,Active
577,dd71116c9ca99aba88ffa1142c2735b4,-1,12.0,6.0,Active
578,dd8d3b5e02ea236cc1a4e07d7b97263d,-2,36.0,32.0,Active
579,dd95667515aadd8a4a1d4b9de1df8a82,-4,2.0,0.0,Completed
580,ddcdddf699a0fed97a3e72953207bf33,-1,24.0,17.0,Active
581,de1ebebcc9e6982568f0577e0a1286c1,-6,12.0,11.0,Active
582,de673d31baeae5f044e0e13816fd6646,-2,36.0,33.0,Active
583,de7a0abb335def28163d12d61241af77,-1,48.0,44.0,Active
584,deadc369fd97aa41acd7cad6971839e8,-2,18.0,14.0,Active
585,decf1d7e0b283e741e8279eea115089d,-2,36.0,30.0,Active
586,ded2ada63bcb57040db55f695bfc8052,-6,24.0,13.0,Active
587,dfdaf12d1ca985a462212f71dfc5fe5c,-1,36.0,27.0,Active
588,dff8b218d6756835417e26e39a065e55,-1,24.0,18.0,Active
589,e00f8aac3f5775381cef3bb1f0cba5cd,-8,6.0,0.0,Completed
590,e00fa87cabf8cb8a46fd640060f81d7a,-6,29.0,0.0,Completed
591,e03659c194480f25d94aee7d7cb011e0,-2,10.0,9.0,Active
592,e081b02f9d46b7e6de60beb4742303c0,-2,2.0,0.0,Completed
593,e0935056f2ef0fc328d44ab74137b46f,-1,24.0,24.0,Active
594,e0e373f48377d83ca08f8e7ff9225c92,-1,24.0,2.0,Active
595,e21fa7d52d6547ef73b0f5dfd473bc8e,-2,12.0,4.0,Active
596,e3c7f3e2e47edf46e1f9ba5855259ba5,-1,24.0,18.0,Active
597,e3cb0afe3dbb0c8e27ff88a8af23e725,-5,4.0,3.0,Active
598,e3e954504d7a1394f4ca9f501343e045,-6,6.0,3.0,Active
599,e4864988f651abdb700ad426e5cf9c5d,-1,12.0,11.0,Active
600,e5cd103fecd8e4310c011c005f807fe2,-1,11.0,0.0,Completed
601,e5cdaf84033e295836010d5d49970989,-1,12.0,6.0,Active
602,e6827a0e396e51ddf8df9e76d72d5847,-2,12.0,11.0,Active
603,e7150a28e06267de0c8a0f4ee9a52fe4,-8,3.0,0.0,Completed
604,e7717482d96589cb9deedda14b77bdd4,-1,12.0,5.0,Active
605,e77b966e10bf23160055604df6dec390,-6,11.0,4.0,Active
606,e79c0cfcced00370ceca615b0797abcd,-5,6.0,0.0,Completed
607,e7a6965ecf6cbf91843e2117c3737983,-2,10.0,3.0,Active
608,e7b5ee5bd9176199812b55f6f4b7bbae,-2,12.0,10.0,Active
609,e7c40f8602fc50e14f44faafb9a1c638,-1,18.0,11.0,Active
610,e7ea44f87dbcc0bd47f1a94c6a62153c,-4,24.0,23.0,Active
611,e829ef65c088b7eac63bc2e15d941765,-7,23.0,0.0,Completed
612,e83956499f462faf1d65921e38773d93,-2,6.0,5.0,Active
613,e87518db25dd34982e294c56bb386a0f,-1,24.0,9.0,Active
614,e94935bf0c03b7cb66154b81c3a8bdc5,-2,12.0,12.0,Active
615,e9ad64db008164f80e4d705b3c42ab15,-7,12.0,8.0,Active
616,e9b87f858f90de07141712cdbd549eff,-2,10.0,4.0,Active
617,e9ea74d8a66f0bf1ee34e8d1a298d070,-3,5.0,0.0,Active
618,ea19111ca4de0229181e889474a6e461,-9,10.0,0.0,Completed
619,ea93e4761aec6e2f35818f2292f0f3c3,-2,18.0,6.0,Active
620,eaa282fc78d9423effdeefcbe3f3d996,-1,24.0,12.0,Active
621,eaaff3d2cf6a125466d01f2910a9ae3b,-1,4.0,0.0,Completed
622,ebd3a231e48fa64b7b0ebfc192e1b6c3,-1,24.0,3.0,Active
623,ec7b70e7913305072cb8c8e4a717f5e6,-1,60.0,42.0,Active
624,ecbabd5c1308c18cf21b554d19511a6f,-2,18.0,10.0,Active
625,ed91770885b600fb22c627905d3a860b,-2,24.0,0.0,Completed
626,eda2191528b0006df3186e03b2b0a0ac,-2,2.0,0.0,Active
627,ede19a37c94ca71dd8531eae51eedb43,-2,12.0,5.0,Active
628,edf136ea4b8d6ea43f221d3ec0681d1b,-2,60.0,44.0,Active
629,ee39d656c3ee5dae4102c1b29fa6bd12,-2,24.0,21.0,Active
630,ee5d32069fe494573d28c22d8b5033dc,-1,36.0,32.0,Active
631,eeebb83818b1b5dd82371898114bb5ae,-2,24.0,7.0,Active
632,eeee48eeb3cdcb8a048d3e846bcdb361,-4,24.0,9.0,Active
633,ef2e65ebc85f99b1b2ef0c228dc67054,-2,6.0,6.0,Active
634,ef422969e9635cc7064ff445d3d71f37,-2,24.0,18.0,Active
635,ef5b3e85b3c17f143e9a09c7d951200d,-2,12.0,7.0,Active
636,ef9043f067e77448821392e08842c9a9,-5,7.0,0.0,Completed
637,f096486de662bdcca775efba905ca009,-6,6.0,0.0,Completed
638,f09ab8cd0dadaaf02cd6ff0c436aa30b,-5,12.0,4.0,Active
639,f210ebe710069528d1aff9f81a0050c2,-2,12.0,0.0,Active
640,f2295dde7c64a127962f6834ca205dad,-1,36.0,31.0,Active
641,f2a0c643b40afb450c9146ccb1c39c64,-5,60.0,49.0,Active
642,f2bfd6ce994f398490280959b4a3c864,-2,42.0,15.0,Active
643,f2cc6655b32331112521e0ec16ad12bc,-2,24.0,16.0,Active
644,f34ab7e2d27243e158831817d947307f,-7,9.0,0.0,Completed
645,f393f0d673698891ef7763e905345b21,-2,6.0,4.0,Active
646,f3b58151ce0d700788323b2b2ca9d1b9,-8,18.0,13.0,Active
647,f3fd63f3c9cc9f7e930ae4e8c12221b0,-4,12.0,2.0,Active
648,f499b43d193959c1d712a354256801da,-2,12.0,12.0,Active
649,f49d6a15f79d2c5c69db1489107699cf,-2,12.0,5.0,Active
650,f508d4fdccc9eae07fee84394e42c438,-7,12.0,3.0,Active
651,f58a303e024abf2294d0acff7d71acee,-1,43.0,21.0,Active
652,f5f06f7e3057ef8a6220b9810bb49c29,-1,12.0,12.0,Signed
653,f707de591f20bb699ced2c4313631e4f,-8,20.0,0.0,Completed
654,f718ddadb2f2ccf842594deafdc1971f,-2,24.0,8.0,Active
655,f7825cc89df0a3665baddede33a196f0,-2,12.0,9.0,Active
656,f7dee7091686c1ee8da6a2c40bf60f39,-4,12.0,5.0,Active
657,f86e7878219220cf0a5e09f0119a3209,-1,48.0,16.0,Active
658,f88a4b0d917a11f21c4ff171dca3325a,-9,5.0,0.0,Completed
659,f8d01045d55b9dc81952ad016821bbf5,-2,6.0,0.0,Completed
660,f8f80ed56b7d0b88d81bfddac6a135e2,-2,12.0,9.0,Active
661,f917c8537396c9f56ecbf2b951c2c3c1,-2,36.0,30.0,Active
662,f926dd937bc72e6c9c1bf6e5efcc01b5,-1,36.0,12.0,Active
663,f9c6f657ab9bf1203c4a0c7cba775ee5,-2,36.0,33.0,Active
664,fa688bbb7ae841b2001e83629b16917f,-3,10.0,7.0,Active
665,fa7ba33b0801ef082576e56cabfea69f,-1,36.0,25.0,Active
666,fa8bf3cbef28fc0e54a285b0ecacc103,-8,16.0,1.0,Active
667,faa8a65ed8209f26aec119dcb5e24e64,-8,6.0,0.0,Completed
668,fadef8f12ef481465fa0f5a03048afcb,-2,12.0,5.0,Active
669,fc5529727ea5ba50dd6b8e3a8a612f65,-2,6.0,2.0,Active
670,fc6acb1685f8ab66ec89680e6ed95dd2,-2,36.0,33.0,Active
671,fd1c176dd1547450fde2d49fdd201d97,-1,36.0,29.0,Active
672,fd41c540e9f0d7a0ae59c70354eccaa7,-2,12.0,7.0,Active
673,fd471edeb71000825a5ca7a313c44b35,-2,12.0,0.0,Completed
674,ffea57e3aeb8fb4b56880140a15442bf,-2,36.0,16.0,Active
