,reco_bureau_id,MIN(months_balance),stat_for_bureau
0,000a75e017becd06d6f9280e2eeaa769,-1,X
1,001c88bb6afa45bf3aad71656bdd93da,-1,C
2,004a2179094c7f6f4b142032d00168d9,-1,0
3,0080e55078022b241355fa279129c782,-1,X
4,00e2518c2e26e5e1b7d1fbf2798291b3,-1,C
5,00e87b70201bb35e35f827d626fc56b4,-1,0
6,00f9ebfb1a833882ea64ab279f7055bb,-1,C
7,010441aff6dead9b36ea206217f5d0a6,-1,0
8,014bb2a86b3742e23f8722809939cb69,-1,C
9,01d771bd290991d508c6daa340b3ca31,-1,X
10,01e9c49ad761ffd64a1e0d87f6b54f83,-1,0
11,0210ed7927ae4599696f3d0b53b6d1d2,-1,C
12,0212b19e54aa45ed2b2381b21e060921,-1,C
13,02260d14c413a48f7b34cdef1a29d226,-1,0
14,02279a54be1d984874b74d5a17327120,-1,C
15,0298a7f7e6ebb1be451077c41b85b7e0,-1,C
16,02afef1e3dd7cf34f3c9d6a6d322c243,-1,X
17,02c2641ba38f870cf4897118feb39df2,-1,X
18,03c2709eda5b0ab8a740cb3c7d741ba3,-1,C
19,03cd356dca9eac9a2b5c4f4233f746bd,-1,C
20,03db268fa3bf39166e48d214d6a5d588,-1,0
21,042f391eef76628a5b34f49ea64fbad4,-1,X
22,043434983323a703903a7ede7d9afaa7,-1,C
23,04385f984e717061be8cb21346d23d33,-1,C
24,04846e82c5dab9aba76ad2bef8f4dc2e,-1,0
25,04de2f5dc25ed695c28fb38b45eeb1be,-1,0
26,051fa5783f24294d3a1c13f19f52a2ad,-1,C
27,0522a5a19fe571a5dc1a5e13a0367f73,-1,C
28,055a6dad60442f7cee2a755f5efcffdd,-1,C
29,058835d7e3035ec92d62392e54f0404d,-1,C
30,059a3fa2eb720baf943d44455c2a39dd,-1,0
31,05af207795c8f225e0355e6b3308a34c,-1,0
32,05d23e4a0850ae8a04a023a9d88d8359,-1,C
33,05f123f9a27080ce78a1b1f8155528af,-1,X
34,0708f3063b44e01ab79f82c86d2a221f,-1,0
35,07325c6c00990ea4edf35ad8fa2ee982,-1,C
36,073266214aacd63dd0739bd60ba9e88c,-1,C
37,074742040ce4593683bcf9c0fab070f7,-1,X
38,078e850f7700da70a996708de1d5a794,-1,C
39,082d2f4e0a00872e312ff6c1c41ac6c5,-1,0
40,0866a8d93e9fbc965db7ca18cf2a3424,-1,1
41,08b5da82fda5343366b58a8a6952ea1b,-1,X
42,08ed7bfb52e78d75d9d0d5d7f520a83c,-1,X
43,0937bfe48898fcbd9da6515a0ab2f216,-1,0
44,096b7a0eb53e741ac9ba0b038563e1af,-1,0
45,0a0ca3bdd7a63e0d54a8800d43a5d856,-1,C
46,0a0e1ab1510508bd93fc827ca24933a0,-1,0
47,0a23de158894e51ef0850c27440f79fb,-1,C
48,0a2d6f24b625eba10611f8701693fbbe,-1,X
49,0ab4aaedaf88fabb638d3f4d4d8faa47,-1,C
50,0ac219fb3d3098440a56f62e0a1682a8,-1,C
51,0b867dbb9d72c8ce143adfbac912ff3c,-1,C
52,0bd3d60c3e4ca4b613aaa1ffe213f3c6,-1,0
53,0bf259be87a669b847837916d609a1f3,-1,0
54,0c149b7542b628088f71fb55c6075c54,-1,C
55,0c42e21398a48282ace91eb8b521565b,-1,0
56,0c5f7a72faa78a65fb2614ada967946a,-1,0
57,0c980180be5b0bdd2eeaac880adbb2b3,-1,C
58,0c9d226a2c999034d3c587bdcafb30d2,-1,C
59,0cf93fbbfc34573164ce186a3c31f1c5,-1,0
60,0cfc46eb703accad4b6b6b2c35d22e3f,-1,C
61,0d11e994ce5aff4fc878d4a0b1bcd1f1,-1,C
62,0db9bad6bd4c2ca6001082fc78efb43b,-1,X
63,0dbd86c49744c95d50f0af5cfb2e6c49,-1,0
64,0dca81bb18a47be4230617fdca00e0f0,-1,C
65,0dfc95d41ba86b49e98bafd87edfc220,-1,C
66,0e0bb0bfa479dcece0bbe79d601959c1,-1,C
67,0e2217df7d70ae49d9548a47c236cfc9,-1,X
68,0e237ff400060843b59e55050a5486be,-1,C
69,0e5368a369c87957d1c51b62d502ec0f,-1,0
70,0ec3f5af7303fc7881d373ef19746d6e,-1,C
71,0ecfffde178d552c4f0dc2c67da8785f,-1,C
72,0efe2f2b47fc7ea7b07d8e5ec2208453,-1,1
73,0f481b35015752b77c3cc8bb1cf8410d,-1,C
74,0f64d0413e7c1b10b434299ad6c7b4d4,-1,0
75,0f6fdc4b974909b5541c56862e2e5d4b,-1,C
76,0fbebb1b6601d13a47af096d8a57f7a4,-1,C
77,1018741ef749947f14459b53d633e7d2,-1,C
78,1037c503f09864f639db7c96d27797e2,-1,X
79,104951832b06a3e8f9df93319634f4f3,-1,X
80,1063a0bf2b31c44edd932ade2b5ccc87,-1,C
81,106fbe9cda5b434d9121b6b0b90ca705,-1,C
82,11180fc839e2f8cfbad611e385adf44c,-1,1
83,117c9d5fa46dd280503e85cbe3debed2,-1,C
84,1182b989ec5fd4f23c8c417fb4dd8faf,-1,C
85,11ac1b5af2e109137e3e98dc88444192,-1,X
86,122479dfaca21cd0d9ff155bb9ed6615,-1,0
87,12352d4b6781fe0ca8c710ae49713ba4,-1,X
88,124966fa426067a6223aaa0ea1f371f0,-1,0
89,1289f3d20409ade403e449f9a857ecd6,-1,0
90,12bd898c9df5f909f2debc38834b1ebf,-1,C
91,12c49766b64f389e85eb4b05ace165b9,-1,C
92,12f2ac54ed501259e2845eae4073dfee,-1,0
93,1312e3974fba386109c3850ed1ad46d4,-1,C
94,1314f51efe571373022bfbf92365fd3c,-1,X
95,131e18f59907afce10149f41ddd5c5a7,-1,X
96,132469dd08bc1a3d911116ebec45aba7,-1,1
97,1329bdf6ce56ec866ff91baf3d228448,-1,0
98,1364d3be4af43bc54094090f41905522,-1,C
99,14526d3f837ab412cf4f47ba03724fcb,-1,X
100,1477e86281e20eff9a7405abf052a639,-1,C
101,1489ce0d28c1b6adcd0727ab67b929ed,-1,C
102,14d4394ed1b3de58ade196faac1618c8,-1,C
103,14d6043c3fc8c7f3d95918f077765fc5,-1,C
104,1550a41a9e12f9fe515a1428a4612a1a,-1,0
105,1561eeddb076c201781f76a6f1354491,-1,0
106,15a9d564f8d8c18c0789b49dbc9c5cdf,-1,C
107,15c7dac67ce98c79e4295f9badaeddb8,-1,C
108,160bbff92b65d874e1c669cf24b36d38,-1,C
109,1628ba34429252110e96fb9ad0a62c29,-1,0
110,164062a894add85acdd9d10b2f27c0c7,-1,C
111,1693cf1354050a815fb3277a17804ccb,-1,C
112,16cb85715f8afaf87aa1bdfe3096fa61,-1,C
113,17045fdf4ad4b2d6e2287d83c7830d77,-1,X
114,1767ad60067b23b2150d679377ec0da9,-1,C
115,176bd8061f45b791f9bf50ef331b81d4,-1,0
116,17ee24b3dba751c090446b4b49db7375,-1,0
117,1813b851783d753b149be955f60bdffd,-1,0
118,1823bdc4a1d9fa280ccfd2332e796011,-1,0
119,1873b324f09b2a9620f2606c0f381b1b,-1,C
120,18e8ddf9a2584bd2130dbc3a6505e99e,-1,C
121,19007341331e033f94e481180e6cbbca,-1,C
122,1917905f6f83cedfd22364f861816c0b,-1,C
123,1970f878daeca97cd71fca2d4d508375,-1,0
124,19f90c5e816ff6f5212c3e1b74243ed2,-1,C
125,1ab0883c76d43dc1d4f49c547f261676,-1,C
126,1b2dc9edc1b01ff099245a0dfc7924ea,-1,0
127,1b36187e4f569e59574afb9f82258a23,-1,X
128,1be195e59ad276fd3b67bbe9df0eef86,-1,0
129,1cae67c979b8053fa9ba74c1ad65e213,-1,C
130,1cc9d51725d3d91d86705cafcf4c2e4a,-1,C
131,1d2fb1e75385e2280f921dd21193e844,-1,0
132,1d565f4219851c88d18856e931aefca5,-1,C
133,1d57ba90dcf3719ccf5c8b3400f46ef8,-1,C
134,1d99fa23b9753fa667ea5ba0c52d4b10,-1,X
135,1d9eb013639f31128c6453365c69d8fd,-1,C
136,1da76d971f23478ebd902160cf1515c2,-1,C
137,1dcbf0027a9eed6389c66a9976b4455f,-1,C
138,1e1608b5b0b3b97de39e79e72ad6c233,-1,0
139,1e4462bad39908d7718d54fcf961183b,-1,0
140,1e44fe737d081f2c24526d1906607e8c,-1,C
141,1e9c94a5103109c403b52c0103dc51f4,-1,0
142,1ec1a8e6b62edc6597ed25c734b24e66,-1,C
143,1f00639c823c97bd00d80f88d7ea0dc3,-1,C
144,1f336452efbbf43c42286295ed8de31c,-1,C
145,1f60e8b3ee9e0308b4db288aa7ca1303,-1,1
146,1fb54c4f12cdd2256041e3e53a35ee17,-1,C
147,20231ecaab2caa858759122cf04439ac,-1,X
148,2063b2644b4eb3863b053d95f2a75641,-1,C
149,206f1d9eb34d4436f2a8a1853597ae59,-1,C
150,20836673e50d215962d6027f0f60ed14,-1,C
151,2092cbc183613ad43bb1eb529ef7eef4,-1,X
152,2126e53262098a9da897a853e51374ab,-1,C
153,2133a98768be1b4f43a58e5e15dbda64,-1,C
154,216cc2d56ecf82f3a14e82ac1d86ebb7,-1,C
155,218aa13db4876b9bb2d6138bae2518ce,-1,C
156,21a99bfe570ff0c468b4787bac7e7dc4,-1,0
157,21efacd673a59cac33676a9c7a330fc4,-1,C
158,22141cc049e2329dc6b15cd2b15ce194,-1,0
159,2219c3b168b805054ab4a60fd66adb52,-1,0
160,2263dad5d560a675950ca62e1b55a46c,-1,C
161,226c0c4e92569da05e8da5c217e2c107,-1,C
162,22787600a2dc8b0b6a9742980d06e05c,-1,0
163,22994de3741356c98dfdbb2025606f66,-1,C
164,22b6ba9d5cc74ca49f5e2b192bf9ea0e,-1,0
165,23193504dfc3f258646ae667f89c5066,-1,0
166,235ef0b6cc5206748d3c3d9eb19bb0cb,-1,C
167,2367af8387e0cacdf85bea67aeddf360,-1,0
168,23c6cc8d354632fc89b6374ea073e9a7,-1,X
169,2450fea233a2aeb8dd0ccccbe97a932d,-1,C
170,249e74eab6628104a73247166dc7e091,-1,C
171,24d351329a3eaeea693eca40653efe5c,-1,C
172,252014dc5f86cd4f8b27368044b7cc80,-1,C
173,252a27a47336fb1cb28a6d85181c3dee,-1,0
174,259f31372a0cff93130f371def1cf1de,-1,0
175,25ae17060f3d82b897e1bc4655bdf47d,-1,X
176,25d9d0ba15d7cafda23a4ebafafc8701,-1,0
177,262b6a912584b1cf46c755816416b8b4,-1,C
178,265a243d4b41953bb26b5797446cb8d3,-1,0
179,26aa23c0d0f1075a3d57c179f0297dc5,-1,0
180,272dc71c373eaac7413058991e57f571,-1,0
181,27385ea0dee5e4db8fcef883591e27b8,-1,0
182,2742d5e9f813184b8f80627fc6555fd1,-1,C
183,27d3c33c7afae7155319403fd8dc7fdd,-1,0
184,27d9cbd342393917fa5c9043c56ef2e3,-1,1
185,289e887beed21a4248beb2f89e11af6e,-1,X
186,28d1de8b9d8f35a6af21d5ce3a2853b9,-1,C
187,2911c80789ae6817ab34467dd9b5ded5,-1,C
188,2956aa20b39347f4c76cd2bf4c624c30,-1,0
189,295d56d6f9c0f4605121c20d17b10f04,-1,X
190,2970d9c888c0b467277e54940f9088e0,-1,0
191,298c74d6511adcb80c59c1b590973727,-1,X
192,299137c96609a22051bbd5ed95212367,-1,C
193,299cf605c8659410351d880547171232,-1,0
194,29a6f59232bd2a50caf040bface014cf,-1,5
195,29c710146daf1b6e7420c9a810c342b9,-1,C
196,29c9eb8ccb1f61826236457d41cabccf,-1,C
197,29e2414dfee35eeafc32fd87633e5aa4,-1,X
198,29ffc2c3ee193dd871b339dcb3a8cba2,-1,1
199,2a0655bb9040345b4edfbef94ac26ca0,-1,C
200,2a0ff0f76cf545cb354693c8fc1f4d3a,-1,C
201,2a7bed28c15e119f1f60e11d92d7d8fd,-1,C
202,2ae06696cb708cc5ba80c0d2ee1d0dd7,-1,0
203,2b24f61578b7258c51ef69f022c69d1a,-1,0
204,2b26e905d982486272aa0e16c9c088ec,-1,C
205,2b2f674a98caa240a0c62efb3dd3a38e,-1,C
206,2bbb84cea660e190e61309df1130318b,-1,C
207,2bc26af1f00512a3519c20d0c607f175,-1,C
208,2bc6f5ff509d71b25c85d6d143b4ef4f,-1,C
209,2c2d1abc833fb48ccaec3de110b78ee9,-1,C
210,2c3e184b0fd36893ddf74eca346b68e5,-1,C
211,2cbc54449e3f7fe3817a9c88292caeae,-1,C
212,2cc91a71f89535b5d2a6d2560a963a7b,-1,C
213,2ce9788ea448ef9141526284da3681a0,-1,0
214,2d60e6102c535331b0555d546374a848,-1,X
215,2d692a08c07618f65f03451d2e89211f,-1,C
216,2d7471173e1480c2cbbc41f52500a79a,-1,X
217,2d7c8c084314014d9f454f1512ae2ea5,-1,0
218,2d82fac1217b7974d2d9364fbdf59d70,-1,X
219,2d99c7c2b376379bc9279ff29f835206,-1,C
220,2db34a2e56c4ca1a65a25c7c5ba43d8c,-1,C
221,2dddfb49bc4b7d383fa86db69c93ad23,-1,C
222,2ddea0bbea546e13ac12bdec4b4f0ec4,-1,C
223,2de901b65e3486af463e8e57aa064c0c,-1,C
224,2e604348c3d3f4ec8f6556b51fe6b736,-1,C
225,2e6a3ad8bb3340ab09c00d8ae7ddceab,-1,C
226,2e7f38fb8b977b12a292a5df33cbc068,-1,0
227,2eb376b3a208409d575876a32b78a3b3,-1,C
228,2ec8e92b7f752408d819f0152128395c,-1,X
229,2f4428b3221c1a6bb45d27fa6772daf2,-1,C
230,2f447c20958ec8a712297520ea3ef774,-1,C
231,2faae29efa0d32c740b6bac0dc3648d4,-1,C
232,2fbc20ad9af43f7fef6dea1c38d5fed8,-1,C
233,2fd6efde7c99c53bf910c4b735973c4e,-1,0
234,2fe09d7ed38275fdd3fb4b7dfe56aec5,-1,C
235,301246c8456fd6252346fbdd0ad44918,-1,C
236,3058796da28e504e2688799f322e767d,-1,C
237,3063a2c587c255de085ccd24742eed84,-1,C
238,307600419349dd02343bab8249715a4e,-1,0
239,30d2af07504b9c0eb20c5db9611822ae,-1,0
240,310638ee0898e82109df69c761f44622,-1,C
241,311842a68bd0a9c7fcffa07cceb6a797,-1,C
242,31881ec7fdb7b8745b387fb09839d282,-1,C
243,31dea81334a62bd9ad254f0773d2df90,-1,X
244,31e0656aadedf0739bf50e8d330d6d50,-1,0
245,31e397c649cbfd4d4f79570887b80737,-1,0
246,31f995ccaea6cf482e830d4ad3568720,-1,C
247,3265cf502d6029a7d464f3d923cd4ca8,-1,X
248,32d12b9c652f59ecaeaae430ad90577d,-1,C
249,32ee4f5a811027897b81da885d564a5e,-1,C
250,32f8464bbfe5318390832c122e6c393d,-1,0
251,333f568479089df716e1c91ae38f698c,-1,C
252,335ce1d85dd052cb6d30e20e4de90b18,-1,X
253,33a5a8c6e4fd1d4718984ec3d3232605,-1,0
254,33b4f186b9beb01b0830e9e98b993bf7,-1,0
255,33e32fa2a22f49554057cde0ebcafec3,-1,C
256,34e66b4a687b89780e1112a6c0665d11,-1,0
257,35539e8d07f7272d807a059ed59d3156,-1,C
258,3567f9ac049e934906f0ea292e130a7b,-1,C
259,359f8df4525dc64858ffb7ce90057778,-1,C
260,35a66914b173ab55f3bdbebf843b4974,-1,C
261,35ceddc56577787f7735314817eb90c1,-1,X
262,35feda44695bd7635886df5b0157dbca,-1,C
263,36019b8fdc7253aed2027fa331cd3b83,-1,C
264,360c2d700751de0896187b4be58378b1,-1,C
265,363b3836e0b661be9740b246ddf0740a,-1,C
266,36680c88312a69df31b53d4ac3a5e4e5,-1,C
267,37513dd08b6a430dddee4dc557ee467d,-1,C
268,37b4bf3f74522f51dd412966bed4ee61,-1,C
269,37f0ded7411450a615715adb3830105b,-1,C
270,380f0291b8f80be3fba7a7bd27c6be09,-1,0
271,381ca9dced95ace3180da14f8a4aee45,-1,C
272,3859d08e046a620e755fcef9520afcd9,-1,C
273,38830aeb0e6126b2a1a9c9aab5b2e46b,-1,0
274,38e52824a8ec65a77571ef717bd95389,-1,0
275,390cf3cce50cd985aacc8b0b183dae14,-1,C
276,39269f1f0420e744b153ee043516a52f,-1,X
277,393dd01ae839b1d28e7778e7bd7a674b,-1,C
278,3956299ad487fc3db0f3a9af54b4d1f3,-1,0
279,39576ad8c44fb0dbd57c76607a132ec6,-1,X
280,39aaf5727abfcedefcdeecf3aad6d895,-1,C
281,3a4e64514670b9ed8076af79ea9033e7,-1,X
282,3a535c32a13919c7025ca1df11c7c869,-1,C
283,3a576f4f91634fa2688a429768ebaea6,-1,C
284,3a7343d6b1e1611201aaca04015ca10d,-1,C
285,3ac0aedafc18b640f42811e9a5698cae,-1,C
286,3ad5b42fccd8d7236b7339eb0aad926f,-1,C
287,3af2e2a3296fb92d88c2097122a02eba,-1,0
288,3b1d674a4dfdaf3eddaee4fe8d3ffff2,-1,C
289,3b715e8de71c1e50edf00326d4bf83bf,-1,C
290,3bece86ddde127ddc6c08363e4f83335,-1,C
291,3bf27e4efd394b8c6f5408214ff58698,-1,C
292,3c0fbc1b4a7d0ec6921abca49b63a4ca,-1,X
293,3c23f78924e8d70349a1f74f42831a50,-1,C
294,3c3197c0d19ffc86fbb7e96ebaf6b090,-1,C
295,3c99fb24818ec3a3abd06ab75d18549b,-1,X
296,3c9ae24c61dc15902577471b9a4ba9fc,-1,C
297,3caf6832924ea1c5cfcda26bf80c7046,-1,0
298,3cee46026969f7935c727d8ff3a8b354,-1,0
299,3d04fd2cb579db609991849cc07d69b3,-1,C
300,3d0a72b1349562c0bc2e3feeb123af1e,-1,0
301,3d1979e1cd2cea236cc94754303c6fff,-1,C
302,3d3609450b02b5b7c1e6f77e295a6348,-1,C
303,3e56a8333fc5c8afcc3c923a3ef73faa,-1,X
304,3e7651b01460566266e78ee270628736,-1,0
305,3e860cafea11b56c79e0adaba4917928,-1,X
306,3eac47af84400cc000b1d28b1d05edf7,-1,C
307,3ecf3daa7c2db901b88326bdcebd838a,-1,0
308,3ef5715b1707e6a20d5752fa1810c28d,-1,X
309,3f91d6f5411a82308b053bd6913840fd,-1,0
310,3fbfa2a2daf71d3b9e8a2e837e234621,-1,0
311,3fcfb683896a3e404a96037f91258203,-1,0
312,3fd8348fc33f2b82d649fe75a1f916d1,-1,X
313,4019c2bbc9c5027e44ff9b96faba406d,-1,0
314,40406047bc27cc6ff8875a5abc3d7ae5,-1,C
315,405d7d93219f0cccb0766abf9841ce87,-1,C
316,4096f125ee7a5ef2377e34537592e33c,-1,0
317,409d366bcc48b1c527bcdf9f437dad37,-1,C
318,40cc08f3c87611048fc1657bd09d916c,-1,C
319,40d46eccb215a82bbab3e09a1a72e606,-1,C
320,414f2efd5df3cbd44fb4d37f9bfe641e,-1,C
321,4157652aad85dfe84c75206d4b0a379e,-1,C
322,41b48fc300276faae11b9cf960bcbb85,-1,0
323,420a05be22e0619d76beb679529b0822,-1,C
324,42437f77ce55429e8dbeb0a2e21bcaee,-1,0
325,4264a06e32e09ed05f98bdb3cf17572b,-1,0
326,426c4a33b0cd90d323cd99c0fed231df,-1,C
327,4299d84fab10dc6cec3c8979250830ad,-1,C
328,43126ddbeea115ccb12d2470d467c63a,-1,0
329,4337693cabcfb48786a8d53fb2842afa,-1,0
330,43552726dab51e25b29650e3c4a106ed,-1,C
331,435dff7a1d5c8f041244d5afa51a2d2c,-1,C
332,43b2d718f31c02ce2a4153df61b8a234,-1,0
333,43c71e66bea97c9b94b52585f478b32b,-1,0
334,4404baacd0e337cf67d4ef7386852793,-1,C
335,44135cae59c47c23a8efb638ae63ade8,-1,0
336,4434c3a57bb82096dac3d0dfc822fab7,-1,C
337,444457efe6848b6754d76f72356a78b1,-1,C
338,449b649df9dd5f78b435fd874b4f2f20,-1,C
339,44b3c2f28fc856a79ad94504ba84e2b3,-1,C
340,4528b0acf64b2e34ef5604e08eb361c1,-1,X
341,456a19967191a9f01f8b96346ad69004,-1,0
342,458863018443d7cfdea6962fc75601d8,-1,C
343,45ba086b61bd99bf279fdbe1e0022d8c,-1,X
344,45cf96173a08e5cd30f3b0aefe55d4fe,-1,X
345,4605b0a62dacb4697fc9abbdd3a965e3,-1,0
346,460effa14db33a6ef777d4924850a1e0,-1,X
347,4655b05c4dfe1bc57fbe3c3835540776,-1,C
348,46648d0feb511332673d165e957bc9da,-1,0
349,467d8d8c3c3383dd61893533648336a4,-1,0
350,46d3c761ee9a1fd2ba4cdec8a7578968,-1,C
351,470072e29f22d6741e38c5bc8e95b8bd,-1,C
352,4706cdbfe35df78b3ebe0647d5817037,-1,C
353,4748cae33730ae3e5141d2a4a7573b8a,-1,1
354,4824e941e4ffe9cd927ee10dd56b078a,-1,C
355,485686f01e076d3fc2020468408dd834,-1,0
356,485f4b6cb34cd45c043f8bf2c19d6f70,-1,X
357,48669ce0b4bbb5818e282c80498f3674,-1,0
358,48ae065597c15b1bf7da633964708ace,-1,X
359,48b4fb7b3ba2649f4339e8238dede8fe,-1,0
360,48bf7146b868ae0ab370f2b37847bd66,-1,C
361,48fe06d4bf0919702382cfa66b8e3241,-1,0
362,495b54c97f6e944bc0eeee2196e37559,-1,0
363,498231f2e3e03e54554c904913261165,-1,C
364,499ea69996bcdcce2d51e86bddbf322e,-1,C
365,499fd6da03b091625d81bda65b4bde93,-1,C
366,49c14d23dffe8527e588aae289f35d45,-1,0
367,4a33002389156b486b07a1d9bca531cf,-1,C
368,4a8b2323ae61ef69521c6c49b301311f,-1,0
369,4a8c6753621b40b192f53fa58f8405f5,-1,0
370,4a9cb178d54e69c87e9e9e64612aeb5a,-1,1
371,4b16c5eebdeb04b1e531d5c8e325680c,-1,C
372,4b2480d2a4f3ea5e8f5761d547245c96,-1,X
373,4b24cb2acfe3835360c5976d38831e9c,-1,2
374,4b847afaee668226c9e8f1317c2cad56,-1,C
375,4bb7db1de69b69f165240addcc3539ac,-1,C
376,4bd41ab55c126999ffc918a087461f44,-1,X
377,4bd776af4a2034347f85fd44dc84f081,-1,0
378,4bf4961509b47f8dc9e0cff1b9f47c0e,-1,0
379,4c4840317125227b16909f31a0580cad,-1,C
380,4cb5de820b1c201d94a94280c68dbe07,-1,C
381,4cbcdd4a2c9d5767cb1db823aff4672d,-1,C
382,4cde79ce157f6c927127a5450b05f069,-1,0
383,4d2cd4d289f3d35744bfd936a0e9fd7b,-1,C
384,4db470b5c0325051ebea02135dcf7f32,-1,0
385,4dbcf169b0e7dfb24b7208cc26a61ce4,-1,C
386,4dcde93fdeaf4e6a94cdfe6d9561acf0,-1,C
387,4dfa5c0283a87798b8ee411d6fee8e71,-1,C
388,4dfae87a892ea586f9f9fd87b333809a,-1,0
389,4e79cfece7c9d72dd8f2e0065434c75c,-1,0
390,4e8b78a5daa81bc694a343b8a558b1f1,-1,C
391,4e9fec8752f5a87317c74378bd9d3eb8,-1,C
392,4ec2c511f573d73042c438da2bc556b8,-1,0
393,4ed28d0d0a9fb74372683b490eb9c67a,-1,C
394,4f12ee171d83df26f10e3c18d9aa5db7,-1,X
395,4f7fbfc5bc7e68f54f90a199595c86c7,-1,C
396,4f9d231140c549a661307789191e5fa7,-1,0
397,4f9fe1568e5c3672c5368e08c3e75540,-1,C
398,4fd7daa172aebd0ba721dd8cddae76cd,-1,X
399,4fe33f917c841498102393f491b703b4,-1,0
400,501ae2a6f9e7b080e2417e3a4f528617,-1,C
401,5035cecd86e054dfc5230e1424b6f229,-1,X
402,503e82da97ec5c968c622d6691f657fc,-1,C
403,5064581785c58553fd9a7967c871ec34,-1,0
404,50aac60ea50806444bd541e4de25b2df,-1,0
405,50cc2e14f003b140e920670036b530e0,-1,0
406,511e895dbcd8423559926d049b126998,-1,C
407,5122221b1aef3c18ac8856ed61c42915,-1,0
408,513d57fd36ea48d5a98b31ea0d1cdbb5,-1,C
409,516b564a414b971656aa4dda3256945c,-1,C
410,517db8e1753886117d44817d5f051f14,-1,C
411,51a01238bfb7e6afe0c39ca9e5f50abe,-1,C
412,51a593c2ce169d74e3f22f402c33aa3e,-1,C
413,51c6660af8437dc0640770673d538477,-1,0
414,51e404ace8476ef6d68dcaa50d8e7ad0,-1,C
415,51e7fb7b7e5d66f1054254b48065c4b4,-1,1
416,520fa72607a66d46e34b4f16e217a65f,-1,X
417,527689db43b552e943ec104b68f1bb27,-1,C
418,527c401e2ebbb289ef0c741b7bb1e421,-1,0
419,528df93726d864b991ccf9c3b3370dc8,-1,0
420,52907aeead6400614158d045ba2b90bb,-1,C
421,52c4adb2997774ec89e2210b557500c0,-1,C
422,53096a3634959bf17e1cdea22c3a499b,-1,0
423,536064a10b027c6549a26c34d4588e51,-1,C
424,53afa59391c755d54a48a59317bb6e74,-1,0
425,53f3333a0e663ba129954696eaee5ea0,-1,C
426,54eeeebad478a3255397738fb186799f,-1,0
427,550a342c34420218e664354feafd2f73,-1,C
428,5544f0c57ae8cf3441fb462bed75114f,-1,X
429,5574174b5916a04e58cc92319f5df3e7,-1,C
430,55849b4c83a3d1a93bfefe4b25ee9ccb,-1,0
431,559c2b83287bcf6b24b528cea6d3da6d,-1,C
432,563d47418e50477a781d0c8c6844e379,-1,C
433,56606d89006d5a63d79cac93b61db5db,-1,C
434,568c6f6fa3b7a46a19fce8a65b483fd9,-1,0
435,568f3c8e6706c8beda1b8b99a9f32421,-1,0
436,56a639bc43bbb624e61ed8885d966c8b,-1,0
437,56d3a2a1b1941b28ac58ad6bdecd7d02,-1,C
438,56e6121da6e585b7e30b3c1e88b077bc,-1,0
439,571fdba6f74d4d012811ae0fb843b128,-1,C
440,57bda5e58ee8905c0c41685ed5a139b2,-1,C
441,5800b4259c117046f42ae07b95334a37,-1,C
442,5854b4a553b9d851413478b9141ea0d4,-1,C
443,58622721048aa0af6e5896cdae80bb74,-1,C
444,58ab36cfe49e161eb46f320cccd491b3,-1,C
445,58bbf08fcb70df3762362be622558cbc,-1,C
446,58d17211c53f1e5bea1bcb6f54a58964,-1,0
447,59594bf89946e0be7b1447522c90c074,-1,X
448,5960263e53e84a878e4416d594e33979,-1,X
449,598fab35f3749b2acebff0dc09f0fdeb,-1,0
450,59b13d01e6cab075c927794ab5036c54,-1,C
451,5a2ee1c48bb2026a19d4fd35faa0658c,-1,C
452,5a4456a25af43bf0047cb4e246ffdee8,-1,C
453,5a6f3bb144d43f18758396f52ef8f73b,-1,C
454,5a73637f10409d4b32d44d3586e6f2e5,-1,0
455,5a931d419a852ade0d9d71ecb290cb1a,-1,0
456,5ab50e85355d864c522fae1d92cdf314,-1,X
457,5ac8b5e5fd9da123c834a654f391dbe6,-1,X
458,5ae2b59a21e2fa49aef7a21c6bff8b4e,-1,C
459,5b31bca5c98def24eb5024318c02677c,-1,C
460,5babb331135b52df505395848630f197,-1,C
461,5c758497fb00c754ae898b80621049a0,-1,C
462,5c8ae01fbc792d0e62e15c347ecc2f6a,-1,C
463,5ccc816ed7c379bc93abf7906eae6085,-1,C
464,5cf0dc4d974bcdbae5be307069062ec5,-1,0
465,5cfa2439d153fbd88f27a8232cb84f6b,-1,0
466,5d10c4d62739701df08879e1298e0bc1,-1,C
467,5d613094d192f28576318ef3a7e214ec,-1,C
468,5d97f69276351f4dccf0d16103c4c77a,-1,0
469,5dbad550fda30865297bcb778595e59a,-1,0
470,5deaa5b7700f356faf2c5004f951cbd0,-1,C
471,5e06cd2194e8f752951b2d6855aeec47,-1,C
472,5e7187e9e19e8271ff34b76ba87d8a83,-1,C
473,5e95c12c0059720097e4dfe52d47599e,-1,C
474,5ea5b050f2f30488e984cc2182d61236,-1,C
475,5eaa4f885a763489a94a8f4bfc1a6f82,-1,C
476,5ecac9c2728f1c903ea29503151df955,-1,0
477,5ed5dd12c14643187c3125c7e4a6e70f,-1,X
478,5efb417a961796c17276f640a6819bb7,-1,C
479,5f26a7358b36c026590917d0274fb728,-1,0
480,5f2e106a646cf5d97d481576eacf591f,-1,X
481,5f9370082a7b67f1d31e88bab2ac0a6e,-1,X
482,5fa018f7e30c859d8956e5e4282ae449,-1,C
483,5fd18a5789c15c548095d5f8e81007d3,-1,X
484,5fd75ecb15a9da3d32ec90c6838d5071,-1,C
485,60311f18227ca13b40738096c706f8c8,-1,X
486,6063d2c87170c65971394e19acdbcdd5,-1,0
487,60aded5daa3747ca191bb08b93006e34,-1,X
488,60ff5e42536094c7d8714948b5890095,-1,C
489,6125ae41c777e54f7d7da97422cf001e,-1,C
490,61348698fb19f8b16910551312924093,-1,C
491,614f84d98767b0d837dbb984e037e489,-1,0
492,616562643ba26aff1498e4366a1a3200,-1,0
493,6189815d99746a6825590331489bcd43,-1,X
494,61b9c4ea39fe780da707354ea2052b8b,-1,C
495,61f95f4b86b60c370dc494d62dfcee1a,-1,C
496,622fbaeb9e9d400593d9a7b8b4895c38,-1,C
497,623d9b57d0303f6cf17757f518066392,-1,C
498,6257123799f43773f25becbffcc98eb5,-1,C
499,6286b00b084a1fb374518a1ce25a273d,-1,0
500,628ffdd099d315b156c4e4048a5770b7,-1,0
501,62a59cb795bfeafc3abd61cd20883b3a,-1,0
502,62c0bbee72f9b150ba935b2dd4b45845,-1,C
503,62c604fdfd0616f74b7f7387e285c0d0,-1,X
504,62d2fc8261385a7249cc57992036e11c,-1,C
505,62fbe8a37417355d45a161dbfcabdfdb,-1,C
506,632efccbe150fe8dadcbfd7c01bbff09,-1,C
507,63382fcd73917667517d72f8e6fd08c3,-1,C
508,6362e628913c94fb612ffe88c3c66371,-1,0
509,63697340fdfc616ed99aac56210e9c9f,-1,X
510,637b9ba1b1a99750bf0df96416ef64e1,-1,C
511,6383e9d8b64f77d040ce1a8a483a1406,-1,C
512,63a45829a43a59d80ab7ce167e640b06,-1,X
513,63e791997d21ace2060483f5174fab00,-1,C
514,6437909134158cb93f2076dcc17879a5,-1,C
515,647f7daaa520b22a097983f8e220172f,-1,C
516,64c7de24f672456cbefec1b30b569bec,-1,0
517,64e2d56fa536f6e50d8cae770aca5995,-1,0
518,6500e1759d77d3d0babad123ecca5332,-1,C
519,650889e9e864552e0f56d206e7be4705,-1,C
520,655c8ba941c3e6244fd28df94e810780,-1,X
521,65962643c10f01ee05c6ef02dd961ea3,-1,X
522,65b1d93e67b8066daa6286c10aa15566,-1,C
523,65b681f293dae6000587e5bc07646a8b,-1,0
524,65ca20f0b1bebe71e93f8a22d8ef73d4,-1,C
525,65ca7ba75bff2fdd13b5d67c7ef2c79e,-1,0
526,65d34efbcb040ea6c93c6314b48c2a31,-1,X
527,65d8aef4ed55c6d049fcab25f2f34b7b,-1,C
528,663017534abdf6c6ecb47823d7f21ae9,-1,C
529,66e92e4fb6a9d51cd8e1da72024dfe6a,-1,X
530,66fbe5e317c4a01168a6ecb015af7de9,-1,C
531,673b8ebc60c0c7a5aa0c3a58ba229016,-1,X
532,674063aabc5f2f77304c7e7d24c15d61,-1,C
533,675061560fc0ec3b5dcce5c8a4d10d86,-1,C
534,675b4071a6487f33b550af494840d9df,-1,C
535,67a5c60f6fb231123e43aa32f5704bd9,-1,0
536,67d7723143805b4cac2127eaf3db32e7,-1,C
537,67e9738474be83f55f1233001a6ac34e,-1,0
538,682135d9c7ef781aeb726de62b7f982e,-1,C
539,6833d36566f4b47cf0b0ad91bf297545,-1,C
540,683fcb10afba98183e625c0992596cc5,-1,C
541,6854503b37ebc1848d0e874a4b497cab,-1,C
542,6889231acd403c3034f9e261d5ca82fd,-1,X
543,68a7b2730e9455cf6a58a2dfa9aeb3ee,-1,C
544,68c75ad3b732a8542a52d061d65f977a,-1,C
545,68c7c60675ffe95145a8ea6455bef015,-1,0
546,69413c1d2d3866fa84053a9e815c55f0,-1,C
547,6955f9fce66b2038b05df1cd863c5d69,-1,0
548,696b510445f3e18980049a0f6abb64ec,-1,X
549,6982d6f2d1f54323a5ba4a663b3f6faf,-1,0
550,699e1a9fcf31cbf7b9fc969154b73dbf,-1,X
551,69a3a4b9046ae45c687e7b3adfbbfbd9,-1,1
552,69cd6df7fe2d65e74d9fd42d567973aa,-1,C
553,69dffca3c07e40d4796dc4728d06786d,-1,0
554,69f9f7c70c9e81affa6799a79b6474e1,-1,C
555,6a1b5ec883b930a368d1bc49b4cbd829,-1,C
556,6a67ffaf7519c61a35efd86bbf983cd1,-1,C
557,6a822c9f1ce8fc1695de00555b837e89,-1,C
558,6aa7bcda619fb823a37a4e25fa153440,-1,0
559,6abc6f1a603ff0d76848a1f6ae365c86,-1,C
560,6ae355a4a8632e25f513344b5468865a,-1,C
561,6b03f907c86747714b66bd9397f4390d,-1,C
562,6b0e2438751500a9585ae2aa2bf73374,-1,C
563,6bad93d7e531672b1d36954c587f3c9d,-1,0
564,6bb55f31d990c938b3d29538b6fe60e8,-1,C
565,6bbe5b855977cec925f5aad0a3d2a283,-1,C
566,6c0b8d837123413d7bcb8f5e77872569,-1,C
567,6c259908313bbe6d58ee893418cdbdb4,-1,C
568,6c4cdfcfe4fa35d39ece071aba55db21,-1,C
569,6c9cc8823b460c3eae49b2f8dfd8b694,-1,C
570,6cf5a189a6c96e7d1a0a35d837cda0fa,-1,0
571,6d1104677bbca9dbecedec2f1c8af938,-1,2
572,6d183eca1324e187a8e38cfe121091ef,-1,C
573,6d3371247cd9a0dd87b7f00df87cfa14,-1,0
574,6d408a109bf4c0068b3c630cb3d574d2,-1,0
575,6dbfd3ffb5e6dc2fa0ac8e32216d2fdd,-1,C
576,6dc0416f5780803e91e1088b23a7583f,-1,0
577,6df32278975332276dfc215628bb2ffa,-1,C
578,6e11afefd153dca9e0ce314948fae40e,-1,0
579,6e1c5875cda9491297eee2b08f6d47ea,-1,0
580,6e254d0b8d8c76199584fd7ec6483d28,-1,0
581,6ea9c94d368b331ac00556c70dca7452,-1,X
582,6eec14e47e1c1c560aeaeb381391644b,-1,C
583,6f08cf0f158ace0b010c2ea91a10bcf6,-1,0
584,6f137c27ee340342524d0625771bf9c5,-1,C
585,6f408752c666aaea49e5ea7c617c387f,-1,C
586,6f6f41abb43df5ad0d891d5e6c69a279,-1,C
587,6f8de4e9ee49fc29e6ef49abf1238807,-1,C
588,6fb258fe4b5d3adc5d8bfece4e00aa99,-1,0
589,6fc56f318b39b4e52a80c9f1e6cafe3f,-1,C
590,70178c23edc0e2417fcc7f997b2d4486,-1,X
591,70263aa9ce7ba6132f8bf2e2d1922f86,-1,0
592,7031f1d6e73bbb0fea19fc1ad1057a94,-1,0
593,703e57d16e0d6e21f0e26eaf14b46168,-1,X
594,70537278347082f24faac2148862f7a0,-1,X
595,7057c546cc1f761b96dfc51af7900479,-1,C
596,706d6bbda5360e80e921981b0e727712,-1,C
597,70d106270b463af1d39242262d0192b1,-1,C
598,70e30b2f759d3096b66fc6fd9d21af99,-1,0
599,7100ef0a14490eef411c35a939fcb07b,-1,C
600,71046cb22f2198e0e6a431e27e361931,-1,X
601,71220e9ad00b4e358c827f4c12d2faec,-1,X
602,7191c8f42f44a37feb3bc017c198af9a,-1,C
603,719ba0103362c3c4db542efe8f165e53,-1,0
604,71d9b0979d7ea614f841d4884146bc1c,-1,0
605,71e04116bfc491dd2da7c2f109710243,-1,C
606,72419d08ac86a6735b935f898fdef202,-1,X
607,7253f4b7372d6396f5d27957cb6d6e24,-1,0
608,728f44a58e4709a324b93257d3150c99,-1,C
609,72ce4dd3c79244fdb2a56e5204256e79,-1,X
610,72fad62c2bd971ad6dd86c3a4586883a,-1,C
611,736472f3c84965b3b227bc0ad0944c48,-1,C
612,736fb88400559c26f2d92a8017fc41d4,-1,C
613,74c6447c727cd8a180b6dc2017c98ec5,-1,0
614,74c6cfad4d6142d195e2916fc59fdadf,-1,C
615,74d2c99e92a9e3e2053190f469f42ba4,-1,C
616,74f7573a138f1a46b5db95887666f915,-1,C
617,751666e7b2f6eeec3f600b4a8f5e4cbf,-1,C
618,75185110ddf2f68df9065f538c9776f2,-1,C
619,754772952e0ec3840dad9e3a44a755c1,-1,X
620,754a08c1fa5c84cbf423815df3f8ca2e,-1,0
621,7557f5e759e0268bbef0415aae483fa1,-1,C
622,757b516f91676a40e99bb5f8c7aecaae,-1,C
623,75901df021693640fffcb180e37ce55b,-1,C
624,75ed0707aa9926a83216e560cb432471,-1,C
625,760487e27e2519d29d8e190e746860cb,-1,0
626,760ee64b2aa34cc9621ef841f1a5631a,-1,C
627,7629c29e666e3f6da8a8298dcc674620,-1,C
628,7639c36c6145532db8169ed5c5b0ab4b,-1,0
629,763e554219deef1b9566dfa61205561a,-1,0
630,766087c3ce398d6d93dbb66e98e90ca2,-1,C
631,767529d8c25fe5e9e9bd67dfc1bf3d08,-1,C
632,7683487575b611ede977ee3e6874440e,-1,C
633,768779d3055a01e52b298faa2b26a6a7,-1,0
634,76ab3fc2015a567fda94d18d00abea7d,-1,0
635,76b1a22a2cd13327103d48a91c531e60,-1,C
636,76cca37c3949edfcb74b864f18e0c06a,-1,C
637,7703f2dc362836e04d7c2a24649cf38a,-1,C
638,7797100b43446d30db21fb9e3355d130,-1,C
639,779a540e56b5bee8ffe9606525159b81,-1,X
640,77a6456d0250ceb3a5f9b7700c949f54,-1,0
641,77c649af381d959c7a84e189af52b6e3,-1,X
642,77da278c39c77504b11e227b0c0730b8,-1,C
643,78058973880626ce9550da3c102fcbe0,-1,C
644,781df1d5c44a00f923910f31a5b88d48,-1,0
645,7830abe74c7bd40d965a2e29f16111fa,-1,C
646,7858a3f909bd0e2a74b8645a16e59f2b,-1,X
647,7866cdcd13c4328b0865f82d31f1b6b6,-1,0
648,78a007caae53424e500270505ebf29b2,-1,C
649,78aae7fa08fc62cf12c0aa58c568a177,-1,0
650,78cb1af112e43b9206383f8037cf6683,-1,C
651,78eef226379211e08a1e6d1e5cf91512,-1,0
652,79a8f29726b31811b50a27716bf0e79b,-1,0
653,79fc48d03e8590a51c95ba0cb1fc86b3,-1,C
654,7a06e662256f69d9aba698f9f378676f,-1,0
655,7a154a4ad9c3d9a800c62e46745ac5c3,-1,C
656,7a6a8fb62e379db4efc9075bfb7486fa,-1,C
657,7ac08b767aea7b6641b7654ec56c68e2,-1,C
658,7b084dbd2011f5c0ee752a191efd6f64,-1,X
659,7c0f058ea8f1520f08c9f86c56e6b0a2,-1,0
660,7c991a4e6eaa60f0695ee0c62d2f4ece,-1,C
661,7c9cb9abf397e6faf11befbf293ea167,-1,C
662,7ca7871034719937128be1cd9234473d,-1,0
663,7cb8fb8bd36e388006f02d11d3a8239a,-1,X
664,7ce6c0b113bb37753886f55d55d91e2c,-1,X
665,7cea45fa6b7e0f24e82742ea88c2e9b0,-1,C
666,7cf33280ed32dddb3b5ec90af9847418,-1,X
667,7d0568982278ced5d48b1f9550deab61,-1,X
668,7ddd7a7b8c6790e8f2cc04e9542db1ea,-1,0
669,7e22930f897480b10a1b9eabc1834234,-1,C
670,7e8d5c0956b553a32dfac3292c613816,-1,C
671,7e9268f7eccf9d6afd0c8af855f6eab7,-1,X
672,7ea51a22e5d7556b039bc9417016ce57,-1,C
673,7ec94c348bd0558c8b8cfa73230e21a6,-1,C
674,7f0763c9c0d128bd2c761766a4d46804,-1,C
675,7f150725925d9373ed2cf1fdeb567e6b,-1,C
676,7f17920e84206fc1092716b768df7ffe,-1,0
677,7f50cabd00c1591522b26160a112888a,-1,C
678,7f773ba5358c5524b837b6d0a7c24e7d,-1,C
679,7f7dce838e03200143dc3646ebe5d2e2,-1,C
680,7fb591d5894c3d6c5850da7a78c1a361,-1,X
681,7ffa423d4b184504d1d4292fa83bfd82,-1,X
682,804e98207e7e8b64f0f81193fc011286,-1,C
683,8050a2951151c6d3af49dd1f574e897d,-1,C
684,805770dfd8a9eab62965b266a7cf02ea,-1,C
685,80618b238143eeacffe02dddb5ac5905,-1,X
686,807d53373dc463603b645e89e61c7e15,-1,C
687,80edac170361b9fe6fac3b2c60a3cfe8,-1,0
688,81267c00d8eecc139ce292fb58c0da85,-1,0
689,813ac9c8f1d302f6ef124806d7e1e64b,-1,C
690,81828d0bfb5e3d60451818ebf4f74c17,-1,0
691,81aa74b250b2ebdce6388d5bd5d222b2,-1,C
692,81c9d6fc126dc45a13ce0dcada5e1764,-1,0
693,81de91cbb9c204be1cab66c6fdacb012,-1,C
694,81ee10e1e63826e3e34e0681d267229b,-1,0
695,82039ba2790fcbc0d1e5ce342fcd9bb0,-1,C
696,82117b33e99b1ed3917f93ef9a36c52e,-1,C
697,829bb8739e3f281f571e2de033080b92,-1,X
698,829e1eb654ccb820ab80b4b0cf0ae08f,-1,0
699,82e30e8e2e6473da00034021e5987ff0,-1,C
700,82f54f24e2267bea7e01e4abb6880d55,-1,X
701,8319aaf63cd7b6f9aace6241e4785cb4,-1,C
702,833d601e46400cc9a2d6ae2c4cbda04c,-1,C
703,834e9287c1410a01b1ed9204d6f2fed4,-1,X
704,838f9e06ecdbcc59db666dbec0a2c115,-1,0
705,83b549b80b14e727c830ac86ac4eb61e,-1,C
706,841549774dcb0e353138aeb6ec7c31ab,-1,C
707,842efa9c5555204dab43cfcab16d4604,-1,X
708,84438f887b2a5318bf7b4938d82a7c32,-1,0
709,8458532d051be0f5574085a1882ec6cf,-1,C
710,84a44389ff916f0cdf2e62fa39e62635,-1,0
711,84cb42fc982787d4354f6f73fdb971ab,-1,C
712,84f69713601391295034d3c7883533db,-1,C
713,84ff92f3600d4cfc2891cd8e40b351e3,-1,C
714,8538c59a60de73878bc0c21d481732b3,-1,C
715,85a2912dff37f6b074c3e9b1b8c257b1,-1,C
716,85a37143886c404fce73b5f72060326c,-1,C
717,85a588939d29b828e85cddca6f683ef6,-1,0
718,86202b75bbb1b974bce0d95f3f7b8b3e,-1,C
719,864263f856eee9d7e0bbeee362a25f1a,-1,C
720,8646c92a17536fa1e4a8535e9fa83ce1,-1,1
721,86547e0cfeb7082d37db560fcd9f685f,-1,0
722,86990486446bac9e2798cc647151173f,-1,0
723,86c8d7bd8255e8b23252eeee6e4b4781,-1,C
724,870263cc7299ef2b98f41c07e04633e1,-1,C
725,872dd51fa72c3c4c8dd48a39c095b8c6,-1,X
726,8762c9c9fe40ef9a999780414a3debe8,-1,X
727,8788643501ad63ae4d0e4eb68cfe930d,-1,X
728,87977b8068dc6a49c6d52f697437fd7a,-1,C
729,87b1b359a39d2a986924b465bf02a7c7,-1,X
730,87c12d17c96e857dbe7a3afbca3f1d66,-1,C
731,87c6f6868418ffb9fdf06cdb1b35fa80,-1,C
732,87dfdf2157ba904aed72c288a670c779,-1,0
733,87f439f9289492ddeff047f62dab8c26,-1,C
734,883b6436e28d49d4b5dc7343bc6c006b,-1,C
735,886e15d22b0a5ef3a189bdda7f592b8d,-1,C
736,8895acee5e9673ee0b4d81474a96acf1,-1,0
737,88cc39fe081449a396bd0da89ba9490a,-1,C
738,88d652ce0aafcd12f18e098415db97cd,-1,C
739,88dbbf125eb8f74dc4ef363cb43a4ba6,-1,C
740,8901510f50f097a432e618f4a1649a30,-1,X
741,898f067c4d7f3d0a430442319bab3c4b,-1,0
742,89af1f2f758647f198b326d339c139cf,-1,0
743,89d81d6d878a3fcba65fba3c40897e4a,-1,0
744,89e072ad74761ff37a00c6c109fe2b36,-1,0
745,8a3ee7c35bd10f03bfae81fec72ac85d,-1,C
746,8a7d9f6e24bb57b4204165fa54633d99,-1,C
747,8ac7aac6af6cd73dfa7e842aefd19f2a,-1,X
748,8af78cbe39d3cba419358d6063801268,-1,0
749,8ba6c85df62ec9a02529861a4ab0f5d5,-1,C
750,8baf2aec78180e7a30af546428b15e3c,-1,X
751,8bb6db6252baee2534169687a3d8dd02,-1,C
752,8bc731722182745aaacd1a5749c921e3,-1,C
753,8c24a36dab4a50ce1edf0dec43b2a7ca,-1,C
754,8c29f7d9194b46053ce661984dd26024,-1,C
755,8c595036c1a43dc4a8df5343db5fe44a,-1,C
756,8cd2d834e4848c9cfbb6db47a5e977d7,-1,C
757,8cd8bfd592cd5e70f4f10e952f7f0d80,-1,C
758,8d00419477af8f59fc2d7b0d3ab0618d,-1,X
759,8d0e8c11c66ac472bad43e439ae64fa3,-1,0
760,8d202706547f0ebe167203ec25db3ac8,-1,C
761,8d52b64697773601229f7533c8bacb55,-1,C
762,8da21af4a0c8f27898d33017a38f4e02,-1,C
763,8e6cd92788e108d96679122bcb5154ad,-1,C
764,8e85ec223dd3bd9f3bf44e55aac9cee6,-1,C
765,8ea284bbeabe98195cdce2a417730163,-1,0
766,8eb2b88ffb7122b53785e08192d1560c,-1,X
767,8eea82f5e4de26fd74992c3d06d8cff6,-1,X
768,8f27d62c0f5bca0a05fe9c852d34e698,-1,C
769,8f97bc8948c1623170965a8fc953f1d6,-1,X
770,8f995fc765f6693ed5f6d9a291e8a045,-1,C
771,8fb301a038c6526f1b801eeda5de9c77,-1,C
772,902338c6136b43960642e750f92fba09,-1,C
773,903ef0a6dcc6e9f00300090c950fd00d,-1,C
774,903efdeb53e5bec7f495dbf7dacbf15e,-1,0
775,905900865bc784b1792eefa193a10b39,-1,C
776,90666e8fb6eff48fc5ffbe32ef0eff06,-1,X
777,907e6abdebafe940eb1c09342ac3c77c,-1,X
778,9089a68c301ad079f6ec288b45f8ce1a,-1,C
779,90a079106d21cbb246c3617de429131e,-1,0
780,90b67eb28e6d34e6ff7f73add47c0453,-1,0
781,90e3ee23d3f4312f127cc0b7a3e377d8,-1,C
782,91095f374ad29eb77cc6142f6075ec56,-1,X
783,912098040e4b06e84e9d7c8c414f240e,-1,C
784,912c2d126fa7821fe983db4d370cba50,-1,0
785,913847cc91a6abea21f4537729584c46,-1,C
786,913c30344dcf2f26fa7f85ad0f9abaee,-1,C
787,91b38b579efade9feb32d844f31806ba,-1,C
788,91ba743af0818c61b0fee247e3589a6e,-1,X
789,91c7bcb4b294665f3b87ca29daa9e095,-1,C
790,91cf4f04808d1684a8f8fb55fe26ec41,-1,C
791,920a097df21ac902cc5876d4ff9f5f56,-1,0
792,9226aee9efcf38198e9d609965ce51ae,-1,X
793,923ebc2c9a4a1f04e0b4649be00b5dd3,-1,0
794,9252778f42f9822710654f5bf4577b06,-1,C
795,92ad51dd67de86485a84c3fbbcf3677b,-1,C
796,92bc083009fb794fa6740021827f6a89,-1,C
797,92d1ca7faf379ea792870f2750e7e6ab,-1,C
798,92d558208000b798b337dddce8847c93,-1,C
799,92dd9c0adb553399c3dba1ac8f3f16e1,-1,0
800,92ffe8cbdbbfb0a1cef3ece1667eeafc,-1,X
801,936116995301f67637d3eb11e0be93cb,-1,0
802,93653b00b8c99b9a1b10c2f3cbd4d2cf,-1,X
803,936d53d4a56bf52df340c5e2da63abaa,-1,C
804,938e636a9369fe2da4e2ac56bb6dfa05,-1,X
805,93c2930d354eb6a22a3c1f8f59481bfa,-1,1
806,93d485ef7dc2931074569989c2a61d8e,-1,C
807,94164bb302b854657f280dc5030819c2,-1,X
808,9424d19de3847fc557db8a0ca1fc6f3c,-1,X
809,9491e08f92d76641d179e7998a301dd4,-1,C
810,958477b752aed8043e975bb334c21560,-1,C
811,9630f2bd94920b09a55f4a2ab2239a04,-1,X
812,9643ce29f7158ea1a07cf6202320a597,-1,C
813,974a1806bf01b19b4cfe9e868a8170fc,-1,0
814,979a97ef8e674bdd12ff7ca44709e6b7,-1,0
815,97a1f5fad82fd064a48657c3d991c0bd,-1,C
816,97a49377ce11247cefd04e1ab86ff601,-1,C
817,97bd93b06887f0cc79e97f40e98f9ead,-1,X
818,97e5355189ec06eb8ebc67e59373602c,-1,C
819,980a24f615ab8af276813be6fc66f512,-1,C
820,980a28801a2e8bf10e4b6805acf54bea,-1,X
821,9817cb6b0d93d60e77b5c932c3d530f8,-1,1
822,982e01011771c502095d7821d7dafb34,-1,X
823,983d89cce17c0f841df5de1256b6203e,-1,C
824,98757c1886794055474de82ba225701f,-1,C
825,98feefdd6b32ffb6e2aa56b89352d250,-1,C
826,994458b66f35e1c28853f8e385f3f1fb,-1,0
827,9948ffb7f268ef5b49b946a9d7257fac,-1,C
828,9971edd67d4990d805c4424c0dd4a1b4,-1,C
829,998d59dd9828ee7cacd3975a6e425250,-1,C
830,99bfdce77e8a9e56131d6ac681de1d56,-1,C
831,9a06845fc6b3b2bc6c6bc63838ee3b5d,-1,0
832,9a6fae9554d95e672bc0bd6bc931acc6,-1,C
833,9a9387d2c292cd0000dedb39c722047f,-1,C
834,9aa6fad2f5c57aad33a04f6ea96f87a6,-1,C
835,9b3d65fc489b079587116a16c526866a,-1,0
836,9b49a0754cafa3d8e2b8d2ad8b7d2319,-1,C
837,9b95b9e61361e1764f2e311ebafb9ba2,-1,C
838,9ba17b6db3dca7d2f5578eb7ad89d7e3,-1,C
839,9bd3c6a278df663482edfda54d1674cd,-1,C
840,9c189fc75fefa6605f60f93df732c657,-1,C
841,9c192411909fdedfc83b698d0189a382,-1,C
842,9c47810988263df24cb7c67173cecf45,-1,C
843,9c5b0fe82dbfa5a1a223fb11f0404756,-1,0
844,9d05fe6d398e4873b9f807228666583f,-1,0
845,9d8620dc911f57b4bdeb516fa7599631,-1,C
846,9db3825edc6daab5c1cad92377bd624e,-1,0
847,9e735881f3e050efa3c850e960fd5740,-1,0
848,9e916c5a984ae0212f7d7a5f720f333c,-1,C
849,9ea075ef1c2c56014e51eeb0f4a484b4,-1,C
850,9ecdbca4b63fe4114a49a426f9a2d912,-1,C
851,9ee2eddbd611918aa5ceefe3e86e6a18,-1,C
852,9f5b031927757fd27b89ce2844c196f5,-1,0
853,9f616d401e926453fe97fa438452863a,-1,C
854,9f913307eb894e316e697258a2a97b5b,-1,C
855,9fdf55f5573f9761b2adfece9eda0020,-1,0
856,a0006a715f5a09a579f4f7fb17deeb74,-1,C
857,a0021f5406a1b2cbdff08154a567b90f,-1,C
858,a0029f753a94106d828f5788b5be2e0e,-1,X
859,a04318e70558d4b83d4409fe2c6cd0d8,-1,C
860,a050c3af81f0752350b8527109ef8a62,-1,C
861,a0d2f8d6607cc228bf28b523ee374aca,-1,0
862,a0d507d35b4ebc6a5c159d554a37052e,-1,C
863,a100a0bc222eb08bad1b1d97b344fb88,-1,C
864,a1036bf19d17f66c378aa0633036e268,-1,C
865,a11137f0cd93b8e3eef5ffe2af156182,-1,C
866,a1977c727d514e27ecdd4839b3f34dd4,-1,C
867,a1e4f21d8e85967481d24fd3e0460004,-1,1
868,a1fd992d25d42838c9bf6505974865ab,-1,C
869,a29007762ac26029c0814aac7657d2c4,-1,X
870,a291e6c5254b7938e35a2f0882d401c9,-1,C
871,a2937ee518d6b2790ede0d36046a948b,-1,C
872,a2c5e58fb4b4dd98258fd533b1631065,-1,0
873,a2f210ffd4d30acc2d81ab636314f501,-1,C
874,a2ff9d24ce714a8759292339513ecc5d,-1,C
875,a37dd4bc9ba6fc62e2c1cc56cebccc94,-1,C
876,a37ddd1820f4f9a763b3fd9633312298,-1,0
877,a3a2f70de4c5827a4057f90371c7200c,-1,C
878,a3eebc8b50428ccd8ace56bd88e81d5a,-1,C
879,a41bb07feb5d0e28e836d0fb37acb6bf,-1,C
880,a42ab4739c7624e5ef41d825374f425b,-1,C
881,a42d88e9c7c9b8a3506d723b2797f7d1,-1,C
882,a433bba7ac9008c4896ac965e8c2dd1e,-1,C
883,a4971560a7f23daf107f839f85169f2a,-1,C
884,a4be0dcca21ab482189558d5cf342fc2,-1,C
885,a4da797485717e335c287407ca6600ea,-1,0
886,a4ddd9dbdacc362deb0740b3a46fae49,-1,0
887,a4e6e916985dd1cf2a476bc7ade0c0f4,-1,C
888,a51f601b12352d207bb0e9c41f8761d8,-1,0
889,a52247eb0ac1e1c3c43a645927bd6f0f,-1,C
890,a52ec7e5dd2f6d68f6a7651214fc836a,-1,X
891,a5ba96b3d58cd7358ac06849ec2af929,-1,C
892,a60cc563ce5d97a623635a83b595cd29,-1,C
893,a6142323c29d8728a56773c63d5b6d54,-1,C
894,a6676cfb628713b9156686cbe6969083,-1,C
895,a6712c6286c537b09869f429fdcd2efd,-1,C
896,a67589457eca44eca143a2260dbf1175,-1,0
897,a6a96f70bb71fd722a9c568f36beae5f,-1,C
898,a6b70327a331757ff1485339a66fb632,-1,X
899,a714012a9d3c0e974e99edbf8a339268,-1,X
900,a7250afc5f7b3eb1670f57fdacc6cf69,-1,0
901,a787d3e7bc9977bcfd39a14dff27b68b,-1,X
902,a7891c1f03cbbdeaf373f3c640ce2253,-1,C
903,a7b8eb5cb82a662562be65aacf76352c,-1,0
904,a7bb597a559a519456209a93ae1243ac,-1,C
905,a7f3f8d5d004d6451d03dcfc97bc4b02,-1,C
906,a7fc841cd2250c291afca98864dd3e80,-1,X
907,a8467e3f5cff844909b7454f1f2e9d13,-1,C
908,a84c3a428c407dde9390124b8d2d63ad,-1,0
909,a895cf56aef9f2b87815f3dd0c58e515,-1,C
910,a91d9e82c4766788b49caac8583ba1cc,-1,X
911,a931368d620afc5866388fcf45bf9039,-1,X
912,a9404d92b9d9406f254c08d23bdc13e4,-1,C
913,a94f3a73386a9dd90d67ed22e7cbf7a5,-1,X
914,a9be5bb3998b65eaf0c8eed0dcc790e2,-1,C
915,a9db8ec5d954753dddeb3a8fc2aae0d1,-1,0
916,a9eafb9670fcbc803797e356f3fbcad2,-1,0
917,a9f2ce090e7a90e252fe0cd6011bfed9,-1,C
918,aa511cf956eb3eda2643b2a5588d4a24,-1,0
919,aaa48e5e5870fa0f9f1dcd569471ba3d,-1,C
920,aaa7ae17a0cdd3fbad24e36944c40b91,-1,X
921,aad6bdcf7872e4f9c2b08767546d31e7,-1,X
922,ab545d3bc9556006984fc863bccac43a,-1,0
923,ab58077aa3d8d77d38680abb7a3503ed,-1,C
924,ab9434ba5565ed398c3d0ddd9d679b91,-1,C
925,abba8bb3c52174244570893d9e63241b,-1,0
926,abdb4e3cd006fbc8af021eb3347c8df1,-1,0
927,ac056d47da67a42230edd89df1fd9ffd,-1,C
928,ac0a8f28b54289987d337444da7a4c33,-1,X
929,ac0c04b400a8717c3fc34a5ad94baadf,-1,C
930,ac12aa8ae9e76969eef4bd434c977dcc,-1,0
931,ad1d837f3d843be301dfb86afcf0d72e,-1,C
932,ad35132b857503cfc9d01a5eb355e6bb,-1,0
933,ada6bb6c14a3b871e89b1021c25344e3,-1,C
934,add45c349b322f48e3cfe96230ffb923,-1,C
935,ae1a389c0abe24fd28de86185189ce4a,-1,C
936,ae38cdaeea63d85dbba0f8bd2657268d,-1,C
937,aea6d04bcdaa30e35cfeef443fc606c0,-1,C
938,af2621ee22b5f429e5099407b9304584,-1,C
939,af56133f6a1aa866c8ec67b9c1ab305f,-1,X
940,afff7860c8fad27e0ddeb5ebc0fbd388,-1,0
941,b010d5a95decbd3a0662d326bec0f47b,-1,C
942,b0119001cf37a387f6c429d9b69b771f,-1,X
943,b01516ab61ff9479ed3d901945472c4d,-1,C
944,b033550586489f5c1050633859e405dc,-1,C
945,b03bd67e62ad89809d7a81f27e3b46c2,-1,C
946,b0930625f17cabee2914d06fba2eed59,-1,0
947,b0b609c564910c23ae25a70e6f493bdc,-1,0
948,b0c14cf5d64746c935caaced03fbbd23,-1,C
949,b0d7e40be7a97b7123937c68a7bf1509,-1,X
950,b0fd0c76ae3714de2e056999c5f4fcd6,-1,0
951,b108ff606090630c05558ad4fbfc26c0,-1,C
952,b1169416de75ad636f6bb695d10e652d,-1,C
953,b14ba2d1ccfddea2cfca6e904cc676e2,-1,C
954,b1765103e321d70ace88ac4d2dccf056,-1,0
955,b177fcc34c67cc1fc8c53a021c8742b3,-1,C
956,b1cfa1aa4558e68304e3c15e2cc58fd2,-1,0
957,b1f286a0fb9e2b125cfc8f681d422fa1,-1,C
958,b207bbff14e77c464869fcab3254f34e,-1,0
959,b270a251c1d20a2a35ce93a77da9c470,-1,C
960,b2d2208113540e425fa6cc86ea7a4865,-1,C
961,b2df0b9b9d39d47cd005ae3d79afefb2,-1,0
962,b36801ad297f6009d8caeb4c9ef32bc6,-1,C
963,b377c354683581f56ca8f6c402e2ef39,-1,C
964,b384ece02be9f2321b5552306f043a8d,-1,C
965,b3b0096cde62a1b8d176383933b713e0,-1,X
966,b3b7085c2691c337ea46826191e3719c,-1,C
967,b41a428a7ec8fe37d1a29851738ac765,-1,0
968,b43b7e353b6a7717a51434bb0cf84b4e,-1,X
969,b46c09a206f3f0a35f877a5a6bcaf56a,-1,0
970,b49700ed10b67d1aaad645d10ed2813f,-1,X
971,b4c38363ad6bab7c306a78a8d28f17b3,-1,0
972,b4dbb1f5668e1b27acfb19c19c55e073,-1,C
973,b4e668b5de30140d6632dfad36d72667,-1,C
974,b4ee252b641760aa69d04b305aa7f13d,-1,C
975,b4f4bb879a1ca01c104fd78559e627c1,-1,C
976,b4fdd1399763573f667ca7c77946cec9,-1,C
977,b5429912f820e7f88ce116bd51f2500c,-1,C
978,b5c6dcf8a6effa4aacf4c7312ecd9c9b,-1,X
979,b5e8f1d5d6c17f3959a1a97a1b7a45b5,-1,C
980,b603198da54c684856da6672ed079942,-1,C
981,b63efa014fcfbde65b033f93750d0dbe,-1,0
982,b67dfd039d7d984a1bcb0c5df792f944,-1,C
983,b6b5447a99333b77c8de6814c898a0e6,-1,C
984,b6b9284c18551df18a6706f2b4ead5b4,-1,X
985,b6c0eb835e62b58067182f11f7043866,-1,C
986,b6db725a3ebc91e3258f921c70076e37,-1,C
987,b705147e5806e6d0ec0065abfcba3363,-1,C
988,b7685938be07a47466345f9318a69763,-1,0
989,b7a88631a7a594ee101cffe98eaa473f,-1,0
990,b7a9df76366ba9b46f155c69e28d960d,-1,0
991,b7ce1980438d0b1e125c44388e9a436e,-1,C
992,b807b2bd853a5117dac967bd0345e486,-1,X
993,b849b39bec1609f7fbf102f27ea2ccd9,-1,C
994,b85e02378fbeaa2b467ce60b5a82a4a3,-1,0
995,b873bc87b5fee2368cb069561bf830bc,-1,0
996,b8be08ae161a28a54893bc4b7393d1e5,-1,C
997,b8e72fd85b4fffd918c1525184b92f91,-1,X
998,b956a069b298fe1cba047f1566c541b2,-1,C
999,b97e5b5e053b1fe6d09a60d50f1a510c,-1,C
1000,b9b7e8ea9adfe3dd69de525f445e7013,-1,C
1001,b9dc90ab8130a3e8ee221f8a1a55ff8c,-1,X
1002,ba0162be486b9f9e85ef9212793d4f46,-1,0
1003,ba0e0c22e12dd43d17ed9cb08db0a979,-1,C
1004,ba1523170e4e715ea74020e0429fd47a,-1,X
1005,ba48547c73ad3ccbf02c581d33721810,-1,C
1006,ba67df0027ba222fd993424b3a5b2772,-1,0
1007,ba700a698f529d64c2d3fd26657e4ef8,-1,C
1008,ba70ef6ed683e95d2e5130b92931d679,-1,0
1009,bac17bb056e2323ade957c45a7a4b26d,-1,0
1010,bac21611c80586bc5621317ab9b0f473,-1,0
1011,bad2b83f197d4c16978d09726a9d0367,-1,C
1012,bad39e394f85bfb72c1c2b9c54e33429,-1,C
1013,bb3582888d722996877d1c441ec8a1f1,-1,C
1014,bb574813c4028ac348e7ef3109579e51,-1,X
1015,bb9ecd389702bce5db4f6a80a47338e1,-1,0
1016,bc12b542baf3d6273ad1ca863312c9bd,-1,X
1017,bc3e3f4580ad7aec4e23af1bcd90d126,-1,C
1018,bcc3b434092453948b57bfc0ffd751f1,-1,C
1019,bd2575a9729e399df25a8541622160f5,-1,C
1020,bd97e21c070deef32d037dd92c4c0900,-1,C
1021,bdb24886ba69d1d7315ab91d034b350f,-1,C
1022,bdf5be66c3e96cd38e5281bef61a2676,-1,X
1023,bdfa1fe76685ad2dc4ea5421115b26dd,-1,C
1024,be57cfe9f360f524418ffbc45f2ebdc2,-1,C
1025,be78ef08c61651d87bf7d0cdd7e14600,-1,C
1026,be860c8fc5f0d47663f23bf96f1aba79,-1,C
1027,beecbbd9205cb21673710b0015ae4903,-1,C
1028,bf23996ca841fdb7d0271fcb3c5db6d7,-1,X
1029,bf34092fde0326790ca1821afc683468,-1,C
1030,bf4767d762eb8e3f9ca10d0b64e65322,-1,C
1031,bfa14317380fc2fa2161d36a43a59ba8,-1,C
1032,c02850affb351987b9c29ac84db845b7,-1,C
1033,c04348f5d54b9a31ad30649f9b3cc80f,-1,C
1034,c096de86e8062f0fcc1b2bf503c6e147,-1,0
1035,c132e902c1f276f5befc1d041d4a3b96,-1,0
1036,c18b07c3685c96f166dcb6c5936bbf4e,-1,C
1037,c18b08cac9b94bf4628c0277d3a4d7de,-1,1
1038,c1f7b186a83a319e64a4fa978ca481d2,-1,0
1039,c1fabc3505e74382425367592d8e80e2,-1,0
1040,c2192072242b6889c626e0ae36df6bed,-1,X
1041,c227d1c7fabcc4df25e1a32afe2d8a84,-1,0
1042,c277dadd7ebe9bb33eee116cdd4dfdf4,-1,0
1043,c2881a3abd0121fed329f0a3a49511dd,-1,C
1044,c2a8ab18e123a70bad444e60cbae3d2b,-1,C
1045,c3afb98d5fba050fa8c0f9804406e658,-1,C
1046,c3df2807de9de0f70e836b2172f91ab1,-1,X
1047,c3e067c3f9e9a525496d3d4fceb8deff,-1,C
1048,c3e07019a52d4101374a8a649154942a,-1,C
1049,c3f787efea3f5261a0686aae1ffd4331,-1,C
1050,c4bca40cee413d306db5320fe5dea9f3,-1,C
1051,c4c13b1a663d62b7fb6bba9abe243fc0,-1,C
1052,c4ec5d879bae11cf92db9d84b16eaf1e,-1,C
1053,c5f6ae208d7561878e3696544a0c51fd,-1,0
1054,c61ce81d29791698cc3772e145ae5775,-1,C
1055,c666ee86e0cf07ea133239cd68ed2338,-1,X
1056,c678e02db2c01be1f46795c1804b9edb,-1,C
1057,c6a1b494b9a8afc2061d0b76b6979fa7,-1,C
1058,c7065ec9c06067d0460f8e104b7d6bb7,-1,0
1059,c74150b3d2d1a20b46d629ae19f55632,-1,C
1060,c74af6598a4d5a40cefff510cc1bcc93,-1,X
1061,c7ad8350bcd564e8d46d1f61c5e43d92,-1,0
1062,c7b1c1c319cd032a55b80fc222279e52,-1,C
1063,c7c89fb24e8daff0ad0e7204fc5bf2a4,-1,X
1064,c7febf22ea0d8955f4ab155882012825,-1,X
1065,c8696fc6ea17a477ddd4cad93442ac92,-1,C
1066,c8b040c33b6ae3b3cbbe740637b5ffe9,-1,C
1067,c8cd17e061e631aada234bf628c01f3e,-1,C
1068,c9b35c1b1dd95af8c3969ca7aa3cef9c,-1,C
1069,c9c8934d10c59a4faec09dd5cf24d533,-1,C
1070,c9cacb8a12c63073d735551f6ae7c79f,-1,0
1071,c9e74c0d457ebd2993c668be0c4906ef,-1,0
1072,c9e87efb4277053d6a0a8fff13e4f26a,-1,0
1073,ca529f0f6ee366b80f7666d68250cec2,-1,0
1074,ca5d6e8779a3fc7820109ff3f424b6e6,-1,C
1075,ca919e5370606c7cfb7021f865997881,-1,X
1076,ca91e15b3bc407add27ad2e1f5bd51f5,-1,C
1077,cae9af45ce7ed2a7739815605bf780d1,-1,1
1078,cb1e4b4c75da796ce99171d4c24644e3,-1,C
1079,cb436d256e73a0bbcd96f331bab642a9,-1,0
1080,cb521cbabb676eaea1dbbcaa003ba9c9,-1,C
1081,cbff2da8b2843bb2a3e1ec0797522e97,-1,C
1082,cc4582508ccbc7578490476208d3962c,-1,C
1083,cc5422184ccbeb160f09d4c028279da8,-1,C
1084,cc67498d3d8df446f6884b1249df895b,-1,0
1085,cc6d49218c8161b2bca18c3cee9d4e68,-1,X
1086,cc7dfd647e5f5c3d2db0b4aad339d11b,-1,C
1087,cc81097172a8b43d6c1102278396fbde,-1,C
1088,ccde115049a306e572987516626e42cc,-1,0
1089,cd1b46acb858ee6e3e5222fadc8e93b6,-1,C
1090,cd3ac9e518e69cd046b0b9c27240379a,-1,0
1091,cd404c0eb92422a76414d3ca26f8c297,-1,1
1092,cd82a24ca38f6c92d427ac7ea297ccfa,-1,C
1093,cdad67f3600dcf54b7087c59779dd85d,-1,C
1094,cdb4ed4dedfd7a69145edf0ad51d194c,-1,C
1095,cdba334e6844b07119304ddf8b7b712d,-1,C
1096,cdebe931acdbe506a4af0b1f824e62c8,-1,0
1097,cdeda89f64453a203744a485c7dee219,-1,C
1098,ce58a6a7ad2f3337c7388ef51a0f7967,-1,0
1099,ce7edddb3e5eefa0aa96f6d292100040,-1,0
1100,ceb53371ddece3f7871c7bafaa4ea882,-1,C
1101,cf7ea10dd9aaaf3df501cccc169d148c,-1,C
1102,cf94262d0fc3aa316b8b590ba75ba9d8,-1,C
1103,d0267402574d968ca8bea1f677387473,-1,0
1104,d0396b74664c837d2e0dbf132c11ea6c,-1,C
1105,d05462e45f36be91a9ed796beacaf603,-1,0
1106,d05c3a4f28ec090fd30638e9e2c66171,-1,0
1107,d07b3e721f7eb870b245e8066d76c3be,-1,X
1108,d097f5cedca014e44dcb3f50f2b745ac,-1,0
1109,d0e6c5a44719da9f7828ebefe4ff5e3b,-1,C
1110,d114325dcb1262b17d0e01fe96597b83,-1,C
1111,d1554afa9cae5dfdecf738bea74af156,-1,X
1112,d179f2e6833d2e51b7ddcd9fbe088e87,-1,0
1113,d1b1d33c24db0be34e2594c2c0a7ca49,-1,X
1114,d1e0d08315a241f10efbc9483b45b68e,-1,C
1115,d223b2b1e6fe50cda3eae02ff9db216a,-1,0
1116,d27a8f6e61d141a447e9ea7af5b6b3a9,-1,0
1117,d2e001d500c09da0602b2c09d12c6e80,-1,C
1118,d2e0ad2c6357507c6c3dff47e2f4cc92,-1,C
1119,d2e4f0c21ae876eb4c8452ef57bb461d,-1,X
1120,d2fe3058fcf79ea33bd3fd96f9516d3d,-1,C
1121,d32182508b01106e324585ce2fb5024f,-1,0
1122,d34d0c490519c1ecb88b85f8a16afc2c,-1,C
1123,d35caed520dc44baff34119b11b3cf7e,-1,0
1124,d3e233dd9c507e6144de859668016db5,-1,C
1125,d4012c44a894738831fc15fa2b3008c1,-1,C
1126,d41d0fe80d904c60dfa5860b81f0fc70,-1,0
1127,d429902b7194a0665c3747280d913315,-1,C
1128,d45c219238fedc312a13918d506e65dc,-1,C
1129,d4f20586665d76593ffd4bcd6da85e38,-1,C
1130,d4f21076c700168d4828dc2fd5a17d27,-1,X
1131,d539c829f781ae1affe2146f342d693a,-1,0
1132,d53c9a10a72c82df720de77901256205,-1,0
1133,d5915943823c39d7dd59ef9e6dd97ff1,-1,0
1134,d5bdb85de425dc1d8b77f1f63c342e08,-1,0
1135,d5c5b82b55f8ec87de4415c1dc7ac99e,-1,C
1136,d5df2d64f2561d82a44bf1e0e34b66bd,-1,C
1137,d5ee1c818603acaafe747fbdecd41d34,-1,C
1138,d60ee4ec0e060d3fdb1753aa8313470f,-1,C
1139,d615b23db21b66aaa5880869d4f2d312,-1,C
1140,d65817f7ca4dada3abe4c8de4a2856d7,-1,0
1141,d664d2ece7d62ff848ca01447dc26fa2,-1,0
1142,d711c42e6fec19c10e0fa1775516dc32,-1,0
1143,d72be642fc7232d3bbec11d69d006cef,-1,C
1144,d7df600b741f10811687b6b020998892,-1,C
1145,d7fe70ca758c1ed6b10c5caca4c66173,-1,C
1146,d815bffa42888685173451f588512f61,-1,C
1147,d8224c9027f2a891c0ba804a9ce75439,-1,C
1148,d8963cc57e4b02b57f3ed932cc12e0c1,-1,C
1149,d8b07faacec1bcc7dec0f7d3da740047,-1,X
1150,d8b3b7bfe15023ff1baf126d5fde6f42,-1,C
1151,d8bb1b49f36c73df48d8cbbff65a1468,-1,C
1152,d8bf31931f292043c49432afa1ec93fd,-1,C
1153,d8f8354993e0a647f31a72e977c30a46,-1,C
1154,d8ff7d9f55ca2072a72c47931614aedc,-1,X
1155,d98bc820c787b84a141cb98ebb1a0cca,-1,C
1156,d9a61f74b3e93e11fcae43b9390e2134,-1,0
1157,d9c3420f775b98d0fd35226ec97e5bf8,-1,X
1158,d9d4df2b667abbdfd6a5b045642e00e0,-1,0
1159,da0808b3af02a63951d4349310da5afe,-1,X
1160,da56e51e621ab23dde58ce748f41f5f4,-1,0
1161,da75afc0f42330aca48b84bce9d8b61f,-1,X
1162,dae59eec50621549a7fcac097f1fc37b,-1,X
1163,db12e36c068c00111b5cce261dc67ce9,-1,C
1164,db221754cbdfaca64b21aca3b6f0efe0,-1,0
1165,db3c232c6c822bf2711aefed94394c7e,-1,X
1166,db61293231211d6baa375cab6f41e89a,-1,0
1167,db6f4722c69653a2a3e5a3502f18bf9b,-1,X
1168,dba881ad73a8201cbdbd43efacac6b30,-1,X
1169,dbbbb7f8b472065f0d33dac82e73e5fd,-1,X
1170,dc563185e781bf9f7cb38f4d15e825f1,-1,C
1171,dc62dea94e6a67d9de79ad2cad43ea6d,-1,C
1172,dc8e1d29d86b20f3308db62952847a91,-1,0
1173,dd19af5264b78e9b2b60549dc072d473,-1,C
1174,dd35f09bf4591ea47d56a56d014b12fd,-1,C
1175,dd823ea8c791b405759639b011e9b8b5,-1,0
1176,dda6cf9bcbd9539d4e27199eda49353f,-1,C
1177,de0024966a5b0bfb074289ba55e227c5,-1,X
1178,de34505c3b3114862dc815afbc37e1b8,-1,0
1179,de49975f47ee11ebcf34e5fabedec038,-1,C
1180,de58c170ed38696b829d97881fed7411,-1,C
1181,de780b18b8bbe53f6865fef54fe64f3e,-1,0
1182,deb559840cdc239a33ee521d7fa9b02b,-1,0
1183,dec5f5da189b48752abed7486348cde3,-1,X
1184,df0ffcd26468043d4d3cf0fa5c0fc33f,-1,C
1185,df5a15d0f664ae5ebbf3ef6aaf95ec04,-1,0
1186,df63063ee140912f51b7ac55864cb343,-1,0
1187,df65adfd255e7966263cd3a5c2d1c5d7,-1,C
1188,df7a23933034e4d48a75950e7a9fee56,-1,X
1189,df8005dd24eb2b98021d8da6c0194ae4,-1,X
1190,dfa6616dd762cf74c0b5f79d62786d3f,-1,C
1191,dfa71b3face5470d932a57f78acd418c,-1,X
1192,dfb1cfe18795547ab31e042471b99612,-1,0
1193,dfee9bffed426b42052bd0ee771d86db,-1,C
1194,e00d8da6fc9a799974e23670ec44476d,-1,C
1195,e08579960d3963b67e4a4a621eb4c746,-1,0
1196,e0c83834bdf12023429baf8688e20157,-1,C
1197,e0cebc960eb78c4af98a240dbe1b4468,-1,C
1198,e11b17341abe20d5cd24739dd3b39933,-1,C
1199,e1379bdc21b10512aaa1019d57d61997,-1,1
1200,e15be8482d877eb7b219dd312d021a23,-1,C
1201,e16ed973b58b2c1e7a87beb2ea739ca6,-1,C
1202,e17858f3ff0e8617dcdffb030163b6da,-1,X
1203,e182ba35d550027120ab48566d4e2f13,-1,0
1204,e1bbd9955b832470297e68413ee031b2,-1,X
1205,e1dce26b84c0d807ccbaf29b5011fed8,-1,C
1206,e22e1a57db7821a461171364db95a3b0,-1,0
1207,e255c4ee140fe5234a922b294dbbcf88,-1,C
1208,e2a0b42c621717d475a250ba8558f3b4,-1,C
1209,e2a668e8c7934a09e8dca63bfd9f5e98,-1,0
1210,e2c142d8eb818fe75e05a4774c7e7146,-1,0
1211,e2ce42c35f74d679b5445b17ee2d323a,-1,C
1212,e2d9f1651ced119352a1da052a406f08,-1,C
1213,e2ed1d7afba14dfe193e08ce5a0cee18,-1,C
1214,e2f98f0a18e2204f6dbe2362a0428265,-1,0
1215,e3146faff194b0499ce50310250408a9,-1,C
1216,e377fbf9e9cf794f444ccd52132ec91b,-1,0
1217,e428831e48675d9c436a515f3c90f2da,-1,X
1218,e438444131900125b303c1a8802a6f79,-1,X
1219,e513ac3acea324d9ff1614aef92cf5ad,-1,0
1220,e536a8e10adb405d43ba92ab761ad802,-1,C
1221,e547d994073cb20e6d1b56ca0b7008be,-1,C
1222,e59b6ec2368359b073f00bfb3a51d7ed,-1,0
1223,e59d8b82dad723759cca8dafdba09063,-1,2
1224,e59fabff9440260bea332b9713f81761,-1,C
1225,e5ad23c2ede6c5de440dcc0998222fbf,-1,C
1226,e5cab98a8886f6ea344146bf83fe8402,-1,C
1227,e5cfccbe01c2061bb5ee52ef139955dd,-1,C
1228,e64006144578a55c60c1cc1d5a8ccace,-1,C
1229,e663b29b47fcc9b566b9372042d909d2,-1,C
1230,e67c8134772d8f1aaee6d3238da5ef16,-1,0
1231,e6973b2e56bf801375d446fe177460ea,-1,X
1232,e6af134f681f591264600743e2fe1a2d,-1,X
1233,e78db37f18370fb4635d24a6e043e4c3,-1,X
1234,e7998ea822acc6a970bf4ef4328e143b,-1,0
1235,e7c5dbb4699b1e7ab21b7b186c00bd9f,-1,0
1236,e7ca27c3cef3c730abe1c2a03658fa45,-1,C
1237,e8277171092a4e3079d710d7a356eed2,-1,C
1238,e854f991b9771c2f8d7fffc9fc1b0ec6,-1,C
1239,e902ddb85a10bf41f495794a4f498358,-1,C
1240,e92b1ba1c815e058b8ebc60e41e2933d,-1,X
1241,e938c06428e8c55e66209163d0276a74,-1,C
1242,e958c301d28a35c1d56691df88ba280e,-1,C
1243,e9b9104fcf4e667f80c759aebb35e7b0,-1,C
1244,e9d3986a52c1bab339952bfd4b28c451,-1,X
1245,ea033e637d7248fefb1c60bfb6e32eee,-1,0
1246,ea16f00ad7c21d9c32bd53c08d3ed433,-1,0
1247,ea1a405a703d072600f4916a0dc0a278,-1,C
1248,ea2fe533c708ac9e0be490ac008f899d,-1,C
1249,ea6fbac038a2ba7b4cb65768ed3ad903,-1,X
1250,ea9abf41d75937549a6713fd1cb7893f,-1,0
1251,ead9b3cb6f26d684d5ba4f0301f0ddef,-1,X
1252,eaf2e591d2da20e3315ce19c3332d214,-1,0
1253,eb1d52f67982191eb6d1863b4fac9697,-1,C
1254,eb7a493535ff036d8a94bbda54fca832,-1,X
1255,eb8eb77b6d84fe85e1567de677b722a7,-1,C
1256,ebd8ebbcba3cbe9cf6d0b5d9bb345439,-1,C
1257,ebe177f28d41209d89462f15e37e599d,-1,C
1258,ec689f2c5ea3636b47255c6e3e1277ac,-1,C
1259,ec6ddfee82f0dbe464b94c0fc6507a8f,-1,X
1260,ecca7aab4faeca94aa18ac6b75f1d2cf,-1,0
1261,ed139fcc0e39944544c0df30bdcb6848,-1,X
1262,ed2a9c029fa3caebfe7b0d184b76e27f,-1,0
1263,ed5893916a8717254b0d04fbb28c4a42,-1,C
1264,ee229a63a86a190209416b13c57374f9,-1,C
1265,ee5308af4b5e4e5c669e53b301e85d45,-1,C
1266,ee667792d0a4d6d79a77ee3f48b4dcaa,-1,C
1267,ee66e8bc6ea3662f43dbce6968ee41a7,-1,0
1268,eec8debecb46df84e1823e78094b2d5a,-1,X
1269,eed32d84a190b0fd4c49226109203c51,-1,C
1270,eedf2300067d28a3278107f76a27fa28,-1,C
1271,ef7056def41759c0a4904800d971f4bf,-1,C
1272,efa8709317d3b8ebfe74b5e9f3c18505,-1,C
1273,efc5493025a0817c6dcc8618b34c47c2,-1,X
1274,effedfd03ed03cfa38455689284fe03d,-1,C
1275,f0371c86740fbd987ed490b84a1ef37e,-1,C
1276,f07d73e73f1300554c0cf5dc8b8e6ad1,-1,C
1277,f11bc4b10e6fe6bdd9d07699e7a68b56,-1,C
1278,f1205c92b0512469edea0cf3385cc467,-1,C
1279,f13ef02775a2db80c5017f948ef795af,-1,C
1280,f14a74b43d73a5d362f9373e410d02ba,-1,C
1281,f1d5258bfd91fa2902b8c8108afe269d,-1,C
1282,f235873aabb8f9a4d3e4ffb9942c42e0,-1,C
1283,f2620862dda0f618c7da9577120c987e,-1,C
1284,f2973e8bfed68084ac98dd27fc10f72b,-1,0
1285,f2f599d8d9b338ed5d0690b3c864cbaf,-1,X
1286,f3605796cf37d2bf64251eb2993af33d,-1,0
1287,f362034fdb809fff43d0f52c318f9bb3,-1,X
1288,f3efc4ffa8f4e15027aa571e98643d16,-1,C
1289,f3f793c2d2a2a93264cc2852dfda7929,-1,C
1290,f410f053cf29e4dc4d6cdc9560d18799,-1,0
1291,f41bd68bbb916fcd2852c5e4a23de54b,-1,C
1292,f41cdf11f64aab21b87cfd733164f486,-1,0
1293,f48c1b04d66197034ea1ebe0779ebce9,-1,0
1294,f490b2973b17907903734cd2591dc9d2,-1,X
1295,f493b7782f4a00aae944b5538127bbb2,-1,0
1296,f4d651fb39a4b046b629819bbdc33a38,-1,X
1297,f51ca5982ad8c9d71180adbcb0ae0a90,-1,X
1298,f522bf02afc10866fe3a3a2f2303e857,-1,C
1299,f54b24b0f7287c43fdb8d1bf42594685,-1,C
1300,f567aa4463398ca0cce9ef3135f137c4,-1,0
1301,f568bdde197f0a2e96ebf02c58745176,-1,X
1302,f574b2f7e7d432af3720e29cd1c28c79,-1,C
1303,f5b10852ba8b5493e801ead744cb9dd5,-1,0
1304,f5c8116df39b42be74576a8d3c20535e,-1,C
1305,f5cd737a2538a7c7c331082c4d40d25a,-1,C
1306,f5d05a2e14ef9dd355785d865dec57e5,-1,0
1307,f6520b97d6a082ad834f42e073871366,-1,0
1308,f86ade2ba5d429cd094e164fa5169dcd,-1,C
1309,f8db682a4a1a037e8ed8fdb37d5a6c13,-1,C
1310,f8dca705e9805f6d2804806f547d1ad0,-1,2
1311,f8ecc57c973c2b61993d80843299a732,-1,X
1312,f8f375f5b570facc6b481c7f04724fbb,-1,C
1313,f8f60b9ca439a9a7816d76b6911c4a46,-1,0
1314,f904ab4488afbf3a640f9851032bbde5,-1,1
1315,f908bdc3ae1195701ff4dce59860e543,-1,C
1316,f91617803d6bf3129d4e57942cbeb5f8,-1,X
1317,f98e70ecbdaf3bab74375954755a3ca7,-1,0
1318,fa3000f1c719183b6cd05fe3f00459eb,-1,C
1319,fa30b17ff87c39b154716ec551108ada,-1,C
1320,fa39c3946785a6989dc42945c5dc9663,-1,C
1321,fa4827083607ce91034099189295dbd2,-1,0
1322,fad32fe33f65c4942a787620a115e20e,-1,C
1323,faf5740f954f510427a3a3d824229a5b,-1,C
1324,fb88ec85311b808d3277f77b5b9e82fc,-1,C
1325,fb95a8e676bc93dbce531ffe1839537a,-1,C
1326,fbb31881397e8667d8fb65aeceac577b,-1,0
1327,fc10f5152ac6293ba62065c2d098ee75,-1,0
1328,fc67858c42128652c667f2e544663b7a,-1,C
1329,fca93965a302a0457cb99854b56055e6,-1,C
1330,fcb09164a8de55e9fdd93c1fbdc077d9,-1,C
1331,fcdc678027af631de062e95e9fc9208e,-1,X
1332,fd14e9a945628267043c591d9a5d770c,-1,C
1333,fd1a3526b4d641003d917953483fb1b1,-1,C
1334,fd216c0a97cbf752e9bfc8fec6d36b44,-1,0
1335,fd5ab7d1b121c62efb0331a6037f9793,-1,X
1336,fd7a57f7dd6830f52037965cd30acf4a,-1,C
1337,fdfdda9398b2a61bfd9bcc532c768693,-1,X
1338,fe77aaf6b5dafcb180e55f7d93aa2cbe,-1,X
1339,fe7ff787d2fd8240248480b8be858ef4,-1,X
1340,fecfd976a1ebe482ce258b10d55b48c9,-1,C
1341,ff027440166a1546d9cde5904e31fbd4,-1,C
1342,ff38791e9e24d5365a937ec06b5360d8,-1,0
1343,ff4c416712a6d76da220f5d0df65ffa9,-1,0
1344,ff9267c334ac703066c5e42702cd78f8,-1,C
1345,ffb9e6a2c97db782782a19cdaaeb7093,-1,X
