,reco_id_curr,max_cred_months_balance,l_cred_balance,l_credit_limit,l_drawings_atm,l_drawings,l_drawings_other,l_drawings_pos,l_minimal_payment,l_minimal_payment,l_payment_total_now,l_receivable,l_total_receivable,l_drawings_atm_count,l_drawings_count,l_drawings_other_count,l_drawings_pos_count,l_installment_mature_cum_count,l_contract_status_name
0,00bfd45acebcc9f1b5db49bc1ddc3195,-1,48242.8,90000,1350.0,1948.45,0.0,598.455,2250.0,4563.09,4563.09,47019.1,47019.1,1.0,3,0.0,2.0,1.0,Active
1,00d0ec0cf2dae0f8400870d580fa77d0,-1,176931.0,270000,90000.0,173790.0,0.0,83790.3,0.0,0.0,0.0,173790.0,173790.0,2.0,14,0.0,12.0,0.0,Active
2,01c401bb1b2ba502df5a854be02ea4e9,-1,0.0,0,0.0,0.0,0.0,0.0,0.0,2374.25,0.0,0.0,0.0,0.0,0,0.0,0.0,12.0,Active
3,0300de78b4572cf2474d73c9f677d509,-2,0.0,0,0.0,0.0,0.0,0.0,0.0,112.32,112.32,0.0,0.0,0.0,0,0.0,0.0,46.0,Active
4,0311008c74fa311e415df28b349e539b,-1,0.0,45000,0.0,0.0,0.0,0.0,0.0,0.0,0.0,0.0,0.0,0.0,0,0.0,0.0,0.0,Active
5,034644b950c6bc1f2a61eae2b112abdc,-1,262004.0,270000,0.0,0.0,0.0,0.0,13500.0,13500.0,13500.0,262004.0,262004.0,0.0,0,0.0,0.0,84.0,Active
6,039200c1a70ea9772149458084d17831,-1,25022.4,90000,6750.0,13675.0,0.0,6925.05,2250.0,7180.2,7180.2,21479.7,21479.7,2.0,3,0.0,1.0,2.0,Active
7,042c2982a27df075e5a6cba417612704,-4,0.0,585000,0.0,0.0,0.0,0.0,0.0,0.0,0.0,0.0,0.0,0.0,0,0.0,0.0,0.0,Active
8,0441e59d3bfe0b9527fe1c121c0497a9,-2,0.0,90000,0.0,0.0,0.0,0.0,0.0,0.0,0.0,0.0,0.0,0.0,0,0.0,0.0,0.0,Active
9,04bedcfc9949ae34722228f67b4d11cc,-1,149626.0,135000,4050.0,4050.0,0.0,0.0,7356.19,7650.0,7650.0,147505.0,147505.0,1.0,1,0.0,0.0,9.0,Active
10,065dce58e2d4d2998c36bf716f42668d,-2,263516.0,270000,4500.0,4500.0,0.0,0.0,13284.7,13950.0,13950.0,261945.0,261945.0,1.0,1,0.0,0.0,7.0,Active
11,06e087dde5ec3aefb85823e7b3e7a52c,-1,0.0,45000,0.0,0.0,0.0,0.0,0.0,298.44,298.44,0.0,0.0,0.0,0,0.0,0.0,1.0,Active
12,077a81f372fac3140c1b7cb8e62d7341,-1,147657.0,450000,0.0,0.0,0.0,0.0,6839.5,16200.0,8486.46,147657.0,147657.0,0.0,0,0.0,0.0,27.0,Active
13,079f91b0173f1bcaadb4d700b47f2479,-2,0.0,360000,0.0,11.16,0.0,0.0,0.0,11.16,11.16,0.0,0.0,0.0,0,0.0,0.0,3.0,Active
14,07f9f117e106b34106032b7d8448a07a,-1,482974.0,450000,8100.0,19024.2,0.0,10924.2,24091.5,24750.0,24750.0,479833.0,479833.0,2.0,7,0.0,5.0,3.0,Active
15,0853dffe024e88e74728ab1fec543c86,-3,0.0,135000,0.0,0.0,0.0,0.0,0.0,0.0,0.0,0.0,0.0,0.0,0,0.0,0.0,0.0,Active
16,0b327faab35e02bfd1f096cac8eb75b6,-1,403001.0,405000,139500.0,139500.0,0.0,0.0,13839.2,13950.0,13950.0,395148.0,395148.0,5.0,5,0.0,0.0,6.0,Active
17,0cb7dc6e02adccc98ea54c7e8b2aae70,-2,0.0,585000,0.0,0.0,0.0,0.0,0.0,0.0,0.0,0.0,0.0,0.0,0,0.0,0.0,0.0,Active
18,10577884113ae5437b8fcff9cc396a22,-2,357207.0,810000,0.0,0.0,0.0,0.0,18291.2,22500.0,22500.0,353893.0,353893.0,0.0,0,0.0,0.0,11.0,Active
19,10e62dd33b2b3c9f6e695ac63c7a4216,-1,0.0,45000,0.0,0.0,0.0,0.0,0.0,526.995,526.995,0.0,0.0,0.0,0,0.0,0.0,4.0,Active
20,11acb0ce6060d4bf01ce5995bf19349f,-2,0.0,90000,0.0,0.0,0.0,0.0,0.0,673.2,673.2,0.0,0.0,0.0,0,0.0,0.0,1.0,Active
21,12035786f24b7013b1406e381ff8365e,-1,50901.7,67500,0.0,0.0,0.0,0.0,3375.0,4500.0,4500.0,50901.7,50901.7,0.0,0,0.0,0.0,83.0,Active
22,127f16d756b4a1f26d448c2448e41e2f,-1,0.0,90000,0.0,0.0,0.0,0.0,0.0,0.0,0.0,0.0,0.0,0.0,0,0.0,0.0,0.0,Active
23,14d5cf3c7f903c6598b74e9d3f21fe52,-1,0.0,450000,0.0,0.0,0.0,0.0,0.0,0.0,0.0,0.0,0.0,0.0,0,0.0,0.0,0.0,Active
24,14dc006d2aa88047e42e244829363f18,-1,0.0,900000,0.0,0.0,0.0,0.0,0.0,0.0,0.0,0.0,0.0,0.0,0,0.0,0.0,0.0,Active
25,15fb0e5aed46fa67bddca3c41ab71756,-1,0.0,45000,0.0,0.0,0.0,0.0,0.0,312.795,0.0,0.0,0.0,0.0,0,0.0,0.0,34.0,Active
26,1629407efc0637e8fa5f88911d7da10a,-1,89463.0,135000,40500.0,40500.0,0.0,0.0,2387.43,2475.0,2475.0,86772.0,86772.0,2.0,2,0.0,0.0,8.0,Active
27,1765a046b4802640e2f8336d2a3aa581,-1,203397.0,202500,4500.0,4500.0,0.0,0.0,10181.1,11250.0,11250.0,203397.0,203397.0,1.0,1,0.0,0.0,98.0,Active
28,178c95954d1f0038ea7de6253afb00d1,-1,0.0,0,0.0,0.0,0.0,0.0,0.0,257.985,0.0,0.0,0.0,0.0,0,0.0,0.0,7.0,Active
29,17cefda3639b47a724f51016319b911d,-4,0.0,0,0.0,0.0,0.0,0.0,0.0,0.0,0.0,0.0,0.0,0.0,0,0.0,0.0,0.0,Completed
30,183ddf43bfb0216a9d9e1756e15b3e48,-2,0.0,0,0.0,0.0,0.0,0.0,0.0,16.965,0.0,0.0,0.0,0.0,0,0.0,0.0,6.0,Active
31,18e208252c110747390ec45323819721,-3,0.0,270000,0.0,0.0,0.0,0.0,0.0,0.0,0.0,0.0,0.0,0.0,0,0.0,0.0,0.0,Active
32,194edf3caad053a690a6152bfea06c43,-1,0.0,45000,0.0,0.0,0.0,0.0,0.0,158.85,0.0,0.0,0.0,0.0,0,0.0,0.0,74.0,Active
33,19e72a332b8e756de094d6028450ab6e,-1,0.0,0,0.0,0.0,0.0,0.0,0.0,0.0,0.0,0.0,0.0,0.0,0,0.0,0.0,68.0,Completed
34,1a0e5521db24466f6f58ca30e29809b8,-1,0.0,225000,0.0,0.0,0.0,0.0,0.0,0.0,0.0,0.0,0.0,0.0,0,0.0,0.0,0.0,Active
35,1bd1fd14b1f53b75bb43a7d56dbae347,-1,0.0,0,0.0,0.0,0.0,0.0,0.0,187.605,0.0,0.0,0.0,0.0,0,0.0,0.0,58.0,Active
36,1be0b9c7abc002a74c2a56b59234ea52,-3,0.0,45000,0.0,0.0,0.0,0.0,0.0,0.0,0.0,0.0,0.0,0.0,0,0.0,0.0,0.0,Active
37,1c0c72ca96e372fc015772baf16baebb,-2,0.0,90000,0.0,0.0,0.0,0.0,0.0,0.0,0.0,0.0,0.0,0.0,0,0.0,0.0,0.0,Active
38,1c821f44bc215cbf9eaae4dbe88ac998,-3,0.0,0,0.0,0.0,0.0,0.0,0.0,0.0,0.0,0.0,0.0,0.0,0,0.0,0.0,59.0,Completed
39,1c8ef0699fcbb70eb315de05a5f1ca8b,-2,0.0,180000,0.0,0.0,0.0,0.0,0.0,0.0,0.0,0.0,0.0,0.0,0,0.0,0.0,44.0,Completed
40,1e50496fce19e5c151fcc277577f8964,-2,0.0,90000,0.0,0.0,0.0,0.0,0.0,0.0,0.0,0.0,0.0,0.0,0,0.0,0.0,0.0,Active
41,1ea1f8a1755851c97e91d442fb7f1d89,-1,0.0,225000,0.0,0.0,0.0,0.0,0.0,0.0,0.0,0.0,0.0,0.0,0,0.0,0.0,0.0,Active
42,1fa57f437dc56a961ebab02ece89edbb,-1,35215.7,135000,0.0,0.0,0.0,0.0,2250.0,4500.0,4500.0,35215.7,35215.7,0.0,0,0.0,0.0,8.0,Active
43,203e327593a4c71df72588f0df106208,-2,0.0,45000,0.0,0.0,0.0,0.0,0.0,0.0,0.0,0.0,0.0,0.0,0,0.0,0.0,0.0,Active
44,20a4ad26d1f90ec2c9765c51cac2e293,-2,0.0,135000,0.0,0.0,0.0,0.0,0.0,0.0,0.0,0.0,0.0,0.0,0,0.0,0.0,0.0,Active
45,21e457603d8863bf5ead184e911ae354,-1,127300.0,135000,58500.0,112226.0,0.0,53725.5,2250.0,45000.0,45000.0,109809.0,109809.0,13.0,23,0.0,10.0,4.0,Active
46,228d50cf889843db531401a28fb41aaf,-1,0.0,45000,0.0,0.0,0.0,0.0,0.0,0.0,0.0,0.0,0.0,0.0,0,0.0,0.0,0.0,Active
47,2367722b223808061d02588b4929c303,-1,0.0,225000,0.0,0.0,0.0,0.0,0.0,945.585,945.585,0.0,0.0,0.0,0,0.0,0.0,16.0,Active
48,24191ae0e9ffed25b5c45dced9bebf68,-2,0.0,0,0.0,0.0,0.0,0.0,0.0,2.52,2.52,0.0,0.0,0.0,0,0.0,0.0,9.0,Active
49,26cfcb1d2c6c72cc1026f0588ff5c8f0,-1,0.0,0,0.0,0.0,0.0,0.0,0.0,0.0,0.0,0.0,0.0,0.0,0,0.0,0.0,0.0,Active
50,285cb502a60bee8dc65f748bac3b866a,-2,240251.0,450000,135000.0,136125.0,0.0,1125.0,2250.0,10350.0,4716.63,238681.0,238681.0,1.0,2,0.0,1.0,30.0,Active
51,28dea7cfac66eb64e4e82f6301a57dca,-1,0.0,18000,0.0,0.0,0.0,0.0,0.0,0.0,0.0,0.0,0.0,0.0,0,0.0,0.0,0.0,Active
52,299cb3b49ec498bb7d62ac8d8559ece0,-1,52705.9,90000,0.0,0.0,0.0,0.0,2659.81,2700.0,2700.0,52035.4,52035.4,0.0,0,0.0,0.0,3.0,Active
53,2b3bb991705fdd00e39bf9989d69a372,-1,94660.2,90000,0.0,0.0,0.0,0.0,5031.58,5400.0,459.675,94660.2,94660.2,0.0,0,0.0,0.0,1.0,Active
54,2bdda295629cb7629c3cf44e5de0f8f3,-1,0.0,0,0.0,0.0,0.0,0.0,0.0,164.385,0.0,0.0,0.0,0.0,0,0.0,0.0,9.0,Active
55,2faff7b5d62106aa6101189d6e4c8eb6,-1,0.0,0,0.0,0.0,0.0,0.0,0.0,41.355,41.355,0.0,0.0,0.0,0,0.0,0.0,6.0,Active
56,31a62a478143df10b1e75492db5d1fdf,-2,0.0,225000,0.0,0.0,0.0,0.0,0.0,0.0,0.0,0.0,0.0,0.0,0,0.0,0.0,0.0,Active
57,321c516a63557cf106bc5b3cb84969cb,-3,0.0,0,0.0,0.0,0.0,0.0,0.0,0.0,0.0,0.0,0.0,0.0,0,0.0,0.0,5.0,Active
58,32877bc9f7e1839794161db2bdb451cd,-1,0.0,0,0.0,4.23,0.0,0.0,0.0,0.0,0.0,0.0,0.0,0.0,0,0.0,0.0,9.0,Completed
59,329bdb3db756b841ed8061177be19c81,-2,0.0,45000,0.0,0.0,0.0,0.0,0.0,464.895,0.0,0.0,0.0,0.0,0,0.0,0.0,42.0,Active
60,330eedec6a9cf0872a5b2c2fc5f0ba59,-1,190339.0,450000,92250.0,177148.0,0.0,84898.2,1345.5,0.0,0.0,184916.0,184916.0,4.0,8,0.0,4.0,19.0,Active
61,33fb9fe32a9c9f7d949f8ff4cf3bf00a,-1,0.0,0,0.0,0.0,0.0,0.0,0.0,149.4,0.0,0.0,0.0,0.0,0,0.0,0.0,37.0,Active
62,34547c7a979fee1f49870a6b2c131bea,-2,0.0,45000,0.0,0.0,0.0,0.0,0.0,0.0,0.0,0.0,0.0,0.0,0,0.0,0.0,44.0,Completed
63,352cc6d853ec8c8c49413e8a41c43332,-3,0.0,540000,0.0,0.0,0.0,0.0,0.0,0.0,0.0,0.0,0.0,0.0,0,0.0,0.0,0.0,Active
64,38027ebd59e7c2614201a9ad29d91f33,-2,0.0,900000,0.0,0.0,0.0,0.0,0.0,0.0,0.0,0.0,0.0,0.0,0,0.0,0.0,0.0,Active
65,381f86c155f64ba4f83a5cfc6717aa1c,-2,0.0,0,0.0,0.0,0.0,0.0,0.0,2383.43,2383.43,0.0,0.0,0.0,0,0.0,0.0,19.0,Active
66,388607422ad5f94f5f8c087b4cbf8140,-1,94647.7,135000,0.0,13035.8,0.0,13035.8,6907.0,20831.1,15818.9,94647.7,94647.7,0.0,4,0.0,4.0,9.0,Active
67,3a7045b31ea5cd59c77adcbfa66b8b7c,-3,0.0,270000,0.0,0.0,0.0,0.0,0.0,0.0,0.0,0.0,0.0,0.0,0,0.0,0.0,0.0,Active
68,3aa8efdca16b5af26e65fdfcc5fdadf0,-2,0.0,45000,0.0,0.0,0.0,0.0,0.0,580.23,450.0,0.0,0.0,0.0,0,0.0,0.0,51.0,Active
69,3b7c859bed08a46c5637dc47550ad037,-1,0.0,45000,0.0,0.0,0.0,0.0,0.0,447.075,0.0,0.0,0.0,0.0,0,0.0,0.0,51.0,Active
70,3bbbd9e7ff603cd1d6b1d3f836a675a4,-2,0.0,135000,0.0,0.0,0.0,0.0,0.0,0.0,0.0,0.0,0.0,0.0,0,0.0,0.0,0.0,Active
71,3ca9eb235037578e2df50f335eb50537,-1,0.0,0,0.0,0.0,0.0,0.0,0.0,268.38,0.0,0.0,0.0,0.0,0,0.0,0.0,20.0,Active
72,3cab81b91e62944b5903213c350f9e4d,-2,0.0,0,0.0,0.0,0.0,0.0,0.0,0.9,0.9,0.0,0.0,0.0,0,0.0,0.0,15.0,Active
73,3d203aba63594ee5cd07b9e8ff7959b6,-3,0.0,900000,0.0,0.0,0.0,0.0,0.0,0.0,0.0,0.0,0.0,0.0,0,0.0,0.0,0.0,Active
74,3d4e4361ac11e61fac47a8e4b193beea,-1,0.0,900000,0.0,0.0,0.0,0.0,0.0,0.0,0.0,0.0,0.0,0.0,0,0.0,0.0,0.0,Active
75,3e7cafcc5e43bc59f37fbf4beefcff00,-2,0.0,292500,0.0,0.0,0.0,0.0,0.0,0.0,0.0,0.0,0.0,0.0,0,0.0,0.0,0.0,Active
76,44831bbf1d1453578816a813346aa14a,-1,213855.0,405000,13500.0,28516.5,0.0,15016.5,11279.6,27390.3,15940.2,210714.0,210714.0,3.0,6,0.0,3.0,7.0,Active
77,46c4d97c7f84faabe299350cb33f6e4d,-1,235791.0,675000,4500.0,13609.0,0.0,9108.99,33282.9,462375.0,450138.0,232750.0,232750.0,1.0,6,0.0,5.0,11.0,Active
78,474e69da1d341262cb3c9363e974ee5e,-2,0.0,765000,0.0,0.0,0.0,0.0,0.0,0.0,0.0,0.0,0.0,0.0,0,0.0,0.0,0.0,Active
79,478bca4c35ccc8d159f5dd44187ffe8e,-1,0.0,0,0.0,0.0,0.0,0.0,0.0,1373.81,0.0,0.0,0.0,0.0,0,0.0,0.0,26.0,Active
80,48286e24643bcffbe5bf8999b648f8b9,-1,0.0,135000,0.0,0.0,0.0,0.0,0.0,0.0,0.0,0.0,0.0,0.0,0,0.0,0.0,0.0,Active
81,49040d906f98d880d95b96551a5f5178,-2,0.0,180000,0.0,0.0,0.0,0.0,225.0,3089.25,3089.25,0.0,0.0,0.0,0,0.0,0.0,3.0,Active
82,493b9da2fdf23ad30acd63ade0395fdc,-2,0.0,45000,0.0,0.0,0.0,0.0,0.0,0.0,0.0,0.0,0.0,0.0,0,0.0,0.0,0.0,Active
83,4bb96041af9e0dc9d087638034de013f,-1,315376.0,315000,0.0,2971.8,0.0,2971.8,16137.7,18000.0,18000.0,315376.0,315376.0,0.0,4,0.0,4.0,5.0,Active
84,4c060e6ad8250ace0ee4f19d16f455e7,-2,0.0,225000,0.0,0.0,0.0,0.0,0.0,0.0,0.0,0.0,0.0,0.0,0,0.0,0.0,0.0,Active
85,4c649447db2fd7f8aea8bb4633f056e7,-1,0.0,135000,0.0,0.0,0.0,0.0,0.0,0.0,0.0,0.0,0.0,0.0,0,0.0,0.0,0.0,Active
86,4cb29138f53220fb25b0f40ad8ee6000,-4,0.0,45000,0.0,0.0,0.0,0.0,0.0,0.0,0.0,0.0,0.0,0.0,0,0.0,0.0,0.0,Active
87,4cde13b5e29ef2058bf723a63924ca54,-2,0.0,0,0.0,0.0,0.0,0.0,0.0,0.0,0.0,0.0,0.0,0.0,0,0.0,0.0,0.0,Active
88,4db2aff91888b64ffde8ed54714d2d73,-1,0.0,360000,0.0,0.0,0.0,0.0,0.0,0.0,0.0,0.0,0.0,0.0,0,0.0,0.0,0.0,Active
89,4dd7f5fc616aeb0f5a0792a6332c3667,-1,0.0,180000,0.0,0.0,0.0,0.0,0.0,0.0,0.0,0.0,0.0,0.0,0,0.0,0.0,0.0,Active
90,4e2f3a7d60fc49e92674e2d6e919d0ed,-3,0.0,900000,0.0,0.0,0.0,0.0,0.0,0.0,0.0,0.0,0.0,0.0,0,0.0,0.0,0.0,Completed
91,4e4b7aef37d0086187f891ea388ed587,-2,0.0,45000,0.0,0.0,0.0,0.0,0.0,0.0,0.0,0.0,0.0,0.0,0,0.0,0.0,0.0,Active
92,4e881799bcfaeb2369668860ea09068d,-2,0.0,180000,0.0,0.0,0.0,0.0,0.0,0.0,0.0,0.0,0.0,0.0,0,0.0,0.0,0.0,Active
93,4eaef266eac38c0fa7bbd3673c829a30,-1,146083.0,135000,49500.0,78138.0,0.0,28638.0,9450.0,9450.0,9450.0,141502.0,141502.0,3.0,6,0.0,3.0,48.0,Active
94,4f21d6d0aef77fe61eaf268f818f0793,-2,64.98,0,0.0,0.0,0.0,0.0,0.0,0.0,0.0,64.98,64.98,0.0,0,0.0,0.0,47.0,Active
95,4f82f5e41cf9b7f0c4c5a2562d152440,-1,0.0,0,0.0,0.0,0.0,0.0,0.0,12540.7,0.0,0.0,0.0,0.0,0,0.0,0.0,26.0,Active
96,4fa9428be9a447865b02bf3740503ea0,-1,190030.0,202500,0.0,33394.5,0.0,33394.5,9273.83,19350.0,8980.92,190030.0,190030.0,0.0,7,0.0,7.0,3.0,Active
97,505d64115daf761ed3d847f340440d62,-2,0.0,90000,0.0,0.0,0.0,0.0,0.0,0.0,0.0,0.0,0.0,0.0,0,0.0,0.0,0.0,Active
98,511f5f6683ff5043cd1e8623722038be,-2,0.0,45000,0.0,0.0,0.0,0.0,0.0,0.0,0.0,0.0,0.0,0.0,0,0.0,0.0,0.0,Active
99,523777eba1af0a28c869860154094967,-1,0.0,45000,0.0,0.0,0.0,0.0,0.0,0.0,0.0,0.0,0.0,0.0,0,0.0,0.0,0.0,Active
100,52e16003892fad99d5cbc6541dd98118,-1,245933.0,427500,0.0,54755.9,0.0,54755.9,10726.5,46308.7,46308.7,245262.0,245262.0,0.0,18,0.0,18.0,10.0,Active
101,548e1e31de1bdc7996d4798cfd4187af,-2,0.0,135000,0.0,0.0,0.0,0.0,0.0,0.0,0.0,0.0,0.0,0.0,0,0.0,0.0,0.0,Active
102,54ce67286793cc87b027da00f4e72a18,-2,0.0,450000,0.0,0.0,0.0,0.0,12233.0,254659.0,252409.0,0.0,0.0,0.0,0,0.0,0.0,25.0,Active
103,56423cb24f17f8cb6dec275dcf5d4474,-1,0.0,45000,0.0,0.0,0.0,0.0,0.0,199.665,0.0,0.0,0.0,0.0,0,0.0,0.0,50.0,Active
104,568aa0948e1a2dd0b4c3c75261c3d351,-1,0.0,45000,0.0,0.0,0.0,0.0,0.0,0.0,0.0,0.0,0.0,0.0,0,0.0,0.0,5.0,Completed
105,57d72ff8d039e743050884ae52f8b4e7,-2,0.0,225000,0.0,0.0,0.0,0.0,0.0,0.0,0.0,0.0,0.0,0.0,0,0.0,0.0,0.0,Active
106,581cf727f46a742ba244beffbf4d81bf,-1,439079.0,450000,0.0,9488.7,0.0,9488.7,22095.8,45450.0,22588.6,439079.0,439079.0,0.0,2,0.0,2.0,29.0,Active
107,583bbb91864b26d6bd18ef3c62a5eeea,-1,0.0,45000,0.0,0.0,0.0,0.0,0.0,2.295,0.0,0.0,0.0,0.0,0,0.0,0.0,59.0,Active
108,588e9feaa2c792cc7c72e66c4b233353,-2,0.0,135000,0.0,0.0,0.0,0.0,0.0,0.0,0.0,0.0,0.0,0.0,0,0.0,0.0,0.0,Active
109,58eb9a9d74dffeb6ac7885c8c5505f83,-2,0.0,0,0.0,0.0,0.0,0.0,0.0,0.0,0.0,0.0,0.0,0.0,0,0.0,0.0,0.0,Active
110,59496b34839fa7f29e619e64b525766a,-1,0.0,45000,0.0,0.0,0.0,0.0,0.0,612.27,0.0,0.0,0.0,0.0,0,0.0,0.0,56.0,Active
111,5d5a7cb55990893fb968883a89d2c193,-1,192887.0,315000,0.0,7649.73,0.0,7649.73,9426.06,9900.0,9900.0,191767.0,191767.0,0.0,3,0.0,3.0,9.0,Active
112,5e0f6abe60a3667a4c38c00de242aee7,-1,51286.9,45000,31500.0,45608.9,0.0,14108.8,225.0,0.0,0.0,45558.5,45558.5,3.0,19,0.0,16.0,3.0,Active
113,5ede14a7cecc91904a9127aedf976388,-2,0.0,0,0.0,0.0,0.0,0.0,0.0,0.0,0.0,0.0,0.0,0.0,0,0.0,0.0,11.0,Completed
114,5fbb217ec4488f5badfd9522537890f2,-2,0.0,0,0.0,0.0,0.0,0.0,0.0,0.0,0.0,0.0,0.0,0.0,0,0.0,0.0,12.0,Completed
115,60344e9d7c052e109fba4fdefd4d1acc,-1,175177.0,225000,0.0,0.0,0.0,0.0,9076.91,13500.0,13500.0,173212.0,173212.0,0.0,0,0.0,0.0,3.0,Active
116,61522aeff59e940a0f2870fd15175296,-2,0.0,135000,0.0,0.0,0.0,0.0,0.0,0.0,0.0,0.0,0.0,0.0,0,0.0,0.0,0.0,Active
117,6174fa4c61bd70c80b6bb8f2e5dbe1cf,-2,0.0,0,0.0,0.0,0.0,0.0,0.0,0.0,0.0,0.0,0.0,0.0,0,0.0,0.0,2.0,Active
118,61cd0da9cef8de7f8ea2194f679e5de1,-1,186275.0,180000,0.0,4005.0,0.0,4005.0,9271.71,9450.0,9450.0,186275.0,186275.0,0.0,9,0.0,9.0,11.0,Active
119,633376a8de8fa57789ed44aa6a39be6e,-1,0.0,112500,0.0,0.0,0.0,0.0,0.0,0.0,0.0,0.0,0.0,0.0,0,0.0,0.0,0.0,Active
120,6413d56e6bf365c98460b7e31e8c412d,-1,111619.0,135000,0.0,0.0,0.0,0.0,6408.94,20250.0,20250.0,111619.0,111619.0,0.0,0,0.0,0.0,86.0,Active
121,656053e043d18d97120aebbcd76caa3a,-2,0.0,765000,0.0,0.0,0.0,0.0,0.0,0.0,0.0,0.0,0.0,0.0,0,0.0,0.0,0.0,Active
122,6659294e64fffd197aba5965df3a14d6,-1,143161.0,337500,22500.0,22500.0,0.0,0.0,6013.89,6750.0,6750.0,139880.0,139880.0,1.0,1,0.0,0.0,1.0,Active
123,67f25730fdf4c0022934f0e8fdd3fb15,-2,266.805,45000,0.0,0.0,0.0,0.0,0.0,0.0,0.0,266.805,266.805,0.0,0,0.0,0.0,24.0,Active
124,68a758feff60c72edb33cd93e37d5e93,-2,0.0,90000,0.0,0.0,0.0,0.0,0.0,0.0,0.0,0.0,0.0,0.0,0,0.0,0.0,0.0,Active
125,692a8b41eb3f461ea72edc030a015f80,-4,0.0,90000,0.0,0.0,0.0,0.0,0.0,0.0,0.0,0.0,0.0,0.0,0,0.0,0.0,0.0,Active
126,69c75daeb6e7cbf76a0f6b092e91fc58,-1,114404.0,135000,0.0,0.0,0.0,0.0,6047.5,5940.0,9.18,114404.0,114404.0,0.0,0,0.0,0.0,6.0,Active
127,6a9dbd53f8da96e923856fc0ff210363,-1,0.0,45000,0.0,0.0,0.0,0.0,0.0,427.5,427.5,0.0,0.0,0.0,0,0.0,0.0,39.0,Active
128,6b136c4fc75d0061e2c4c7d863d343aa,-1,0.0,45000,0.0,0.0,0.0,0.0,0.0,7.425,0.0,0.0,0.0,0.0,0,0.0,0.0,46.0,Active
129,6b57dd921d4ec26895e9a2622fcee8ec,-1,0.0,0,0.0,0.0,0.0,0.0,0.0,0.0,0.0,0.0,0.0,0.0,0,0.0,0.0,0.0,Active
130,6bc28eb4501e1f533a4a33bc7d473b6a,-1,435516.0,445500,0.0,0.0,0.0,0.0,22156.5,22500.0,22500.0,435516.0,435516.0,0.0,0,0.0,0.0,41.0,Active
131,6c30a19536f15b63fda108912ecefea0,-1,0.0,315000,0.0,0.0,0.0,0.0,0.0,169.92,169.92,0.0,0.0,0.0,0,0.0,0.0,2.0,Active
132,6cd061ab037678edeec3779b3f466027,-2,221790.0,225000,0.0,1368.54,0.0,1368.54,11386.9,11475.0,11475.0,221790.0,221790.0,0.0,1,0.0,1.0,19.0,Active
133,6ef70fbb4d46a9db2c193c7154dd3658,-2,47179.8,45000,15750.0,15750.0,0.0,0.0,2250.0,9000.0,9000.0,47179.8,47179.8,1.0,1,0.0,0.0,69.0,Active
134,6f212ef0534f4f25794cb04c1b1c404f,-1,0.0,135000,0.0,3641.4,0.0,3641.4,889.515,2309.45,2309.45,0.0,0.0,0.0,2,0.0,2.0,5.0,Active
135,6fb51af069872e2bd7f387d65701aa63,-1,23581.7,900000,0.0,25138.2,0.0,25138.2,2250.0,2619.81,2619.81,23581.7,23581.7,0.0,4,0.0,4.0,6.0,Active
136,6fca2e067e636a22146e64b6f2343467,-1,0.0,0,0.0,0.0,0.0,0.0,0.0,256.41,0.0,0.0,0.0,0.0,0,0.0,0.0,5.0,Active
137,7115703793e536070cba65f37eea393c,-1,782287.0,765000,0.0,0.0,0.0,0.0,39073.1,40500.0,40500.0,775746.0,775746.0,0.0,0,0.0,0.0,23.0,Active
138,731882677bab2bb98582c13646921ad9,-1,118763.0,139500,0.0,0.0,0.0,0.0,6128.55,19800.0,19800.0,118763.0,118763.0,0.0,0,0.0,0.0,6.0,Active
139,7465ce3457ff132842b3607c058bbe92,-1,0.0,135000,0.0,0.0,0.0,0.0,0.0,0.0,0.0,0.0,0.0,0.0,0,0.0,0.0,0.0,Active
140,74dfebff85d36ec099ddec7f6711add9,-1,192281.0,720000,0.0,87437.2,0.0,87437.2,7192.94,45685.3,37457.6,192281.0,192281.0,0.0,12,0.0,12.0,6.0,Active
141,756ec14796c631fa194bc1bd775ad8cc,-2,0.0,0,0.0,0.0,0.0,0.0,0.0,495.0,495.0,0.0,0.0,0.0,0,0.0,0.0,10.0,Active
142,764414045f332e127eb5849a15a35cae,-2,0.0,0,0.0,0.0,0.0,0.0,0.0,0.0,0.0,0.0,0.0,0.0,0,0.0,0.0,0.0,Active
143,76e4d9c9ad46e2ac78a80289f92bdf54,-2,0.0,270000,0.0,0.0,0.0,0.0,0.0,0.0,0.0,0.0,0.0,0.0,0,0.0,0.0,0.0,Active
144,777552b773a9efe4bc64cc5d6646c7eb,-1,0.0,450000,0.0,0.0,0.0,0.0,0.0,0.0,0.0,0.0,0.0,0.0,0,0.0,0.0,0.0,Active
145,7867fa80a807943a8eab25cebf934e57,-2,0.0,67500,0.0,0.0,0.0,0.0,0.0,0.0,0.0,0.0,0.0,0.0,0,0.0,0.0,49.0,Completed
146,7963226580f4b70bff3bd057559027bc,-2,0.0,135000,0.0,0.0,0.0,0.0,0.0,0.0,0.0,0.0,0.0,0.0,0,0.0,0.0,0.0,Active
147,7a80d7cd89b7e5378e29ea8d624c392f,-2,0.0,0,0.0,0.0,0.0,0.0,0.0,0.0,0.0,0.0,0.0,0.0,0,0.0,0.0,0.0,Active
148,7b7802520e17c16ba705dc4a248520f8,-2,61646.4,202500,0.0,0.0,0.0,0.0,3241.75,4500.0,4500.0,61646.4,61646.4,0.0,0,0.0,0.0,5.0,Active
149,7be482781f6e8737d77fd8760de2598f,-1,89314.1,90000,0.0,0.0,0.0,0.0,4865.27,4950.0,4950.0,89314.1,89314.1,0.0,0,0.0,0.0,2.0,Active
150,7c7a79015601a4d328502fda8ed1578b,-2,0.0,0,0.0,0.0,0.0,0.0,0.0,0.0,0.0,0.0,0.0,0.0,0,0.0,0.0,8.0,Completed
151,7cfaf0f098878c968c5e05f17f374ebc,-1,0.0,0,0.0,0.0,0.0,0.0,0.0,4.5,0.0,0.0,0.0,0.0,0,0.0,0.0,15.0,Active
152,7d751b729bc1b0832a9e169aa38125b6,-1,0.0,0,0.0,0.0,0.0,0.0,0.0,0.0,0.0,0.0,0.0,0.0,0,0.0,0.0,0.0,Active
153,7db0de1a11205daeaa504a93b478db0d,-2,512011.0,900000,0.0,144218.0,0.0,144218.0,20066.8,25286.5,25286.5,512011.0,512011.0,0.0,22,0.0,22.0,11.0,Active
154,7f0875e7be2b1446a8e117c8312365a6,-1,225983.0,315000,0.0,69475.0,0.0,69475.0,9572.26,15721.8,15721.8,225983.0,225983.0,0.0,26,0.0,26.0,4.0,Active
155,7f7c770fc4859526fd2c56b3cb5de73d,-1,0.0,45000,0.0,0.0,0.0,0.0,0.0,1.935,0.0,0.0,0.0,0.0,0,0.0,0.0,47.0,Active
156,80aaaa38b6eaafabed9bffed6ab15d5c,-1,0.0,0,0.0,0.0,0.0,0.0,0.0,331.695,0.0,0.0,0.0,0.0,0,0.0,0.0,11.0,Active
157,82099d33d92441c5159d1aa3b70e9670,-1,0.0,0,0.0,0.0,0.0,0.0,0.0,222.93,0.0,0.0,0.0,0.0,0,0.0,0.0,21.0,Active
158,838acbd62e6f33752096f30e0ca68aac,-2,310730.0,450000,0.0,0.0,0.0,0.0,17798.1,45000.0,27397.8,310730.0,310730.0,0.0,0,0.0,0.0,24.0,Active
159,849c3998f6425f2b04bfdaf2ea41ce45,-1,0.0,90000,0.0,0.0,0.0,0.0,0.0,613.89,613.89,0.0,0.0,0.0,0,0.0,0.0,11.0,Active
160,8637a3cb38a8e15a88b107262ace416f,-1,42459.4,45000,0.0,0.0,0.0,0.0,2250.0,2250.0,2250.0,42459.4,42459.4,0.0,0,0.0,0.0,68.0,Active
161,8732de0e389bca3e5d65bdcc2a738d90,-2,0.0,90000,0.0,0.0,0.0,0.0,0.0,0.0,0.0,0.0,0.0,0.0,0,0.0,0.0,0.0,Active
162,87a65c7f6cd468077a130ac980618ace,-1,0.0,45000,0.0,0.0,0.0,0.0,0.0,0.0,0.0,0.0,0.0,0.0,0,0.0,0.0,0.0,Active
163,87f97138598cf1000d697c23fcff0159,-1,184781.0,180000,16425.0,20594.5,0.0,4169.48,7670.16,21308.4,11184.2,179624.0,179624.0,3.0,4,0.0,1.0,3.0,Active
164,882daf577f9f81c01fbb0e0cdeac6088,-2,0.0,225000,0.0,0.0,0.0,0.0,0.0,0.0,0.0,0.0,0.0,0.0,0,0.0,0.0,0.0,Active
165,8877984a63c9640ad6a4dec3ef934719,-3,0.0,0,0.0,0.0,0.0,0.0,0.0,0.0,0.0,0.0,0.0,0.0,0,0.0,0.0,1.0,Active
166,88bc8e4c598d233294385b72836ab725,-2,0.0,180000,0.0,0.0,0.0,0.0,0.0,0.0,0.0,0.0,0.0,0.0,0,0.0,0.0,0.0,Active
167,89d20c7d58d61f169011c83b3f53e705,-1,0.0,135000,0.0,0.0,0.0,0.0,0.0,0.0,0.0,0.0,0.0,0.0,0,0.0,0.0,0.0,Active
168,89f87221f2fa5f284eea9c84efff08ab,-1,116285.0,765000,0.0,117153.0,0.0,117153.0,225.0,1092.73,1092.73,116285.0,116285.0,0.0,38,0.0,38.0,4.0,Active
169,8a123c9a261893c2c7141ddf375d809a,-1,270760.0,247500,0.0,0.0,0.0,0.0,13681.9,13950.0,13950.0,269331.0,269331.0,0.0,0,0.0,0.0,12.0,Active
170,8ad79d2c4ee200fd0a3d7f750fcb400c,-2,0.0,45000,0.0,0.0,0.0,0.0,0.0,36.63,0.0,0.0,0.0,0.0,0,0.0,0.0,59.0,Active
171,8b915efb2f78370333ac50e9f6fda2fa,-1,0.0,45000,0.0,0.0,0.0,0.0,0.0,222.75,0.0,0.0,0.0,0.0,0,0.0,0.0,22.0,Active
172,8beb21c1764146298fbe21ab6b2370e5,-1,0.0,900000,0.0,3.96,0.0,0.0,2250.0,4858.56,4858.56,0.0,0.0,0.0,0,0.0,0.0,15.0,Completed
173,8cf12c3bc4172509bbe75dce42da160d,-1,0.0,135000,0.0,0.0,0.0,0.0,0.0,0.0,0.0,0.0,0.0,0.0,0,0.0,0.0,0.0,Active
174,8dcd664dee6717f0ee981e1c53293bf3,-1,169372.0,180000,10350.0,10350.0,0.0,0.0,8629.47,9450.0,9450.0,167801.0,167801.0,1.0,1,0.0,0.0,5.0,Active
175,8e7761d5caded5cade8a4398b8d5f8d2,-1,0.0,45000,0.0,0.0,0.0,0.0,0.0,0.0,0.0,0.0,0.0,0.0,0,0.0,0.0,0.0,Active
176,8ff19d967f321d434e09400f7020cd8f,-1,533059.0,495000,0.0,0.0,0.0,0.0,23243.2,23400.0,23400.0,528464.0,528464.0,0.0,0,0.0,0.0,1.0,Active
177,902ae8987d8c33529cf2891b2399a645,-2,0.0,135000,0.0,0.0,0.0,0.0,0.0,0.0,0.0,0.0,0.0,0.0,0,0.0,0.0,0.0,Active
178,91451f432b07c8d8e42d8b23ed422d1e,-3,182922.0,225000,0.0,0.0,0.0,0.0,10945.7,13500.0,3162.82,182922.0,182922.0,0.0,0,0.0,0.0,16.0,Active
179,91af251207f880c7e95e95cac6346713,-2,226898.0,216000,15750.0,15750.0,0.0,0.0,11313.1,13500.0,13500.0,221448.0,221448.0,2.0,2,0.0,0.0,5.0,Active
180,935deb8eb90b6ad124390814bca8b1c0,-2,357953.0,450000,45000.0,59846.4,0.0,14846.4,15463.9,17150.8,17150.8,356608.0,356608.0,1.0,10,0.0,9.0,6.0,Active
181,93e6970fe1a62019a0df19b18aac2373,-2,312009.0,900000,0.0,25236.0,0.0,25236.0,16263.8,45000.0,45000.0,312009.0,312009.0,0.0,1,0.0,1.0,23.0,Active
182,94b073bcf6fe7503ef412efce51726c9,-1,0.0,247500,0.0,0.0,0.0,0.0,0.0,0.0,0.0,0.0,0.0,0.0,0,0.0,0.0,0.0,Active
183,94b4fa21147ca93a95a19cd3abfd34bb,-2,161.82,0,0.0,0.0,0.0,0.0,0.0,0.0,0.0,161.82,161.82,0.0,0,0.0,0.0,30.0,Active
184,94cfaff110fc9899a3a99fbea38735a4,-3,0.0,0,0.0,0.0,0.0,0.0,0.0,0.0,0.0,0.0,0.0,0.0,0,0.0,0.0,0.0,Completed
185,950460b21a449f00e2d26567470e8235,-2,0.0,90000,0.0,0.0,0.0,0.0,0.0,0.0,0.0,0.0,0.0,0.0,0,0.0,0.0,0.0,Active
186,951cc306b3e90a203fa40bfee8f21345,-3,0.0,270000,0.0,0.0,0.0,0.0,0.0,0.0,0.0,0.0,0.0,0.0,0,0.0,0.0,0.0,Active
187,96e3c7b408865cbf571266a2c30ae5cc,-1,0.0,0,0.0,0.0,0.0,0.0,0.0,196.965,0.0,0.0,0.0,0.0,0,0.0,0.0,58.0,Active
188,96fc40629c98c5e70041df388f2bd112,-1,130.5,180000,0.0,0.0,0.0,0.0,9000.0,11636.4,0.0,0.0,0.0,0.0,0,0.0,0.0,59.0,Active
189,98111a81532e3003026e119076ffd0b9,-1,0.0,135000,0.0,0.0,0.0,0.0,0.0,0.0,0.0,0.0,0.0,0.0,0,0.0,0.0,0.0,Active
190,998d9f9c579873b1d738668122a52170,-1,46956.6,135000,0.0,0.0,0.0,0.0,2250.0,4532.17,4241.79,46984.8,46984.8,0.0,0,0.0,0.0,1.0,Active
191,99e1f63fe22a1243018a2532eec6c22f,-1,0.0,0,0.0,0.0,0.0,0.0,0.0,0.63,0.63,0.0,0.0,0.0,0,0.0,0.0,2.0,Active
192,9b3909eac311a43f77fe0d5ef5c49523,-1,0.0,0,0.0,0.0,0.0,0.0,0.0,0.0,0.0,0.0,0.0,0.0,0,0.0,0.0,9.0,Active
193,a0c4f24a940e2fe01cafb2ec60d51d6c,-2,0.0,45000,0.0,0.0,0.0,0.0,0.0,0.0,0.0,0.0,0.0,0.0,0,0.0,0.0,0.0,Active
194,a19127c48e02c6c2d16a328f5cb38c1d,-2,0.0,0,0.0,0.0,0.0,0.0,0.0,229.5,229.5,0.0,0.0,0.0,0,0.0,0.0,1.0,Active
195,a2b76475bd47b89eb24080946629ab30,-1,0.0,90000,0.0,0.0,0.0,0.0,0.0,0.0,0.0,0.0,0.0,0.0,0,0.0,0.0,0.0,Active
196,a2d05f5b3fd9b13a7e2384bd34f6e883,-2,0.0,450000,0.0,0.0,0.0,0.0,0.0,949.23,949.23,0.0,0.0,0.0,0,0.0,0.0,32.0,Active
197,a47976fc2c9c02e7bd963d022f080adb,-1,0.0,0,0.0,0.0,0.0,0.0,0.0,1462.14,0.0,0.0,0.0,0.0,0,0.0,0.0,23.0,Active
198,a57946db53cb831606cb5d7bd4719e6b,-1,0.0,45000,0.0,0.0,0.0,0.0,0.0,0.0,0.0,0.0,0.0,0.0,0,0.0,0.0,0.0,Active
199,a57a8a1178b3e2f02bbc4b8a26504d78,-2,0.0,0,0.0,0.0,0.0,0.0,0.0,4.41,4.41,0.0,0.0,0.0,0,0.0,0.0,13.0,Active
200,a613d20807ab1699d07446e7925e1d1e,-2,0.0,0,0.0,0.0,0.0,0.0,0.0,4.275,4.275,0.0,0.0,0.0,0,0.0,0.0,9.0,Active
201,a64e327162b9d473ab68e6bcd468687b,-3,0.0,765000,0.0,0.0,0.0,0.0,0.0,0.0,0.0,0.0,0.0,0.0,0,0.0,0.0,0.0,Active
202,a78b62df18d94e8b935aec3de0c6b2a7,-1,794069.0,900000,0.0,4564.12,0.0,4564.12,41106.8,45000.0,45000.0,794069.0,794069.0,0.0,1,0.0,1.0,9.0,Active
203,a8572a0a8de7d0652a40f08ad56f9b28,-1,91067.8,135000,0.0,11250.0,0.0,11250.0,4108.54,4500.0,4500.0,91067.8,91067.8,0.0,3,0.0,3.0,63.0,Active
204,a9418d08cf70b3ab1559dd506d990b59,-2,0.0,585000,0.0,0.0,0.0,0.0,0.0,0.0,0.0,0.0,0.0,0.0,0,0.0,0.0,0.0,Active
205,aa206c16e8139512894cc78c298ca9f6,-2,0.0,135000,0.0,0.0,0.0,0.0,0.0,0.0,0.0,0.0,0.0,0.0,0,0.0,0.0,0.0,Active
206,acfc868f2cb6acc2332d03f20fe419a9,-1,246753.0,315000,45000.0,45000.0,0.0,0.0,11058.0,13500.0,13500.0,245407.0,245407.0,1.0,1,0.0,0.0,15.0,Active
207,ad0b63a17349b3cda49165d4bfe8be27,-1,0.0,45000,0.0,0.0,0.0,0.0,0.0,71.19,0.0,0.0,0.0,0.0,0,0.0,0.0,50.0,Active
208,ad298b25e7f4f83e27b5cf17ca3355b7,-1,0.0,360000,0.0,0.0,0.0,0.0,0.0,3990.15,3990.15,0.0,0.0,0.0,0,0.0,0.0,12.0,Active
209,ad8b50b1b15420a0fab63944734163d1,-2,0.0,45000,0.0,0.0,0.0,0.0,0.0,0.0,0.0,0.0,0.0,0.0,0,0.0,0.0,0.0,Active
210,b0655739fc54914bbdffec797bb93dd9,-1,0.0,0,0.0,0.0,0.0,0.0,0.0,0.0,0.0,0.0,0.0,0.0,0,0.0,0.0,0.0,Active
211,b2e59936466baaaddb1f92040c0846a4,-2,0.0,0,0.0,0.0,0.0,0.0,0.0,0.0,0.0,0.0,0.0,0.0,0,0.0,0.0,25.0,Completed
212,b3ce5e7523a930aae5049bfb37b08251,-4,0.0,45000,0.0,0.0,0.0,0.0,0.0,0.0,0.0,0.0,0.0,0.0,0,0.0,0.0,0.0,Active
213,b41d2a11237bbd982e19038705a9dcaa,-1,426036.0,427500,0.0,4764.6,0.0,4764.6,21668.4,22500.0,22500.0,426261.0,426261.0,0.0,4,0.0,4.0,71.0,Active
214,b427f4cb09d142aaa1572009ac6474c9,-2,398095.0,405000,0.0,0.0,0.0,0.0,20510.4,22230.0,22230.0,398095.0,398095.0,0.0,0,0.0,0.0,35.0,Active
215,b4ae766b4164421e68c65e5eda124086,-3,0.0,45000,0.0,0.0,0.0,0.0,0.0,0.0,0.0,0.0,0.0,0.0,0,0.0,0.0,0.0,Active
216,b5f4b0c1dee1ab92cd539621a4b8b5a2,-1,0.0,0,0.0,0.0,0.0,0.0,0.0,0.0,0.0,0.0,0.0,0.0,0,0.0,0.0,0.0,Active
217,b74651952ecaba8ceb5aed4af92570f4,-1,133361.0,180000,0.0,0.0,0.0,0.0,9000.0,9000.0,9000.0,133361.0,133361.0,0.0,0,0.0,0.0,91.0,Active
218,b8b9444f35421fb4d895237081126193,-1,0.0,180000,0.0,0.0,0.0,0.0,0.0,120.285,0.0,0.0,0.0,0.0,0,0.0,0.0,75.0,Active
219,ba08da773d073d5a8f6a6579c828764c,-4,0.0,202500,0.0,0.0,0.0,0.0,0.0,0.0,0.0,0.0,0.0,0.0,0,0.0,0.0,0.0,Active
220,bbc68c5e1fd558e84e4525d2998fa375,-1,132824.0,135000,0.0,0.0,0.0,0.0,7317.72,9000.0,9000.0,132824.0,132824.0,0.0,0,0.0,0.0,6.0,Active
221,bc31a84fedbf8198e908f355ab9c0ee0,-1,0.0,0,0.0,0.0,0.0,0.0,0.0,11.565,0.0,0.0,0.0,0.0,0,0.0,0.0,2.0,Active
222,bca5b7ab14741127f46e83f499c21ac3,-1,126030.0,450000,67500.0,103188.0,0.0,35688.4,3797.5,3825.0,3825.0,124684.0,124684.0,2.0,16,0.0,14.0,9.0,Active
223,bef48095946f7f813d22075884f9b538,-1,231373.0,225000,9900.0,9900.0,0.0,0.0,11279.7,11700.0,11700.0,228682.0,228682.0,2.0,2,0.0,0.0,7.0,Active
224,bf075016082b32d6998123865d5a7880,-1,206461.0,225000,13500.0,53175.7,0.0,39675.7,8307.86,23780.2,12154.8,206461.0,206461.0,1.0,5,0.0,4.0,2.0,Active
225,c03a140191745565ea0feafebf23b1ac,-1,271932.0,450000,168750.0,168750.0,0.0,0.0,13670.1,45000.0,45000.0,269241.0,269241.0,3.0,3,0.0,0.0,36.0,Active
226,c2bc4e61a746e5a76548e4020c4d7f63,-2,0.0,900000,0.0,0.0,0.0,0.0,0.0,0.0,0.0,0.0,0.0,0.0,0,0.0,0.0,0.0,Active
227,c3481894ab3564ad97f17e024205fd68,-1,0.0,0,0.0,0.0,0.0,0.0,0.0,0.0,0.0,0.0,0.0,0.0,0,0.0,0.0,0.0,Completed
228,c37907019e283cad3e68fddd52bc70f0,-1,0.0,450000,0.0,0.0,0.0,0.0,0.0,81.54,81.54,0.0,0.0,0.0,0,0.0,0.0,26.0,Active
229,c4a3cdfcabe87eb6332f16026b5b2ad1,-1,44438.5,135000,0.0,34417.9,0.0,34417.9,2250.0,18372.5,16122.5,44438.5,44438.5,0.0,24,0.0,24.0,7.0,Active
230,c50f2d9c08fc4d6fb186eaf4e8011e9b,-1,281948.0,405000,22500.0,22500.0,0.0,0.0,13248.0,13500.0,13500.0,281948.0,281948.0,1.0,1,0.0,0.0,39.0,Active
231,c5649413c683d4e80b49328eac8c421b,-1,0.0,0,0.0,0.0,0.0,0.0,0.0,1.8,1.8,0.0,0.0,0.0,0,0.0,0.0,23.0,Active
232,c60c796826effb1cd1cd7cdda2542678,-1,0.0,45000,0.0,0.0,0.0,0.0,0.0,148.59,0.0,0.0,0.0,0.0,0,0.0,0.0,30.0,Active
233,c71b9b8b8b3be49447601a4a734043c0,-1,0.0,247500,0.0,0.0,0.0,0.0,0.0,0.0,0.0,0.0,0.0,0.0,0,0.0,0.0,0.0,Active
234,c7f18738030d1fbea4d0b02ac4ea03e7,-1,0.0,0,0.0,0.0,0.0,0.0,0.0,206.55,0.0,0.0,0.0,0.0,0,0.0,0.0,26.0,Active
235,c846ed9207ac99f11fb1e70a54b60c47,-2,0.0,180000,0.0,0.0,0.0,0.0,0.0,0.0,0.0,0.0,0.0,0.0,0,0.0,0.0,49.0,Active
236,c9d34e373c8a744d96debbe1a0a0e0dc,-1,0.0,0,0.0,0.0,0.0,0.0,0.0,817.83,0.0,0.0,0.0,0.0,0,0.0,0.0,78.0,Active
237,cbb8e190566b813cc0b190f3e6abbf2f,-1,0.0,0,0.0,0.0,0.0,0.0,0.0,0.0,0.0,0.0,0.0,0.0,0,0.0,0.0,0.0,Completed
238,cca33ed60625aeff9218f5d49dcb3eaf,-1,0.0,0,0.0,0.0,0.0,0.0,0.0,0.0,0.0,0.0,0.0,0.0,0,0.0,0.0,0.0,Active
239,ccb9465af57da7332260256d413babda,-1,0.0,0,0.0,0.0,0.0,0.0,0.0,234.765,0.0,0.0,0.0,0.0,0,0.0,0.0,37.0,Active
240,cdde066ff9ed2e97df8bfefa0a315c39,-1,0.0,0,0.0,0.0,0.0,0.0,0.0,297.18,297.18,0.0,0.0,0.0,0,0.0,0.0,11.0,Active
241,ce473b492f7bc9dd76ba7e3009609ad9,-1,0.0,90000,0.0,0.0,0.0,0.0,0.0,0.0,0.0,0.0,0.0,0.0,0,0.0,0.0,0.0,Active
242,ce93ebb3de877c50228ea8f0409a4081,-1,0.0,0,0.0,0.0,0.0,0.0,0.0,404.145,0.0,0.0,0.0,0.0,0,0.0,0.0,35.0,Active
243,cfc2961a26784fcc6702c7a22243d21b,-2,0.0,0,0.0,0.0,0.0,0.0,0.0,0.0,0.0,0.0,0.0,0.0,0,0.0,0.0,0.0,Active
244,d01b4b956174442c49cb78e542996ff3,-1,0.0,180000,0.0,0.0,0.0,0.0,0.0,130.635,0.0,0.0,0.0,0.0,0,0.0,0.0,85.0,Active
245,d1761417186f13af13f4d0ece64d7d07,-1,120365.0,135000,0.0,0.0,0.0,0.0,6749.06,14400.0,7749.77,120365.0,120365.0,0.0,0,0.0,0.0,27.0,Active
246,d26fcc3e918ce0cb75aa5169624905b9,-3,0.0,0,0.0,0.0,0.0,0.0,0.0,0.0,0.0,0.0,0.0,0.0,0,0.0,0.0,4.0,Completed
247,d2744fce0947cdf5b12c8c62b0d07be6,-2,38802.3,45000,0.0,0.0,0.0,0.0,2262.15,4500.0,2250.0,38802.3,38802.3,0.0,0,0.0,0.0,9.0,Active
248,d2a4d517979835608abac9ea661005ab,-2,176304.0,180000,0.0,0.0,0.0,0.0,9291.51,18675.0,9520.88,176304.0,176304.0,0.0,0,0.0,0.0,4.0,Active
249,d49af2320ef6bc376b0e289a6f9b1cd1,-2,321424.0,315000,0.0,0.0,0.0,0.0,16223.5,16425.0,16425.0,319052.0,319052.0,0.0,0,0.0,0.0,14.0,Active
250,d4d507ebbb932593d51a3804b4d72a8b,-1,121799.0,135000,0.0,513.0,0.0,513.0,6624.04,6760.26,6760.26,121799.0,121799.0,0.0,1,0.0,1.0,7.0,Active
251,d51f7df95b3f490a489352b849345c89,-3,0.0,0,0.0,0.0,0.0,0.0,0.0,131.985,0.0,0.0,0.0,0.0,0,0.0,0.0,54.0,Active
252,d539d28da5e37c2aa3ef9c4193d680bc,-2,0.0,45000,0.0,0.0,0.0,0.0,0.0,184.275,184.275,0.0,0.0,0.0,0,0.0,0.0,16.0,Active
253,d5eeff3512c6999d0d6ab565a0732f88,-1,759220.0,810000,45000.0,48211.2,0.0,3211.2,38982.1,45000.0,45000.0,756528.0,756528.0,2.0,3,0.0,1.0,21.0,Active
254,d64af71e5ebe2156398c15c0542eddbd,-2,0.0,67500,0.0,0.0,0.0,0.0,0.0,0.0,0.0,0.0,0.0,0.0,0,0.0,0.0,38.0,Completed
255,d6b61b779d716b663ac4081ff80cdbd0,-1,0.0,45000,0.0,0.0,0.0,0.0,0.0,55.755,0.0,0.0,0.0,0.0,0,0.0,0.0,46.0,Active
256,d7015ce20e9b938a0888c678b1a76eda,-1,468530.0,450000,0.0,16455.2,0.0,16455.2,31500.0,31500.0,31500.0,468174.0,468174.0,0.0,10,0.0,10.0,42.0,Active
257,d79d88e9a548bb022a87abed288184a4,-2,42457.1,450000,0.0,0.0,0.0,0.0,2513.25,4500.0,4500.0,42457.1,42457.1,0.0,0,0.0,0.0,31.0,Active
258,d88bca7c85ed2c0428fb58c9439a91da,-2,0.0,18000,0.0,6370.65,0.0,6370.65,2250.0,19771.3,19401.7,0.0,0.0,0.0,2,0.0,2.0,5.0,Active
259,d8eeca86d82d92aba518aae24e24496a,-1,0.0,45000,0.0,0.0,0.0,0.0,0.0,163.26,0.0,0.0,0.0,0.0,0,0.0,0.0,13.0,Active
260,d9f60a9f2634a3611b548877c305b27a,-1,0.0,0,0.0,0.0,0.0,0.0,0.0,294.615,0.0,0.0,0.0,0.0,0,0.0,0.0,34.0,Active
261,da54417610906be4ef1e211af8a7ba76,-1,0.0,45000,0.0,0.0,0.0,0.0,0.0,2351.88,0.0,0.0,0.0,0.0,0,0.0,0.0,28.0,Active
262,da97b556d19e0bfbcea9514e59c79d6f,-1,0.0,270000,0.0,0.0,0.0,0.0,0.0,385.155,0.0,0.0,0.0,0.0,0,0.0,0.0,53.0,Active
263,daaafafdc8e9e3ca97f44e8e5bb9bac9,-1,169108.0,157500,0.0,0.0,0.0,0.0,8717.71,8730.0,8730.0,167988.0,167988.0,0.0,0,0.0,0.0,1.0,Active
264,db8ba57ab6fe9714fb024b61bca93df8,-2,0.0,45000,0.0,0.0,0.0,0.0,0.0,0.0,0.0,0.0,0.0,0.0,0,0.0,0.0,0.0,Active
265,dc0403d1b4a61aec259859dfe7690a13,-1,359004.0,495000,0.0,20496.2,0.0,20496.2,18501.8,19682.6,19682.6,359004.0,359004.0,0.0,2,0.0,2.0,5.0,Active
266,dc36ec48e2d2b8a0322f538a907a206e,-1,0.0,270000,0.0,0.0,0.0,0.0,0.0,2.88,0.0,0.0,0.0,0.0,0,0.0,0.0,71.0,Active
267,dc8ba115a9bb073c95dac806bb891eaa,-1,0.0,0,0.0,0.0,0.0,0.0,0.0,19.755,0.0,0.0,0.0,0.0,0,0.0,0.0,29.0,Active
268,dcc051d1011c325c3961ddd202062d7f,-2,143234.0,157500,0.0,0.0,0.0,0.0,7226.37,7245.0,7245.0,142177.0,142177.0,0.0,0,0.0,0.0,10.0,Active
269,dd95667515aadd8a4a1d4b9de1df8a82,-1,0.0,202500,0.0,0.0,0.0,0.0,0.0,0.0,0.0,0.0,0.0,0.0,0,0.0,0.0,0.0,Active
270,ddcdddf699a0fed97a3e72953207bf33,-1,456695.0,450000,11250.0,11250.0,0.0,0.0,22711.8,24750.0,24750.0,455349.0,455349.0,1.0,1,0.0,0.0,22.0,Active
271,de33295f7585c5a148ff012b01ff242f,-1,0.0,45000,0.0,0.0,0.0,0.0,0.0,120.645,0.0,0.0,0.0,0.0,0,0.0,0.0,49.0,Active
272,de673d31baeae5f044e0e13816fd6646,-2,0.0,0,0.0,0.0,0.0,0.0,0.0,222.75,222.75,0.0,0.0,0.0,0,0.0,0.0,16.0,Active
273,ded24d3d3b868644ebbc3dfff798cb12,-3,0.0,0,0.0,0.0,0.0,0.0,0.0,0.0,0.0,0.0,0.0,0.0,0,0.0,0.0,0.0,Active
274,e00fa87cabf8cb8a46fd640060f81d7a,-2,0.0,202500,0.0,0.0,0.0,0.0,0.0,0.0,0.0,0.0,0.0,0.0,0,0.0,0.0,0.0,Active
275,e081b02f9d46b7e6de60beb4742303c0,-1,46192.0,135000,0.0,576.0,0.0,576.0,2295.68,2304.0,2304.0,45521.5,45521.5,0.0,2,0.0,2.0,3.0,Active
276,e0935056f2ef0fc328d44ab74137b46f,-1,0.0,225000,0.0,0.0,0.0,0.0,0.0,0.0,0.0,0.0,0.0,0.0,0,0.0,0.0,0.0,Active
277,e305c96656327076dc69dfde0746e45b,-1,0.0,45000,0.0,0.0,0.0,0.0,0.0,60.75,60.75,0.0,0.0,0.0,0,0.0,0.0,3.0,Active
278,e3cb0afe3dbb0c8e27ff88a8af23e725,-1,0.0,0,0.0,0.0,0.0,0.0,0.0,0.0,0.0,0.0,0.0,0.0,0,0.0,0.0,28.0,Completed
279,e442e75a1555d2ac5e4e649cb44e1be6,-2,154908.0,270000,0.0,0.0,0.0,0.0,8557.56,24666.8,14660.0,154908.0,154908.0,0.0,0,0.0,0.0,2.0,Active
280,e492b13d741b0d2c358125a59c1eb845,-1,103791.0,225000,0.0,104591.0,0.0,104591.0,2250.0,33993.4,33993.4,103791.0,103791.0,0.0,16,0.0,16.0,4.0,Active
281,e6827a0e396e51ddf8df9e76d72d5847,-2,0.0,45000,0.0,0.0,0.0,0.0,0.0,0.0,0.0,0.0,0.0,0.0,0,0.0,0.0,0.0,Active
282,e7150a28e06267de0c8a0f4ee9a52fe4,-1,93182.4,90000,0.0,1257.75,0.0,1257.75,4479.21,4643.28,4643.28,92511.9,92511.9,0.0,2,0.0,2.0,11.0,Active
283,e7c606624b060d4081a11d9b4c35a967,-1,83995.7,135000,0.0,0.0,0.0,0.0,4333.1,4500.0,4500.0,83995.7,83995.7,0.0,0,0.0,0.0,3.0,Active
284,e829ef65c088b7eac63bc2e15d941765,-1,223957.0,270000,0.0,0.0,0.0,0.0,13500.0,13500.0,13500.0,224182.0,224182.0,0.0,0,0.0,0.0,89.0,Active
285,e92af4ca8326bbff83f09932f1719f41,-1,0.0,0,0.0,0.0,0.0,0.0,0.0,14.175,14.175,0.0,0.0,0.0,0,0.0,0.0,10.0,Active
286,ea19111ca4de0229181e889474a6e461,-2,0.0,45000,0.0,0.0,0.0,0.0,0.0,828.63,828.63,0.0,0.0,0.0,0,0.0,0.0,5.0,Active
287,eaa282fc78d9423effdeefcbe3f3d996,-1,0.0,0,0.0,0.0,0.0,0.0,0.0,171.09,0.0,0.0,0.0,0.0,0,0.0,0.0,52.0,Active
288,eaaff3d2cf6a125466d01f2910a9ae3b,-1,0.0,135000,0.0,0.0,0.0,0.0,0.0,0.0,0.0,0.0,0.0,0.0,0,0.0,0.0,0.0,Active
289,eafbe9e1c794c1fdaffb331aa3f6d415,-2,0.0,0,0.0,0.0,0.0,0.0,0.0,0.0,0.0,0.0,0.0,0.0,0,0.0,0.0,21.0,Completed
290,ebd3a231e48fa64b7b0ebfc192e1b6c3,-1,0.0,67500,0.0,0.0,0.0,0.0,0.0,0.0,0.0,0.0,0.0,0.0,0,0.0,0.0,0.0,Active
291,ec7b70e7913305072cb8c8e4a717f5e6,-1,0.0,270000,0.0,0.0,0.0,0.0,0.0,22.185,22.185,0.0,0.0,0.0,0,0.0,0.0,26.0,Active
292,ed65392d7776c67a07f1fd7e0c94d7d1,-2,0.0,0,0.0,0.0,0.0,0.0,0.0,0.0,0.0,0.0,0.0,0.0,0,0.0,0.0,35.0,Completed
293,ee989d0e35bef961651bcc1f969fade1,-2,144486.0,135000,0.0,0.0,0.0,0.0,7354.89,7425.0,7425.0,144486.0,144486.0,0.0,0,0.0,0.0,29.0,Active
294,eeee48eeb3cdcb8a048d3e846bcdb361,-2,0.0,270000,0.0,0.0,0.0,0.0,0.0,0.0,0.0,0.0,0.0,0.0,0,0.0,0.0,0.0,Active
295,ef422969e9635cc7064ff445d3d71f37,-2,702945.0,675000,13500.0,13500.0,0.0,0.0,34796.6,35928.2,35928.2,700254.0,700254.0,1.0,1,0.0,0.0,4.0,Active
296,f096486de662bdcca775efba905ca009,-1,0.0,45000,0.0,0.0,0.0,0.0,0.0,156.78,0.0,0.0,0.0,0.0,0,0.0,0.0,52.0,Active
297,f20d477bfa9a0b62ba439e97d84bd3ba,-1,0.0,45000,0.0,0.0,0.0,0.0,0.0,0.0,0.0,0.0,0.0,0.0,0,0.0,0.0,0.0,Active
298,f2295dde7c64a127962f6834ca205dad,-1,0.0,0,0.0,0.0,0.0,0.0,0.0,0.0,0.0,0.0,0.0,0.0,0,0.0,0.0,0.0,Active
299,f2cc6655b32331112521e0ec16ad12bc,-2,0.0,45000,0.0,0.0,0.0,0.0,0.0,0.0,0.0,0.0,0.0,0.0,0,0.0,0.0,0.0,Active
300,f3096e02de9742f128aef695fee0227a,-1,0.0,225000,0.0,0.0,0.0,0.0,0.0,36.0,36.0,0.0,0.0,0.0,0,0.0,0.0,23.0,Active
301,f3331879cd9310317628d6ed401a01b9,-1,0.0,45000,0.0,0.0,0.0,0.0,0.0,17.55,0.0,0.0,0.0,0.0,0,0.0,0.0,30.0,Active
302,f38a9c5eb2ff2d163aaa67977367c319,-3,0.0,45000,0.0,0.0,0.0,0.0,0.0,0.0,0.0,0.0,0.0,0.0,0,0.0,0.0,26.0,Active
303,f508d4fdccc9eae07fee84394e42c438,-2,0.0,0,0.0,0.0,0.0,0.0,0.0,1110.92,1110.92,0.0,0.0,0.0,0,0.0,0.0,5.0,Active
304,f58a303e024abf2294d0acff7d71acee,-1,279883.0,270000,6750.0,6750.0,0.0,0.0,13596.7,13950.0,13950.0,278538.0,278538.0,1.0,1,0.0,0.0,16.0,Active
305,f5f06f7e3057ef8a6220b9810bb49c29,-1,186739.0,180000,0.0,3502.53,0.0,3502.53,9312.48,3249.81,3249.81,184912.0,184912.0,0.0,2,0.0,2.0,6.0,Active
306,f707de591f20bb699ced2c4313631e4f,-2,0.0,0,0.0,0.0,0.0,0.0,0.0,780.345,0.0,0.0,0.0,0.0,0,0.0,0.0,9.0,Active
307,f718ddadb2f2ccf842594deafdc1971f,-2,0.0,900000,0.0,0.0,0.0,0.0,0.0,0.0,0.0,0.0,0.0,0.0,0,0.0,0.0,0.0,Active
308,f808fb97e861ebb85808f92f42190196,-2,0.0,45000,0.0,0.0,0.0,0.0,0.0,56.475,0.0,0.0,0.0,0.0,0,0.0,0.0,45.0,Active
309,f88a4b0d917a11f21c4ff171dca3325a,-3,0.0,0,0.0,0.0,0.0,0.0,0.0,0.0,0.0,0.0,0.0,0.0,0,0.0,0.0,0.0,Active
310,f9c6f657ab9bf1203c4a0c7cba775ee5,-2,93221.9,135000,90000.0,90000.0,0.0,0.0,0.0,0.0,0.0,90958.4,90958.4,1.0,1,0.0,0.0,0.0,Active
311,fadef8f12ef481465fa0f5a03048afcb,-2,0.0,0,0.0,0.0,0.0,0.0,0.0,0.0,0.0,0.0,0.0,0.0,0,0.0,0.0,0.0,Active
