,reco_id_curr,reco_id_last,min_months_balance,min_installment_count,min_installment_future_count,min_contract_status_name
0,00364277ca56477eb2083f8982d74fac,3ca6bb7b46afd614040f57cb3e5099e0,-6,10.0,6.0,Active
1,0055426e95f4beecb4540bc7f24c1909,dda689039fd01ee54461620e609940af,-9,6.0,1.0,Active
2,00b885d997707b4102c91271a60f01b7,c6ecf9d89ce6553bb3d53a5c99d107b9,-9,22.0,0.0,Active
3,00bfd45acebcc9f1b5db49bc1ddc3195,97a71e634ae49c72335f438f457cae4a,-9,6.0,6.0,Active
4,00d0ec0cf2dae0f8400870d580fa77d0,8b2336fcbb0189ddd1d10de6f9045e3a,-9,24.0,16.0,Active
5,010978c0f5f7acd0d3de5259b42d7efd,0016a9b1d35da0f9ce3e604fca56d0a9,-9,18.0,1.0,Active
6,01c401bb1b2ba502df5a854be02ea4e9,90bc5a8b6cd1eb3a0aa70c6985e10d9f,-9,12.0,11.0,Active
7,0210bbb319b71f478fb04b7cec0c5e86,62785997ad752ccca8db252d2d3e8d35,-9,30.0,10.0,Active
8,02e7010fd5a4a376b7edfdf66821efad,ff382de7d3c2de977b23d721e562bb44,-8,12.0,8.0,Active
9,0300de78b4572cf2474d73c9f677d509,4397a873dfac672600d33f0028c4d022,-7,60.0,56.0,Active
10,0311008c74fa311e415df28b349e539b,f5ccdf0f8ed7efc522cadbc627ee7edd,-9,30.0,6.0,Active
11,039200c1a70ea9772149458084d17831,dba7563d35958160561fa7947de3bf98,-9,12.0,5.0,Active
12,041480730fefc966ff97b991bdb7da6c,0c713210d76bc52ee637050f03fdc9af,-9,24.0,17.0,Active
13,0441e59d3bfe0b9527fe1c121c0497a9,093f1a412c4dced6b9d8a8bae272a6b5,-9,10.0,7.0,Active
14,049b8c570e6cc662b4a3d7e3c86e236f,7823c373706d2b09e1d957adb5ce3389,-9,10.0,0.0,Completed
15,04bedcfc9949ae34722228f67b4d11cc,757d4013bb591bcd95a418f9b5352add,-9,6.0,4.0,Active
16,056367aba20a41f67e1ff6af67a1a323,1f9e6cef624bee5eb3475a1cf6d5dd36,-9,60.0,53.0,Active
17,059dcd774db63a11df3c854dcb5c0a8d,99fec5cac5a3f6b797faf52e0d4a0430,-9,36.0,27.0,Active
18,0647803bd7b4b2cc1b26dc662e79b393,f458da32985236f0ac52b37b36b35d96,-9,5.0,0.0,Completed
19,065dce58e2d4d2998c36bf716f42668d,d4a1be601bc3061e826a2e7643292f89,-9,2.0,0.0,Completed
20,06bb3ea806d6c844a3b3d5d20003ba87,06c49ade499cc7fc7f22303215ffd8d2,-9,30.0,11.0,Active
21,06e087dde5ec3aefb85823e7b3e7a52c,8d4b4e806b8a52d56dd9a6ad5f70a925,-8,12.0,6.0,Active
22,0732e1a06fec41e6fb006b514781fc7f,8d5335afea64c303a73085612c02e12b,-8,10.0,10.0,Active
23,077a81f372fac3140c1b7cb8e62d7341,6b2ebae9734806561d07de28bdbc4796,-9,24.0,13.0,Active
24,079f91b0173f1bcaadb4d700b47f2479,8bff421c29ee85bc9821df6797c7a12a,-9,7.0,0.0,Completed
25,07ce1ea0f4480f2bd559ae1a73d44cd0,c0bc8ea14e6bbe06fd1904e705c950f7,-9,60.0,44.0,Active
26,07f4ffb6637a6d6ba1f2b10bd1642b8d,972a3f0cb2b361a4c8f441970978b73d,-9,1.0,0.0,Completed
27,07f9f117e106b34106032b7d8448a07a,1088d9f3a0d50268e19773d0e4327f42,-9,24.0,23.0,Active
28,083155c5df33bf1a1046a30df91aee27,f92efb496129211ae1c2d31525aa2228,-8,6.0,2.0,Active
29,0853dffe024e88e74728ab1fec543c86,06071a879592827633d7ee5445c54e1b,-9,12.0,9.0,Active
30,0863d95ba6353c404f444c3b8a7f647b,989b28f33e5d7d453db1c80cb68d8f26,-9,6.0,5.0,Active
31,08faa80afe6390db4d1a356c80801083,37152c084debab1d9b4332f324ca57a5,-9,24.0,18.0,Active
32,096307f3174f490fd4c2ba8179b57c5e,a2fc83bdf837a7a6f14c470b5103653b,-9,12.0,12.0,Active
33,0b327faab35e02bfd1f096cac8eb75b6,9da8c604a36c09d8c9653a40cafeec3d,-9,24.0,13.0,Active
34,0b65b1763162e05726a612f24b7ad762,8bf1a99dba9cd5d3f069a4a9f96bff9f,-9,24.0,20.0,Active
35,0b95764240f6140d035e81e2ad360f8d,24e7fc129b537f17782b37510a9f87ce,-7,0.0,0.0,Signed
36,0b97302e25b0663b527ba0a87a3e40df,7ef5a9eb70e8ec5eb0bc23c6d6fdb167,-7,6.0,6.0,Active
37,0c1d4f02a0e208eb32f317376071eb5d,3f82f1181f407ae85162241c8c4e0a58,-9,36.0,25.0,Active
38,0c3b678291dd2af843e65290d79416e3,bef22c53a0fc45202c9d50a0699c8129,-8,12.0,7.0,Active
39,0cb7dc6e02adccc98ea54c7e8b2aae70,f358968ea26586a17f1b366fd09f229f,-9,30.0,14.0,Active
40,0ce69fbef961141200691bfdb8ca0637,b4707db8553fd5c38ea555b4dd815539,-6,12.0,8.0,Active
41,0d5ea046db3b8f10b2f96420eb2b1f11,8e8d29cc38440c5f5d86363d9c1b165c,-9,9.0,0.0,Completed
42,0dde4f06489f98551cebeed507aea149,24295adc97b319c692f081d7476f0499,-1,12.0,12.0,Active
43,0de9581c9037f50a115908a386d859fd,fc76ff3fbc6ab8fc4f5df3d52d4bcb85,-9,18.0,12.0,Active
44,0f42ec454759ab8a519fbea84fbf36ac,13524e4c9e78dd5fcb0ab10730058adb,-9,6.0,2.0,Active
45,0fca6e87aa9a7ee36cced9e381ac555c,7ede294ce27b0cb27e17b192f913ab3a,-9,36.0,32.0,Active
46,10577884113ae5437b8fcff9cc396a22,def6b4c7826bcce4d2bc480ea0856b09,-4,10.0,8.0,Active
47,108a51ab7848e734dda43115cf3e7d5c,90c5a66b8056c1046ba4e0c037ac0c63,-9,12.0,7.0,Active
48,114c7b793d3e612078339cce82dd13a9,964dc3ab73f6a680f97cedca968a7b94,-9,10.0,7.0,Active
49,118eb2d75caae1df444abd2dab63fa16,226dc318072cdf0455686efbc6eebe9d,-9,5.0,0.0,Completed
50,11acb0ce6060d4bf01ce5995bf19349f,bddf7303099cbc7ba4aeffe5003d4b2f,-9,10.0,1.0,Active
51,1200cc678dce697633576f9941994baa,d77334edff4617fdbcbf8fb037cd143a,-9,12.0,6.0,Active
52,12035786f24b7013b1406e381ff8365e,1abf9be0ee03a3620a13debe8f443544,-7,6.0,5.0,Active
53,127f16d756b4a1f26d448c2448e41e2f,ca7b2dfd07b3e69188c9e730b5453687,-9,12.0,8.0,Active
54,13abfe997d2291e559780807cb95a0e2,de06eb8549e6b8bbf21f35bfe03487fc,-9,30.0,8.0,Active
55,14d5cf3c7f903c6598b74e9d3f21fe52,b8d04231199c75543429f293e2bb29fb,-5,6.0,4.0,Active
56,14dc006d2aa88047e42e244829363f18,db87eefe88efad055ee42c53d2e11cdb,-9,18.0,4.0,Active
57,150f2188809c048204a0a83f51d3a79f,ffaeb9bb111b3afe7e6fb512b37baf0d,-9,12.0,1.0,Active
58,157a060eb21899e4c5ec415f3749dc66,83f40fc5e79a88bfe40dbc82af372f54,-7,10.0,8.0,Active
59,15fb0e5aed46fa67bddca3c41ab71756,572ca3e484726a04ed71c3193d3cdbd1,-9,11.0,1.0,Active
60,16195f85ec92a01d0761508a210da8a9,ef4b90cc2dd827e09e1e421d720f1d90,-9,10.0,4.0,Active
61,1629407efc0637e8fa5f88911d7da10a,eaf260a57fdf086f58c6fc109c94ce1f,-9,24.0,18.0,Active
62,16f9f3a68b8101ed87d1f1e1bb3443ce,41a1482f81f9e85715a034eb7232abdb,-9,24.0,15.0,Active
63,1765a046b4802640e2f8336d2a3aa581,2513381b61d97ce838956f53d1d5f8ac,-9,36.0,9.0,Active
64,178c95954d1f0038ea7de6253afb00d1,cf43fd4e09282cf8605729146f2dd112,-3,4.0,3.0,Active
65,18072fb1beb39b75e5bec37499ba8db6,06c9cd60b48303a99f5de60c12f153cd,-9,10.0,4.0,Active
66,1810d99e943d3bb8b95e4dde147cccd9,6ea3908daee9ea7b0b0c45765b028306,-9,18.0,9.0,Active
67,1847d3ff22c6d88ad2a047c90bfa5ed8,5fd51d879b1f348063c1b908c75c99cb,-9,6.0,6.0,Active
68,18e208252c110747390ec45323819721,9b995b887289bc110e73eb4b85314125,-9,6.0,0.0,Completed
69,194edf3caad053a690a6152bfea06c43,a6149c67b7b3806bdacfdf715a7b6b72,-9,36.0,25.0,Active
70,199dc3697cbbe044999fe18b63c8fc49,959a73b8cc41ec1b77e407ec5657dc3d,-9,16.0,0.0,Completed
71,19e72a332b8e756de094d6028450ab6e,7fca92de2b09e756c0dffc11d634c696,-9,36.0,9.0,Active
72,1a0e5521db24466f6f58ca30e29809b8,fb36ac74b061f91957d512aee0c1a8b5,-9,24.0,22.0,Active
73,1ad9e9e936ec937ec6d3a5d8e467a449,148a2ae33d145a785c18e6dd2bee9749,-2,4.0,4.0,Active
74,1c821f44bc215cbf9eaae4dbe88ac998,5cb26d7d190104b01145d6f90962c879,-9,60.0,46.0,Active
75,1c8ef0699fcbb70eb315de05a5f1ca8b,9e5143939bc718a21460ce1274586b6e,-9,36.0,26.0,Active
76,1cb66602e4065387b643f6ab90001b47,6f573c37799bc41fab76897cdbc4e1d4,-9,36.0,27.0,Active
77,1d3071c8a067fc302c4937f9a19d6bb9,098c411fc74ed3ccec2349577fac48f2,-9,3.0,0.0,Completed
78,1db9f8be129d68b7a1b436c24e77e8a7,5a31ff69e414dcf0f9e7a0889bfc30fd,-9,24.0,15.0,Active
79,1e17eb97c94605707f03b33213ed6d2b,de0ca194a87f85065851e6fc6325c881,-9,12.0,2.0,Active
80,1e50496fce19e5c151fcc277577f8964,8da933881ed7467b1ada11cbec900095,-8,6.0,6.0,Active
81,1ea1f8a1755851c97e91d442fb7f1d89,d04ad9d6b25a561b354c877b5a9afdc8,-7,36.0,31.0,Active
82,1ee9356465aa29da4d4d18c6dc9ace2d,aabee503b1cd19af6e62e55df9ae5659,-9,15.0,0.0,Completed
83,20a3872a1e5583475a5cfec6770d3682,7f8a47b4be0a6d4b48023229428e87e0,-9,12.0,12.0,Active
84,20a4ad26d1f90ec2c9765c51cac2e293,ad8a0b7d67d6dc55307f9bc6de5c43d8,-9,48.0,48.0,Active
85,20ab4eb5e505267e8d50857fd358cdcb,020c3a72075e6348a52ca35490348b4f,-9,12.0,12.0,Active
86,21e457603d8863bf5ead184e911ae354,f2c6db94ebac657efd01f244d5ec5552,-9,24.0,21.0,Active
87,228d50cf889843db531401a28fb41aaf,1e66588cc6887b4c35d8d136fa41128d,-5,12.0,12.0,Active
88,23286291fe49143112b63f52c2f6c23a,4d1024da3050ba6d2c62a909f0634c18,-9,18.0,7.0,Active
89,23bc08d31a79b73f6b2579dd19ab1156,5bb7f244ddba518a251abb887c28ce97,-9,6.0,2.0,Active
90,24191ae0e9ffed25b5c45dced9bebf68,ac1f79360e8c19f09dc33869564eee76,-9,24.0,21.0,Active
91,241ecd05d7332c5e684023de7591b5e9,da53f7fdb3acb7bde78e90ef1d66ea0f,-9,6.0,0.0,Completed
92,2514db4fab9d2e0488b00b1e0adb1911,ed64afd00905077b195278d4f76f740e,-9,23.0,4.0,Active
93,25d83fed62457583b5b5388a78cb210a,17a893e51b352a2046755b5c8fb6097d,-9,12.0,3.0,Active
94,267ff8f6133bd1f31a8018b47165a166,8690a57dc6145d653cc13eeb6814edc9,-9,6.0,0.0,Completed
95,26cfcb1d2c6c72cc1026f0588ff5c8f0,85cbd62391716d35359e600d8866af5a,-9,36.0,21.0,Active
96,2756f00c7b6293ed91c8cbeea5c7f7e5,f355a1ed3c1880b2358a0ca8a28a1349,-7,6.0,4.0,Active
97,28c48bc6b1dbef56040c017196eb7db2,78f2d12c9123293101bed431a924aeff,-9,12.0,11.0,Active
98,28dea7cfac66eb64e4e82f6301a57dca,0b772462c7e36aa3d499dde94c286966,-9,12.0,11.0,Active
99,295193214080af8c41ede9c9526a423d,b5ccea12db0f1e1509636db0a2a515e7,-4,24.0,21.0,Active
100,299cb3b49ec498bb7d62ac8d8559ece0,eafaefb66ce1d3378c506c16cc8accb1,-9,12.0,0.0,Completed
101,29f5717c676bea5c7ea94081517d4578,a593aefef43008c3bb8c41f459364ac9,-9,6.0,0.0,Completed
102,2a0031ab8059bcf501408ce0df280c95,998c813a7391d241e13db556f1acbb15,-9,12.0,7.0,Active
103,2ac84171f091ba751ebc51b7cd9afad1,84079e185ec6195f65d4015cfdbdd639,-9,36.0,30.0,Active
104,2b3bb991705fdd00e39bf9989d69a372,b3c9865dd909a6c3b58d0a5107535b99,-9,12.0,4.0,Active
105,2bd05f7eb354d2785474b3a09c83cc44,05a78eed7ee8c1b3b294d180529bc092,-9,30.0,0.0,Completed
106,2bdda295629cb7629c3cf44e5de0f8f3,3dd5f46b585c96f138a4d3729f85f653,-9,24.0,18.0,Active
107,2bef22f993a5dd2f34934d88757c6558,042a5634d47aa8a9d631f6094fad14bb,-4,6.0,4.0,Active
108,2cc9e73d768246f2569c6f1ce43c163e,5123edd131e63baf0197aebc15fc6bab,-9,36.0,35.0,Active
109,2ccf731c402b81796327fb7a4c5cd943,d628e99771eac403da9898649648afec,-9,36.0,30.0,Active
110,2cfebe51f7eac87c9f7db8be500d8e06,99a457e9fe9ceec9b2ecff348b207dfa,-4,3.0,0.0,Completed
111,2d9c2484d50d1ce59a6ac063a22c5a92,865d5b11a90201582b5bf686b4394cd4,-9,24.0,0.0,Completed
112,2e781c37f7b9105de4ccd48913d9d7d4,733f7f2eb0e1e0f4c68cdd4da60d1e83,-9,12.0,8.0,Active
113,2f7343fee67fdc03647b96d9bce33a1a,d9183c1db1f9ff61cb953d8cc35b1116,-9,48.0,35.0,Active
114,2faff7b5d62106aa6101189d6e4c8eb6,51845adf61fc9aad3a601e4aabb1b773,-9,12.0,11.0,Active
115,301d80406a2e4fd8e8f89788ac22f1b7,96b4dd26a90e649697540c1140754002,-9,18.0,1.0,Active
116,307e103c3ced15f0912eb5a1671a4a69,1a1fa02c37423f9dcef65b45cb4bddc7,-9,12.0,9.0,Active
117,308d92a06ff426089b46741e2d7b208a,9cc100f7e09c0760bef0a196f6f3cb3f,-9,12.0,6.0,Active
118,30f4041ac09693a98c8846c39cff88fd,74a3f38b3fe259ae52191133de1c0cfc,-9,48.0,45.0,Active
119,315859bce850bec865ae9533f8b4db58,55ef2d803800523fbf454d7977eafdfd,-9,10.0,0.0,Completed
120,315cffb2167255c466ebff6501d808ce,d69e2c997b954afbe641b0ddbc79e0f6,-9,12.0,5.0,Active
121,31a150fba59f4635ed19d3e2c8651775,ea2e47038e8809f6fd314069a3ee886d,-9,42.0,29.0,Active
122,31a62a478143df10b1e75492db5d1fdf,4e776a70fdb94a38bd97d1cd1be9dada,-9,60.0,56.0,Active
123,31b0c499430f1f6826df8bc64acc8e26,c5a86d28b4e8224eadedc8a58425c493,-2,12.0,12.0,Active
124,31da88dafcd09e7e82bdc76b7824d225,5cec4086bbe615d6d055391f498b4fbe,-9,21.0,0.0,Completed
125,31df8ac36812112e6bc5ff0ad0daf847,88d907c9b10489165eba8c2e23848887,-9,12.0,6.0,Active
126,32328e85689483f3d609f156c3e196c0,eb4f310e536bd65677fb564d64b2cbaa,-9,11.0,4.0,Active
127,32877bc9f7e1839794161db2bdb451cd,d1b3d1e6c0ceb53798b4f7de9e5965fa,-6,60.0,59.0,Active
128,32e0a18fb35892a696a8c8f8fb791c77,899a2c9cb2d544a8649a4f1fc2034758,-9,24.0,7.0,Active
129,330eedec6a9cf0872a5b2c2fc5f0ba59,0e2daca573bd8cb032dc651f2556d20e,-9,36.0,13.0,Active
130,33706818fc733919dafaa6f72969bfce,2d635c569ce3f8fedc3644bee8bf1181,-9,48.0,36.0,Active
131,33fb9fe32a9c9f7d949f8ff4cf3bf00a,4b12daadfdcd710f0978f8199e369e74,-9,12.0,5.0,Active
132,34547c7a979fee1f49870a6b2c131bea,87c7f5cf1f26a095a48ec81704d017c4,-9,12.0,7.0,Active
133,3456b5282091911d0b538195e5809284,aff52f93d56763eef440003d372d1d31,-9,12.0,10.0,Active
134,34c46d81b79e126a80e2372e476f5a40,f6d0184ed3ec8b7822ef38d8402e32e7,-9,10.0,6.0,Active
135,34e0bd73817d2f41c8899a02a34fe968,2e4441ee959f92da2a2d6353815dc0eb,-9,12.0,0.0,Active
136,34e9132ebff7c81f6da69abbda63a534,771559e0ac6dc49ba0ce62649764dc5f,-9,48.0,25.0,Active
137,35f95e27ab76f62e68e4224c85dfff15,f5072c56511fd1bb459f8dc293642ecd,-9,10.0,1.0,Active
138,361d9a0193b6595aa304eb27951aa1b9,54742a22697a9a777531a482a63ab3ed,-9,12.0,8.0,Active
139,36a927496bc0181fec94207ed1a24206,4587448f9f9867c6ef2e0eeb3245958e,-9,60.0,33.0,Active
140,374871419b1b9f8d8028012bb9bd14d3,32abcb8becd3061871b89041e7164d32,-9,12.0,6.0,Active
141,381f86c155f64ba4f83a5cfc6717aa1c,848f0c6282a5adbf007d7095fb5c30d7,-9,12.0,8.0,Active
142,388607422ad5f94f5f8c087b4cbf8140,113b876814ddde4ee5358b46f67dfc7d,-9,24.0,4.0,Active
143,391bbfdf1421007c6e662bab26a80963,2bc00c61fdbf118243ba34d1b9c1a7fe,-7,60.0,58.0,Active
144,39459c44e56dce6b5c356d49ec8005ca,95fa4920ab9b1673ce3ba34510895c75,-9,24.0,15.0,Active
145,39815ea971cc69deea65ce6908754a0f,650b8dce5b010644e3a3483073a7b51d,-9,4.0,0.0,Completed
146,3a081145ce437de775c1ba64759c0555,cd6083fefbd620fbb3c90dd018950b29,-9,18.0,13.0,Active
147,3a3c1501de9bcdbe76cb3a4280ea2820,7d3f829378866c7bc258beabc368b450,-9,8.0,0.0,Completed
148,3a662fdea57be30fb9954bdd5815e156,6ea9e420b04eb6e2b1fa173ce9503fa9,-9,12.0,7.0,Active
149,3a7045b31ea5cd59c77adcbfa66b8b7c,baa2ae1a81fb03a7cf1333446b7fb5be,-9,12.0,7.0,Active
150,3aa8efdca16b5af26e65fdfcc5fdadf0,2e484811178890d60346bfead2930778,-6,24.0,24.0,Active
151,3ae60bc1dc928760977f3e3237a5b65a,8247846be35b94898d9d17e03c7958d3,-7,60.0,56.0,Active
152,3b4f14c343f0fe509c31c9b45a397419,6cb1efbe3749b9728978634723ea0da1,-9,24.0,18.0,Active
153,3b7c02d3515842fb554c1f0c2fce4a17,b634502faf4084a245f8d5b21c2d1074,-9,18.0,5.0,Active
154,3b7c859bed08a46c5637dc47550ad037,d918a0ad7da75e9de8654d4dbe59e2bc,-9,12.0,7.0,Active
155,3b7ecc9c2b036f754252558f31326bdf,fc32fd469d670329aba1fb05200a9d3a,-9,18.0,2.0,Active
156,3b96837c422f611f8e977391ea333a4a,d8c18a0660a422c1e259f4a2ac0d2f10,-9,12.0,8.0,Active
157,3bb469785f767b85124af0a360f9c126,42c319159d265417ea7ab71f0d7ac0ec,-9,1.0,0.0,Completed
158,3bbbd9e7ff603cd1d6b1d3f836a675a4,98bc5e5a214deec3f98711690c33ca0b,-5,12.0,10.0,Active
159,3bfcb95ee79deb6f538db11064b5e5da,6c23c1683b96799ee9accf8d617ab2b2,-9,12.0,7.0,Active
160,3ca9eb235037578e2df50f335eb50537,fd2866d93b5bf0c8b1cf4720914371c8,-9,24.0,6.0,Active
161,3d4e4361ac11e61fac47a8e4b193beea,1297dd82db5a5123aee6167421d6f249,-9,12.0,1.0,Active
162,3de7a0eaf06ef59b5d48eb8692f991d7,c643943d2ec9e80a9be395e12a61aad0,-9,36.0,20.0,Active
163,3e7cafcc5e43bc59f37fbf4beefcff00,639672023bfcb37cfeda1ab202dc8547,-9,6.0,5.0,Active
164,3ec088bc7e48f04b21042f5ebac190be,a41851752ab56691e28fe1f19951bd8c,-9,18.0,11.0,Active
165,3f299516b1a803afbd082cb20dafbcc3,674bdc9a7f809f71cd196ec8c3a6fcda,-9,18.0,3.0,Active
166,3ff6dc9b667105274a620a9a125fb8b9,c24340071b0c2eb7c239bd1e87e1c573,-9,18.0,7.0,Active
167,3ffda794dff3e14a199cabe207ee82f7,a32affb6bc333111f27c3b7fd26338dc,-9,30.0,9.0,Active
168,400439aa031dfb48abadf0a9668096b2,a1402387fb73c61493321215bb980c4d,-9,12.0,9.0,Active
169,400d576900a28642626057a433e49864,73ca2ca323f7dc4b6d68308f18888b0f,-9,24.0,9.0,Active
170,404ae212b304ba635800b0d620c946fd,a94cd21f55b6e22efba98653d81a6b9b,-9,6.0,0.0,Completed
171,40581caef449e861a9f816261332162d,c9c3394a0588d5efd22f43add96980a9,-9,24.0,12.0,Active
172,4194cbab79a38639abee16109818e699,af0065f30a3f9791bf2f28385442cd4f,-8,12.0,6.0,Active
173,422049f3fbb69a612fdb5179aefd420c,c1b8fa775aba699d701fd48a29bee513,-9,24.0,12.0,Active
174,42263c6de33db8886b79b89134fd3abd,0a304817732b2dc5ee297e375db8ecbd,-9,12.0,12.0,Active
175,424ef148c0987027507ea33e2290d3bb,27a01016b94d143cc2f5a272d683a790,-9,6.0,1.0,Active
176,425064fd36b572ae1cc755e3cf7dccf6,8f9706325197c88e9bd247d8cda00885,-9,12.0,8.0,Active
177,43be2885a580f00294b85f3160d4a7b9,a893aae9995c35a1cd5b7b847968914f,-9,36.0,33.0,Active
178,4421c892979622bc63605f1e870fa19c,42f4cd4ec9099479bf5198c7b49ea89a,-9,24.0,22.0,Active
179,447f4ac85613d3aa74cc959cda6b1e10,417e932faa124752d005a01fa32b0a08,-3,6.0,6.0,Active
180,44831bbf1d1453578816a813346aa14a,83ba207543e724f3fe93794ac94a599f,-9,12.0,3.0,Active
181,45533cebbc72923a43dfc7fe4db365de,80d5e64905b93667a7663baae8794fdc,-9,12.0,5.0,Active
182,46c4d97c7f84faabe299350cb33f6e4d,320cce2b9f7ae4675511e16846869c27,-9,12.0,0.0,Completed
183,474e69da1d341262cb3c9363e974ee5e,0d58019de2926cc5b443657c0cb9e8be,-9,24.0,5.0,Active
184,4760d9b7c6690a95d9456045b26ae342,27c8bdaa60ab8e185d1a21ffd62ecdc1,-9,12.0,5.0,Active
185,476ac80a7c7d3333616c4062bcb5c8b6,5884db20849c5b912b2413475bcd539f,-9,6.0,0.0,Completed
186,478bca4c35ccc8d159f5dd44187ffe8e,6d24aab84dae38f5700bef3732c471f4,-9,30.0,4.0,Active
187,47947f015aba77c56ddbc94d098c4dc2,01c980eb18af2a089a8ceab6e7537272,-9,12.0,11.0,Active
188,47b92dee8f828fbdb557a4f12308816f,88a614fb091000cfef8f616f9fcc00bd,-9,36.0,24.0,Active
189,48286e24643bcffbe5bf8999b648f8b9,f6e12421712b4f9f94258fa1b25aaa9f,-9,48.0,40.0,Active
190,482914ce8e39dafbf608885a3e393e03,e3faf3a9e12cb2f108239bc21d4d1bf1,-9,12.0,1.0,Active
191,4840396238031bc3de71438b5d81c925,93c5401b5bc1150266ff6b2a7ed9ba9b,-9,36.0,9.0,Active
192,489d2bf61d6eecaadf12ea9394d8727c,42031baacfc2479fc49565792b794212,-9,12.0,3.0,Active
193,489f46556fe87828349657770bac8575,0b60c664d8dbe6cd163042b1f2ce4014,-5,12.0,9.0,Active
194,48da72657660d55b0b569a9535cb6991,80e53010bbb3b93c97dfb9ef95bccdcd,-9,24.0,8.0,Active
195,49040d906f98d880d95b96551a5f5178,d4e8453c62563453ff416fed48da7d88,-9,0.0,0.0,Signed
196,4afdcaed6afce11598aa2d00e0dbf9cc,c6fad711c4091a60e3313fb0d2aa96c3,-9,24.0,18.0,Active
197,4b96191ae21232ee86d3b6bea3067ec4,694b5eb32c54943afb34ef549a52e940,-9,6.0,6.0,Active
198,4bb96041af9e0dc9d087638034de013f,3753ccbcd4053369643cbb7a2e0c438c,-9,12.0,4.0,Active
199,4c060e6ad8250ace0ee4f19d16f455e7,74391cd50dfa5c8467136440283c67cc,-9,30.0,9.0,Active
200,4c649447db2fd7f8aea8bb4633f056e7,8f9f9bbedc6afe0d9031927b0beb7314,-9,48.0,45.0,Active
201,4cb29138f53220fb25b0f40ad8ee6000,4a2f16790ef2513404e1db79e123e049,-9,12.0,2.0,Active
202,4d567ab8eacae2286e8ce74efe981094,e7244f4260d02cca8a3d0c2a97490158,-9,12.0,10.0,Active
203,4d6cedf59eb4a7075cb8af7944a53da4,e59b222d6f84e9572d4085624e00cf69,-9,12.0,1.0,Active
204,4db2aff91888b64ffde8ed54714d2d73,947913d1c6f475206b41f3ed18b08b9f,-9,6.0,3.0,Active
205,4dd7f5fc616aeb0f5a0792a6332c3667,7b83f209b4830894e9a616749ce3c33f,-9,7.0,0.0,Completed
206,4e2f3a7d60fc49e92674e2d6e919d0ed,54f9a785dd67dfcab5a09d9c0a46b651,-9,6.0,4.0,Active
207,4e4b7aef37d0086187f891ea388ed587,0ec3bc5d7e7031cc46094af6fa681ea2,-9,24.0,15.0,Active
208,4e881799bcfaeb2369668860ea09068d,b5f35fbfb0e3cd0451cad37400a6bff4,-8,2.0,0.0,Completed
209,4eb07a22fb41d988c0a9e5b7445c434d,fb08863e40e9525bffe79d77994aa846,-5,6.0,4.0,Active
210,4ef9f81fa1f33fbc23faba6db400a141,909980c136ec1494c31e065f50db2dd0,-6,6.0,3.0,Active
211,4efb606febfdf7de93ae160f3580a9b5,c0f921ed905ebad92bb92b5069939ab2,-9,6.0,0.0,Completed
212,4f30e41e37e1fd93eef8cdf97db6fa1a,757417e2ae92bd876cdc78d20e40005e,-8,12.0,6.0,Active
213,4fa9428be9a447865b02bf3740503ea0,b92ab75b3b46cc303a151995fc3bc7ce,-5,6.0,5.0,Active
214,4fdb98e4dfb9609e28c32aa9bb000791,16529c18d4c8dc943c1c84652369a370,-2,18.0,18.0,Active
215,4ffe6b3b88cf16646416cee6bfdd4040,3e4ed2dabe616bc9f6ba26b7b4c4f9e8,-9,24.0,14.0,Active
216,501a7af121df3eaca064cd09c7660d58,9cc7a608860dc903e7e528bfb2b28748,-9,42.0,23.0,Active
217,50f961e939dfd45b2aa881a3a0cd0117,923d81ab415a6f2471e1bb652156c367,-9,30.0,23.0,Active
218,511f5f6683ff5043cd1e8623722038be,38355b8f5d71928cdde369d7c7b751ae,-7,12.0,8.0,Active
219,514ee3dbfcf30e6280f4a16f8a1c40be,fa84452566f8177da931d36eedc01377,-8,12.0,11.0,Active
220,51dd4d27486e5fe8981c5660a53432ed,f4e135238d185ebac8d594d059122418,-6,12.0,10.0,Active
221,523777eba1af0a28c869860154094967,493d576815a00c6fa3a7224c5f2c5291,-3,18.0,16.0,Active
222,5270d66d0b17e184d7e2aee6a478ec93,987bd7d9921ba6c9717942263f83340a,-9,12.0,8.0,Active
223,52e16003892fad99d5cbc6541dd98118,5e87139c921ca794d3ff9a9459ce6eca,-9,10.0,2.0,Active
224,534a8b886f4caf633c14b5d6839f5673,cf4c9cabc2d90bc7cce45d5d4cc43259,-9,12.0,9.0,Active
225,53eac3b92eb64bd68b34167d8b3a87d8,f549832d97ee70081873955471104a28,-9,24.0,0.0,Completed
226,548e1e31de1bdc7996d4798cfd4187af,e38b0a6df8ece3631209f1de1366fe13,-9,24.0,18.0,Active
227,54df41bdf1f32cb38fdb24efd9249b53,726c5c589fd0e4e3aca367490c17c669,-9,60.0,45.0,Active
228,54e01475556709a3f05c9e40e1e8b1fb,ac9a4185ea9dab464341a377098d3668,-9,48.0,47.0,Active
229,553cd8ef250e734ef11d2e1b549c68e8,ba4a1bbb7507af7dd3d76f577c968441,-5,10.0,8.0,Active
230,559640520ec89c6a8d95bca8100e266d,0084f4cf107e056789b9a9cf8044d6fc,-7,36.0,35.0,Active
231,5611abe67dc37ae5a3b3434cdd41f077,6a39729ec79cde7d2412466f05ad43c9,-4,12.0,11.0,Active
232,56423cb24f17f8cb6dec275dcf5d4474,8f8284f47903cb61f3038c4265f5f3d8,-9,24.0,11.0,Active
233,568aa0948e1a2dd0b4c3c75261c3d351,728253f85586456ce2ab84954a4385a4,-9,12.0,3.0,Active
234,568d4feda908b78e737c0d3e8cfdfe2c,1fa1a7850a54f09d32659905d4e3a56f,-9,12.0,0.0,Active
235,57d72ff8d039e743050884ae52f8b4e7,1aaf653b994e61eefe3e1a8c7e84c2fd,-4,36.0,36.0,Active
236,581cf727f46a742ba244beffbf4d81bf,50b48362791e435d28e19bc737709c8d,-9,54.0,12.0,Active
237,582ac657ec9d2872190f305a16594b48,3eacf356763c701aebc040e2bbf947d7,-9,12.0,7.0,Active
238,588e9feaa2c792cc7c72e66c4b233353,ce18fd50db48184c95fee3f641acd557,-9,12.0,8.0,Active
239,589219d7c8d446569488d4b734ed988d,7801e5d23536ef15d26df954690edfc1,-6,6.0,4.0,Active
240,58eb9a9d74dffeb6ac7885c8c5505f83,3ed828b43b8e529357f6bc911b6718b3,-9,12.0,10.0,Active
241,5937dd6e1ef0a692f1d89bb65f63eb68,35d98fc0d66c4baedb451218ab221a32,-9,24.0,8.0,Active
242,5a245bb207b3f157c67deece859f7313,1bd54f6c25e819367376f842813c3ce3,-9,10.0,1.0,Active
243,5c360d343f446e4d6b2032cc57d14265,18766c9450810587608f29db27272663,-9,4.0,0.0,Completed
244,5c49e68a6dace1b3e47e07215bf7a1d1,7c3e7bca8001fbec4f5c6d36379a6415,-9,36.0,9.0,Active
245,5cd22687c3da6f30729e75f8e40d4098,9a1c87e6db9593f8e57e1c4f9eeb6273,-9,24.0,7.0,Active
246,5d26475ba5fe8f66aa9e9eac60cd3bb3,8de03ef7e3d020b3b50e0e92b93a1d7c,-7,2.0,0.0,Completed
247,5d552ba0ba0a3501c5bbee0791580ac4,f4e39cbfc07b171042738af2e952bc74,-9,48.0,46.0,Active
248,5d7f2ec8e705bba9e769664c00b4fcb2,c214e21a339e337cd5d489968df65d19,-7,6.0,4.0,Active
249,5e0f6abe60a3667a4c38c00de242aee7,42ee69d99b3d661b1772ffe5e134e3c3,-8,60.0,57.0,Active
250,5e8eac2bd6dcbd164f827a1d432179fe,0ea9483e7301efea9071e6c72e7df3df,-9,10.0,7.0,Active
251,5ede14a7cecc91904a9127aedf976388,8d11cf7158f890a92a26f2231c2520da,-9,36.0,20.0,Active
252,5f841258b21c3db026af9ef146a04fd2,21dd0316bc0c7a66d08823fc6834177c,-9,36.0,20.0,Active
253,5fd49384ff4d1126ba83df93491b6fcc,2ee42f432ffc9daed604f622583efb05,-5,6.0,6.0,Active
254,60344e9d7c052e109fba4fdefd4d1acc,a23b501104fe457a124fde2ca1ee6eef,-9,12.0,10.0,Active
255,614ef150402ac35b9049b747c7ce8e59,eaf749afb149a8e90d265d96c444419d,-9,4.0,4.0,Active
256,61522aeff59e940a0f2870fd15175296,dc3d3b37ae3a75200aa68fbc5d6ebb5b,-8,6.0,5.0,Active
257,6174fa4c61bd70c80b6bb8f2e5dbe1cf,fcde1faa583d978121b28243161af2f6,-2,24.0,24.0,Active
258,620e6cd3348baeab72c56c0629cdbe67,ea469b5a27dfced687cd4b15ef791f50,-9,12.0,7.0,Active
259,625a4a42dc1613779d231cccd9e78d4b,80ad19d9ba128767bb0a68715252371a,-9,60.0,54.0,Active
260,6281c59015aca45cf2700cf2390f3aad,42a0d27f3bdfd3146ae3a41665260d7c,-9,10.0,4.0,Active
261,6308d305088f3452e0e91d5a32a8f88f,6abe89f9ee2d6822085f2998efef1e46,-9,30.0,21.0,Active
262,633376a8de8fa57789ed44aa6a39be6e,d1bb3b66a0add5d282ea9da181ce1d02,-9,48.0,41.0,Active
263,6413d56e6bf365c98460b7e31e8c412d,8f445ac36184e611fda595d3b6240977,-9,36.0,24.0,Active
264,64311b1c71374829bed63af81379ea99,60dcba79c25e1e6b53fbcd7493cd75c5,-9,6.0,5.0,Active
265,644064c147afec625bd84bf7373ba88e,f1cfb7740a22ece8ca11146225d6212d,-2,0.0,0.0,Signed
266,6531248edc3006c31d7f71194f1f4908,329fd1761c1d59abebeb9a0619e23c8a,-9,48.0,45.0,Active
267,656053e043d18d97120aebbcd76caa3a,2410c3ff5127c702a18fd3827a800018,-9,24.0,7.0,Active
268,6569a2a0cbc2d64a1a28f952abad1d52,1b8c9f3eb7fdf4b006f02ec87aca3a21,-9,10.0,6.0,Active
269,6584711b664705631bd377da00919269,34b289250087844585ad59804c3c8c8e,-9,10.0,3.0,Active
270,659486a0486cadf55a9ab00ba57d4a49,f03bdb7cc67847c340d73f88a73c0abe,-9,12.0,1.0,Active
271,6659294e64fffd197aba5965df3a14d6,0b545ad730b44aedf0c383472d869cb0,-9,60.0,53.0,Active
272,668469a0eda74a4b2fc7c1fb65674c45,4546b56e1ffb9761157a4bc8044e80a7,-9,24.0,15.0,Active
273,66c860ce4f62740e9559a45b112aa2dd,3cd06b1f25de67c38ccada07607c8941,-7,6.0,1.0,Active
274,67e07057dffff3bf67a60c2ad30ded4a,9d083b2e1559079c39fa4fc66534bb57,-9,60.0,41.0,Active
275,67f25730fdf4c0022934f0e8fdd3fb15,183ccf98c04b59bd021012b88ac8e161,-9,12.0,2.0,Active
276,68877e110a3366555fc5ff0d286b7314,7b6b06d52e392397e6ce6ff7c5d29c39,-9,12.0,9.0,Active
277,68a758feff60c72edb33cd93e37d5e93,1835408ed2a1986992bbd424463ecb68,-9,18.0,14.0,Active
278,692a8b41eb3f461ea72edc030a015f80,2f5daccffc2cfabfda2c4e08066eab16,-9,48.0,47.0,Active
279,69c75daeb6e7cbf76a0f6b092e91fc58,76eb978695d8983131ada969576a6a8f,-7,12.0,11.0,Active
280,6a42dff5a40ebb219444e170cf6ff31a,e9f78c3d8f193bebeb56340c1d4271f9,-9,36.0,29.0,Active
281,6a9dbd53f8da96e923856fc0ff210363,ccc4d48fa6d4465ffdbe62422487d912,-1,60.0,60.0,Active
282,6aa9716b0f718f23470e7be16440ee71,f364511e15606b510f35ea477dfa12ed,-9,12.0,2.0,Active
283,6b136c4fc75d0061e2c4c7d863d343aa,f439081832109b33f9c4bcfdabba4722,-9,8.0,3.0,Active
284,6b2058d0d1c764b74f59c20ad708fb87,b12c06fd7c5ab221ce21b40023ce2ae4,-9,18.0,3.0,Active
285,6b3819a325b751155e882225b5e85705,84f0433c8d26f4061fafa869e5478b6c,-8,6.0,6.0,Active
286,6b57dd921d4ec26895e9a2622fcee8ec,b5e909edd167398c98e9968ec8ea6986,-9,24.0,5.0,Active
287,6b8353b4c219ef9e4c39e9463eef20ef,7ee6dcd4e50e9fdde097a5a17918f768,-8,18.0,18.0,Signed
288,6c3958e29b0862f9e20fbd3d69109a3d,6652535078f174a87ffdf32bbd37562c,-9,18.0,15.0,Active
289,6cd061ab037678edeec3779b3f466027,719e5bd4e87e730c932e09dda2b2f077,-9,5.0,0.0,Completed
290,6cf2e0c33b40fb629e5d125db7d54263,ddf10d555cd0f5ca9779bf56b39a1021,-9,12.0,6.0,Active
291,6d1d4d5afd3273b9be83caf626ffd42d,7c42c155beb04dd5851bc1eb6ab8e353,-9,12.0,2.0,Active
292,6e48d983fbd2d67fab63fd23e37f0676,4a9f262faad757edbececfd8e130c2f8,-9,8.0,0.0,Completed
293,6e769938f3c9a6e04e7934084a7f8f55,d87a33c4ff030efcb31d218cf05aa839,-9,6.0,0.0,Completed
294,6ee039aafbf37a660abdcbd040df1b59,04ed9558ca23f8dacf1722ed0643b87f,-9,12.0,12.0,Active
295,6ef45a36b22882e3483886d91c2cd29e,006dc4a43df9f6c29646f9347ff4ba6d,-9,60.0,48.0,Active
296,6ef70fbb4d46a9db2c193c7154dd3658,bec1f8a44dcbd9a8c9e1b4737c22e83e,-9,60.0,45.0,Active
297,6f212ef0534f4f25794cb04c1b1c404f,a62dee16100f6dc72b5b8cdd65d02e22,-9,10.0,10.0,Active
298,6f3bf52a8b8c5804570da9a84f8d694e,1672ab60980e49182dd269ef5dd78e36,-9,24.0,15.0,Active
299,6faafad30724fc13d94e384166ffd9f0,51adfef07f563211e5a9d15e8569fa72,-9,12.0,8.0,Active
300,6fb51af069872e2bd7f387d65701aa63,89862324c932fb84ffa1b2c28caca844,-9,12.0,0.0,Completed
301,6fca2e067e636a22146e64b6f2343467,f518d7df4c940914b1a99f4e02b016d5,-9,60.0,43.0,Active
302,7002be775308c0b30b39d7683261a64e,b7574d4319e5ea9ad93debb63dbee14e,-8,12.0,12.0,Active
303,702b13ce70bc8dc7b954c26ef2418c9c,8f0f0a0bd7ee9bf9c03c22bf62c8ec11,-9,12.0,5.0,Active
304,70620f28d915dca9ac039c4904ac7d8e,cb9888620560b99da7ea2429a63807e8,-9,12.0,6.0,Active
305,70acc46717e2935abf9b74d4af48886f,9e68316f1c671411b752f24a5a484133,-9,60.0,54.0,Active
306,70ef2a9b55d3ce0cba7641979482c2b9,98b61864ed2be7122194939060ff5ff9,-9,12.0,7.0,Active
307,7115703793e536070cba65f37eea393c,a6449b471cb2159049d6e8895f40f6cd,-9,18.0,0.0,Completed
308,71b83ef83e54d77acc856d669322aaea,a823a594477c528f2aa1c6ee222930bd,-9,24.0,20.0,Active
309,7259658325adfb5ea49255564d664076,0d10d96b3865f8990e4d74ae6581d191,-8,24.0,21.0,Active
310,7292959d0ea637958f0c245e61f3bcf2,beb47479aaeca3c3b29bdaf3dffcb909,-9,36.0,3.0,Active
311,731882677bab2bb98582c13646921ad9,cbadd31ad85c3d8827b83c913fabfc5b,-9,12.0,8.0,Active
312,7357537be5f66553349bdd8fa023c6c4,265330a55f35e916ea3069a8abc4ca7b,-9,48.0,45.0,Active
313,73ed7df79781a75b16431fc4c9dd50e9,bfe42b1450a675bb29bfc52aee15de6f,-9,18.0,15.0,Active
314,74444af26e6b2504fc0069beca54d916,6453f0d06d72a085d9e6ab1f49ba06f7,-9,10.0,4.0,Active
315,7465ce3457ff132842b3607c058bbe92,c3addd5eb4b342194a3c87dccbf82cfd,-9,24.0,21.0,Active
316,746f26b78941e4463db9d275e43bdfb3,35582a3adcbb16351b8ef7232e11b3dd,-9,6.0,1.0,Active
317,74743899a998438d7d8d6e5356c18035,9b472c0bf0b1b4fb98fee2767bb81739,-9,12.0,10.0,Active
318,74dfebff85d36ec099ddec7f6711add9,05968d619eb7374b2afef84d033643eb,-9,4.0,0.0,Completed
319,74e2cd6ef402f63901c2d66804dc75ae,5b0858e89ec4288b7cdf2af8dbcc78f0,-9,24.0,12.0,Active
320,7507f8e478388663d8cd6eca517377b9,3b3329761f18fd8d348030c4e5b2b0ea,-6,10.0,10.0,Active
321,754d964198b4d7335a2aab88868edd31,c790131a6b15d00fd061c947cab87cb5,-9,12.0,9.0,Active
322,756ec14796c631fa194bc1bd775ad8cc,ea3b16d22685a37cea338a0d5e176c73,-9,60.0,56.0,Active
323,76c1aa4221cafe6efdc386cbd1d61cfd,e38d5cd6903380fe750fcb6739c7f8ee,-6,12.0,8.0,Active
324,76e4d9c9ad46e2ac78a80289f92bdf54,a2c784d6df1ed6a69361df93731b2ad4,-9,12.0,11.0,Active
325,770513c1a4fb55757e6a779e78c93380,a980b9876af453043f3de88a81df877d,-9,6.0,3.0,Active
326,777552b773a9efe4bc64cc5d6646c7eb,e26b19b301195233291b8624ca5a18c6,-9,36.0,27.0,Active
327,7867fa80a807943a8eab25cebf934e57,17e3f7977d05a3d9125415088c83bfc4,-9,13.0,0.0,Completed
328,788e5d0b7d1ee74170101de1d04b4e9b,5e88043263466cf9780503194603ed5c,-9,18.0,16.0,Active
329,78f451b98a16131ace4caddbbc69f605,87fc7a9abe2ab25796c65a5c62cf65fd,-9,12.0,8.0,Active
330,79491dfa5a504e7c94e876472d19196e,eeeff3ea464a9993f00c1e7729941896,-9,6.0,6.0,Active
331,7963226580f4b70bff3bd057559027bc,7a7c4af016660f235f2bca32894698a2,-9,16.0,14.0,Active
332,796e24aff967836463a37e0901c53e9e,d7d0930249678da3bf650612c7194872,-9,6.0,5.0,Active
333,7a17f88a389093d6cd9f3893bbfc9caf,ec0e58392c093b5c5f6e6258bf0a5a81,-9,60.0,47.0,Active
334,7af16d81adef2d991fc7ce1939faf0e7,d2b4ad8e4f10fe8a869b4a4bdbebc036,-9,18.0,3.0,Active
335,7b7802520e17c16ba705dc4a248520f8,deba202f51e0a5d8a2d5f7437d432ad2,-9,24.0,14.0,Active
336,7be482781f6e8737d77fd8760de2598f,3b2fad85be180e84a39651877414360a,-9,24.0,6.0,Active
337,7c0993bbc3483abb15546fedc1fd8d29,d6d677ea146c0d3e4c65f17391389b80,-9,5.0,0.0,Completed
338,7cc06d1117c60d0668d0f26ddec061f2,f51be43ddb80930fbdeacc715ebed0a1,-9,12.0,0.0,Completed
339,7cc0fc5c09ffaec1b5162b87d2d32467,bde321aa5bb0b087836b33eba2f1723b,-9,24.0,11.0,Active
340,7d0afe114ecfe61a0ca83cdcc008f0dd,f2388f7da658544b1694c1edcb5c1192,-9,5.0,0.0,Completed
341,7d16ac3d10e461a6a210ce1ec90ced0b,f89ae0e3cd749cb64a06ecb2624571ac,-8,10.0,9.0,Active
342,7d1fdfc85a38a4ea03ea03f85f4710ac,dd796ae2961cba10fe8673bc8df01289,-4,12.0,12.0,Active
343,7d751b729bc1b0832a9e169aa38125b6,b02a457b218db0d020052d96442aa2d2,-8,6.0,6.0,Active
344,7d839f278639a38b2ba83ad67ab836a2,2a52b5e749566967930610a39e6728b2,-9,24.0,12.0,Active
345,7db0de1a11205daeaa504a93b478db0d,ac4ec7692df6f45d320fadd25a92158e,-9,25.0,8.0,Active
346,7e6600e0e8623d774e0d321276a9af32,78b19a0b59b94f45b050a00e98c0a338,-9,60.0,59.0,Active
347,7f0875e7be2b1446a8e117c8312365a6,8b445c6a126109d9c3225a8a25271273,-8,12.0,12.0,Active
348,808cb09dbdd584f092ed3902bc99dd41,ae1c9b2091db22237f0b41265876331b,-4,6.0,6.0,Active
349,8095e640b1088676e43264eb470b4806,a19210664b3ea881f27875d6686ef315,-9,17.0,0.0,Completed
350,809c981019957cebf4011291213b6c51,4e547d41c74b013494add3c498df1482,-9,5.0,0.0,Completed
351,814dc9e8c001b93d6f25a8b4f3f5e40e,8215300081d9e19df2aff1eabc56233c,-9,12.0,10.0,Active
352,819246afa96fb038b638841d7e0b24b8,e25bf0b93101de6f22de8e815b64dc8c,-9,24.0,15.0,Active
353,82099d33d92441c5159d1aa3b70e9670,f0f9455e6c0f57ac1cbed9db0f2d7104,-9,24.0,16.0,Active
354,8254fe9dbab22e62652cdfb1ecc3b861,8bb0e04d0bd034045d9ef3aae197bf5f,-9,20.0,0.0,Active
355,8306bf8f0715996626ea94bea17af9c4,d0fe567c9f031c25bc269d01a81ff61f,-9,12.0,10.0,Active
356,84642c0e4bdc2f34c4ba1fca7c0937ae,b4f098dc154d47afec3e58aea6a55f3d,-9,24.0,17.0,Active
357,84a7e709f38ebfb7ab62bdfee9a7792f,6965b99c827ffe9185bab5fd6c321f31,-9,12.0,12.0,Active
358,84c409bf661b59cefe37b1534171d55b,290027102540c89fa8a30f0bb75bbe28,-9,42.0,20.0,Active
359,85006c38d17027b60790680fc36bcfa4,e73ccf53de12c65fdc46c5dbd103c275,-8,24.0,17.0,Active
360,856d1fed817c47f7c074d0bfdd6c3656,9f0e6bc9d5e29a76057beb33b4bad416,-9,48.0,12.0,Active
361,8637a3cb38a8e15a88b107262ace416f,f1a10053e7e8014d44f190af2d08e569,-9,24.0,12.0,Active
362,86ce8eeb7330fa0b9dda472f5c3bee8b,70426cc489a0d27892e15443e68d1557,-9,36.0,32.0,Active
363,871c87a0e5d5ba60234e254c8cfe62b9,f1c81e316b00dcc28d8e4fd7839898ae,-9,29.0,0.0,Completed
364,872ddb5bcc4dff4db42fd5be7a1e3b65,a9a6445397cd5d40aaf649fcd833bb67,-9,12.0,0.0,Completed
365,8732de0e389bca3e5d65bdcc2a738d90,00128a921b0282ec0af9c1d8926ff105,-9,12.0,11.0,Active
366,87a65c7f6cd468077a130ac980618ace,caf9e4a0a664e98a02817da7b0d9c2e8,-9,18.0,0.0,Completed
367,87f97138598cf1000d697c23fcff0159,87b3c9875ae35ba987af41836af4f580,-9,12.0,7.0,Active
368,882daf577f9f81c01fbb0e0cdeac6088,30d34b1c37f0cfdbac9d0c4c8432ee1e,-9,12.0,10.0,Active
369,8877984a63c9640ad6a4dec3ef934719,8cb9dce8171b81c9e4dc0552915000b6,-7,12.0,10.0,Active
370,889fc1231012c7c91f58671f05349187,580015309f38340a26b3bfb684bfd1cc,-9,36.0,34.0,Active
371,88a0b6d2a538a9603c28bbd3e536508a,88196b8a708583f540c7c2e8a3abc766,-9,24.0,3.0,Active
372,88b0e84306fe209e0f67fd9b746cb9f3,6771f79336b6f509ea21dc06baff9be6,-9,24.0,16.0,Active
373,88bc8e4c598d233294385b72836ab725,0e977ee7e0cf476b195f5aa35b20c47a,-9,12.0,9.0,Active
374,898aa5373689a55e126c8b12b2776707,83af04756a0354e25cc0569ba8de6d28,-2,6.0,5.0,Active
375,89d20c7d58d61f169011c83b3f53e705,cc97f1bb799c49f93f9be25431f45525,-9,60.0,50.0,Active
376,89f87221f2fa5f284eea9c84efff08ab,7ca9f0e8740c5951bebf502a49336c35,-9,24.0,15.0,Active
377,8a123c9a261893c2c7141ddf375d809a,011d587074e9d64bcbaa8be7665e2cb6,-9,10.0,8.0,Active
378,8a76956ff2689230eaecf5507c8d4ac0,501b5aa7a94eae236b88029869a38f9e,-9,12.0,8.0,Active
379,8a774f77da462626c5178f433d18991a,5557e1030be28ae5a9f29302eed2cda5,-6,6.0,1.0,Active
380,8a979ab2301aece6affd9ec568f654bf,543c576899da5bdaa11a274b379d7d4e,-9,6.0,0.0,Completed
381,8b915efb2f78370333ac50e9f6fda2fa,071682e48ad5a345cd7ff358fb6aba59,-9,18.0,0.0,Completed
382,8beb21c1764146298fbe21ab6b2370e5,6ad7af25dd52bfd429c490c5f95d1ed3,-9,48.0,37.0,Active
383,8cf12c3bc4172509bbe75dce42da160d,c3d954d92542e254b4096de001f0c585,-9,18.0,17.0,Active
384,8da93ac8fa78837de261d64e3fded60d,520d931d2eecf4324ebd7dd55bae5e52,-9,36.0,18.0,Active
385,8e30429e45ca0c6376613084d7dbaffd,d22e9a8c67be3d9adda340b2487b6ce2,-8,6.0,6.0,Active
386,8f65813ba22754d899e7e8ead1c2c895,3903ffd27fdc3ed341d759ce55819713,-9,36.0,25.0,Active
387,8fe9fe2023870fec9b7d9713ccfe1fb1,87709d50e2be60d5dc2af5ae2067e37c,-9,12.0,10.0,Active
388,8ff19d967f321d434e09400f7020cd8f,a4408e9b4b5b8f7e8c177c2fc7222a5f,-9,24.0,5.0,Active
389,902ae8987d8c33529cf2891b2399a645,e4d0711ffb29791b56f9b5aa84b842cf,-9,18.0,15.0,Active
390,90911e5a940c790572feb260239329d0,406fa7d0a776b78e75daea20d8a005f1,-7,5.0,0.0,Completed
391,9104e5906c48e17d5c6cc88c6ae85152,1be4664528f7e764f9199aa2f19e1521,-5,12.0,10.0,Active
392,91451f432b07c8d8e42d8b23ed422d1e,f32135e0a90f628b93451adb530e0d18,-9,12.0,7.0,Active
393,91512b99cec3a7f6eb8cae89f3c13046,49ef7dd412a029f9056b1c1f2c7e2464,-9,12.0,9.0,Active
394,91af251207f880c7e95e95cac6346713,459e14e894eba0b1b830940d72ab2867,-9,24.0,2.0,Active
395,9279382d7a927367f824107b85d876b1,1f1edbec1cd394f80f2270b604b129f4,-9,24.0,0.0,Completed
396,938800089510dbd40fe715b2ad9af36c,4f42742de08db861375a67aaa534ec13,-9,10.0,8.0,Active
397,93b01e5ee2be710c6bc3ac49ada27c7b,24fd53ae2921d89000a233450f5f32d7,-9,10.0,2.0,Active
398,93e6970fe1a62019a0df19b18aac2373,1bb931f40a702e71422947f36e599ead,-9,12.0,7.0,Active
399,94b073bcf6fe7503ef412efce51726c9,eb62b8031b198199778aa35536b67327,-9,12.0,1.0,Active
400,94d4f63187dcffd46103b5969af6bb33,47c34e1dede4a2f4b6b2ed47d92071e9,-9,48.0,40.0,Active
401,94e8d42b60bd99cbe04720c8a4c1a8a5,95e3fe38501ba19b7f74748f7e344c4b,-9,24.0,21.0,Active
402,950460b21a449f00e2d26567470e8235,bff6baf8951efebed9f34b6a4b2f2f22,-9,10.0,6.0,Active
403,951cc306b3e90a203fa40bfee8f21345,23cf8dc743fa4f17a0519ad7378ebd52,-6,18.0,18.0,Active
404,96e3c7b408865cbf571266a2c30ae5cc,74107a8424a02ab53caf8d8677229399,-9,60.0,57.0,Active
405,96eb59ca52419629201350e93dc0c118,30e18958863974c284a6976e5dcf6d32,-9,12.0,4.0,Active
406,96ed0125bc0d46172ab477587feaa82c,bb5f3366d15511406b2817fb7dae30a2,-9,18.0,0.0,Completed
407,96fc40629c98c5e70041df388f2bd112,a22346b86f2102b5815fa4e42c693997,-9,12.0,8.0,Active
408,9725cdb75f0f3ef895840137ae448f2d,f1ffecb6c42640ddea53e518cbab8684,-9,12.0,8.0,Active
409,98111a81532e3003026e119076ffd0b9,f75a504f93e77b98aa0bda1003fb3c0b,-5,8.0,6.0,Active
410,985fc1846c2959ca88f5ed5b3a9e2f6c,173758a12d2a7fb09f33af46095fe866,-9,48.0,38.0,Active
411,98ad7a07b2d2aadf89c1dfc3a9d2e82f,da7a8c0162d3e98fd7b2e7734bcf861c,-9,12.0,3.0,Active
412,98eef17111ad0dcc782d7c540b839cf4,b8eca7b9e1d577bde98b711ae57e87a0,-9,24.0,18.0,Active
413,997f7e7989ed4ebf47ec45b062e05379,5c8b8f308e504694c838ca1b3f2c7ac5,-9,17.0,0.0,Active
414,998d9f9c579873b1d738668122a52170,54e1a812696a53d9492941c32dba75f7,-9,5.0,0.0,Completed
415,9a5c01e841b908333b2869e447d7b351,4903e841a7d40f3c62ac786a5771fe20,-5,12.0,12.0,Signed
416,9a9477a3e043e65aafdccfda1e02dcee,714d4c5e602aeef783ab9a8d67424f0c,-9,12.0,8.0,Active
417,9aa2287a970217506aa0d447c4f058e8,4b5ec87f4b1a15c30861f65e87664829,-9,24.0,6.0,Active
418,9ab951b86ff2be62dab1951e82e821fe,669105eeadfbe3e5274582c8f784feb4,-9,24.0,15.0,Active
419,9afe1477af392173efffa3d66d233371,aae8e4c4a904c53e83120a14fcc85e6c,-9,12.0,8.0,Active
420,9b3909eac311a43f77fe0d5ef5c49523,618e6a7b78b8ba147129d944e4d2efe8,-9,4.0,0.0,Completed
421,9b95eb07215d6eb0a3645aaa6b9d04d6,ef10e9bef9a0500cedee934dc2d93478,-9,18.0,14.0,Active
422,9bb7b6e9b59abecdb7bbd57bf1d8afad,3708c8c4d37f1baccf70583e77db6719,-9,48.0,47.0,Active
423,9c2686eca29b14adc5444b50b5ad7406,b510ef13a4ab7d4f31bfa94db2887f37,-3,10.0,9.0,Active
424,9c91865ac46e35abc90a3de2927a67ac,ada21be9124a44a8c4e60e7fcc2e35c1,-9,24.0,13.0,Active
425,9d0f3259c7af54b3810f3f130d1ef321,b04cb3441022c4fafccdafca879ee752,-9,6.0,0.0,Completed
426,9d57af85ae791db266415c90b8df0b5e,0faf192dc447822c1e056bec79df02bd,-9,5.0,0.0,Completed
427,9e6080a5c16a6cef28d4cb0ea6da11df,b6ba16ca1077c0c28812e199ec5b621b,-3,24.0,23.0,Active
428,9e7d04fbbff07517b7b660c0434bac2c,e2153053fe69c70d47bc1d998e8ce9b8,-8,12.0,12.0,Active
429,9eb570f70c59add1dbcb0f41d92a7d37,cbb14bf8e83c450706cf6510d34da2c4,-9,18.0,16.0,Active
430,9edb22282849ad34b4ed64671a1f14c5,d07699b0c3057231f262cfcbf5598d19,-6,12.0,10.0,Active
431,9f4ff82b413d2f13174701212b89cbe2,6d2b45fe4f636f502d5996c58a054820,-9,12.0,8.0,Active
432,a0086ce1bcc773c2c5b3162a75c13385,db42b7214ec78246f27a81038e8c4517,-9,6.0,5.0,Active
433,a013830584d9a97153fd702c6bb7d15e,dcd81af80c34cfb1d812226280ac48e5,-9,24.0,22.0,Active
434,a13cb2721941ece63dd674f0f9a9f361,a60c6724b6a08834853062220d3e8081,-9,6.0,0.0,Completed
435,a19127c48e02c6c2d16a328f5cb38c1d,108bbbe1f301b09acb477df946eec2c0,-9,6.0,4.0,Active
436,a1c3828adac90063019ce2a841744e9e,d7fbb81e84fc1be8a5ccb4acb48fbcd0,-9,12.0,10.0,Active
437,a2133d7d2b6304e6c31eb5b1b8f84c06,d23cfe0e2f9a461113e137316143d304,-3,12.0,10.0,Active
438,a28e025b48617e0518006eabc13892e4,96f4fca6b0a53d6870b7e2c42a22e197,-9,12.0,8.0,Active
439,a2b76475bd47b89eb24080946629ab30,98b5277b1f70ab3b3f91331bb7f2e75e,-3,6.0,6.0,Active
440,a2c836c177f5fe564ae0891c36e38830,9baba88cc731496cc0ba6640a4c21896,-5,10.0,8.0,Active
441,a2d05f5b3fd9b13a7e2384bd34f6e883,06b292fef8b8ef63a8cb0cdedb0b185b,-9,18.0,0.0,Completed
442,a352eba0e3afc1a26fdea9050362c0de,5b05954b08e9623ed1881d062f323db3,-9,24.0,8.0,Active
443,a376b9aaca73fb0b6701bb59b70d0c61,312b81c6dd054b001f5fe5f63c3ac716,-4,4.0,0.0,Active
444,a430ab92b1d9e2a24d29bc8c04369340,42bd4109d29b6d30751a724bede74493,-9,42.0,19.0,Active
445,a432cabdf42cb196142d3a19301b657f,d3db739531b47e8df6bb0fc1ef7a74ef,-9,12.0,5.0,Active
446,a4663378110b2e4ccebbd8e0a673ea26,004f47b84633852aed49fdee54bea776,-9,12.0,4.0,Active
447,a47976fc2c9c02e7bd963d022f080adb,88a1fe7b76b2df2582d6500d25288b96,-9,48.0,40.0,Active
448,a509b31205bc90e042a1d989670cd182,f9d5cc03c3ce65fb753d11f01ef7abf7,-9,18.0,7.0,Active
449,a57946db53cb831606cb5d7bd4719e6b,7342e7793d2d10a18657448669dffd67,-9,24.0,17.0,Active
450,a57a8a1178b3e2f02bbc4b8a26504d78,a33d5259b06eafc59453bc32c2c643f2,-9,36.0,13.0,Active
451,a5a66a73e3b1bbd90bf94760fe31ecda,dd7306ea5c48d2857b3328a5eff822d8,-9,36.0,11.0,Active
452,a5abbaf6300c257f10cb4e8ee112df65,dae1bb820a9444da4155518fa6b503e7,-9,6.0,0.0,Completed
453,a613d20807ab1699d07446e7925e1d1e,eda63048a2a5f2f971045c7b18e63a72,-4,12.0,12.0,Active
454,a64e327162b9d473ab68e6bcd468687b,a6c7d1d84140f7dc09060b907bb5c4ee,-9,11.0,0.0,Completed
455,a6ef47cabf39666b3d79ef441b573642,d3b9379a4d555fc3a2497ee3a75944bb,-9,1.0,0.0,Active
456,a7647f339faac3a6ffb3cc5d713c0a14,1e2713438026c42c1b06e1921826fb64,-5,12.0,10.0,Active
457,a77858723128f0ca3e4eeb78bfc09f04,6e9c1599bf8cca666846c1a4cc0a737f,-9,12.0,11.0,Active
458,a78b62df18d94e8b935aec3de0c6b2a7,1151d227a615d340c4e287fdcf614cc3,-9,12.0,3.0,Active
459,a827398810a0193271ddf989068d9fc0,e538db12d11e1d8f68e212a9e3598fdf,-9,18.0,9.0,Active
460,a8572a0a8de7d0652a40f08ad56f9b28,7c0bc95a47a2d7a33cd8deecc53a09aa,-9,36.0,25.0,Active
461,a8d6c5f168912f0589a69172b9e2df4e,4ddfb1a8ea09d002fc67bd74af7c4b18,-9,10.0,10.0,Active
462,a9418d08cf70b3ab1559dd506d990b59,46482ed72325cfa51565850f16d950a0,-9,20.0,0.0,Completed
463,a9de4f0f8609682d611023419b097ed2,86c22deca0c5d6bb7c88938cfdfea86a,-9,12.0,7.0,Active
464,aa206c16e8139512894cc78c298ca9f6,cfea7ded3cf08ef8ab37772c4037cab8,-9,12.0,11.0,Active
465,aa387f7435fd0578a41e25489171fe5d,f753681e9759eeed1917604814e0dd63,-9,10.0,5.0,Active
466,abc3b7349101258157a82bd9c4426268,45f1102633372dfc78c1fd8c9bf2643f,-9,60.0,48.0,Active
467,abe31e66d3be58d216ef56c3cce93f91,9887e29f4b9b742cd17d20230c7beafb,-9,10.0,5.0,Active
468,ac33894ee3a06c6b3fc36ec02ba71bd0,0878061f360957cffb942631b79e8147,-9,7.0,0.0,Completed
469,ac84ff92e565adc298cbdf5efeb60b3f,820d596ce16c8ee66bea4f81944ab18b,-9,12.0,10.0,Active
470,ad8b50b1b15420a0fab63944734163d1,e09094e4e68d3f53a21ecc1fd354d33f,-9,36.0,25.0,Active
471,adb4efe1e4c6d950eea39cc88a60a7b5,634fcbf9174c424e0593b8b67580ded9,-9,11.0,0.0,Completed
472,ae0927d7a1712312d12a25c018fd1676,63d136513a8d282c0163932fed6a3c47,-9,24.0,20.0,Active
473,ae4ff2b254129a81e8d1af31c6e7b73f,a4b401b25f3bd09ab324057a5ecebabe,-9,10.0,3.0,Active
474,afdc3b29395c7715d63ac6691193a2ef,d98152115671ce40ef931e937de4f57e,-9,6.0,1.0,Active
475,b0655739fc54914bbdffec797bb93dd9,e5b32ebc5a432cfc4fd7803036588d4e,-9,24.0,21.0,Active
476,b2a9375cec7462c8dc0d1c7b898e0225,08d8b5f7dacbccfc69605cbbe49574b9,-9,12.0,8.0,Active
477,b2c36586339db9b42f1f140ee10c1dee,c0d53a2336946cd69c2798ffc814d1c0,-9,18.0,14.0,Active
478,b2e59936466baaaddb1f92040c0846a4,0b60c678721df59c736195afe2c15daa,-9,48.0,22.0,Active
479,b3b52858dbe9834ba149ff5a1af62e5c,54d6b1c3ac74c4229a37bfb9081bc0f9,-9,48.0,45.0,Active
480,b3ce5e7523a930aae5049bfb37b08251,e44356bd3cdb4ed8ab32d0a7f3c7f66e,-9,6.0,6.0,Active
481,b41d2a11237bbd982e19038705a9dcaa,c081a7877283591748aab889dcea64d5,-9,36.0,1.0,Active
482,b4ae766b4164421e68c65e5eda124086,f28191e2dbd718991d7549d0b9b229e0,-9,18.0,0.0,Completed
483,b4dd56974416f81c5048d36199d07439,fe78cdaa7e75ce41ff07b969cd34838f,-9,30.0,15.0,Active
484,b516c4f06aded4ef6a158b690c317df4,69be03ae906654a528d42c123bc13f2c,-9,24.0,18.0,Active
485,b5311d386a4c78d0356dc9e84128f49d,da9a16f193b52ffdad4a026402ffeca8,-9,24.0,2.0,Active
486,b5e3a2bd4b6de6e5b720a0d06e8da876,728c3cccb7c8031c0ac19c958eb731fc,-9,18.0,3.0,Active
487,b5f4b0c1dee1ab92cd539621a4b8b5a2,8cb27a23050fcb8b115af2311afcea5a,-6,24.0,21.0,Active
488,b6d8544d4c4b6c032f7d3ba5c14c0396,754cb7b1eed273879317f8375803afbd,-6,6.0,4.0,Active
489,b71e7b479ca5de9e554e2f01d62da818,9ded386a8755439a080349c30ac21fa3,-9,12.0,3.0,Active
490,b74651952ecaba8ceb5aed4af92570f4,ad1e2243239e84c5d32986c869facb86,-9,6.0,2.0,Active
491,b77c210e6084ab9778fecab729883438,18bd55b8f1c2c3b4e2b9e7679a7390b5,-9,18.0,14.0,Active
492,b79597265936a2493b2c88dd1590c61e,ee58361b60d925ff56828b09ba4f4c20,-9,12.0,5.0,Active
493,b892e924f537fb587e3d374833f82d82,d347b1fb213eb8dfb688fb1baaf3f7f9,-5,6.0,3.0,Active
494,b8b9444f35421fb4d895237081126193,60dfcfca4b1860b4b8a9fbf5a482bdf6,-9,48.0,42.0,Active
495,b917cbfbe99564a26c7b2dee4de31ea7,0cb6916250e6ae2bf42762160322f1b0,-9,24.0,16.0,Active
496,b9dd021baeadd476a0fbda0d3ebe5c81,48618192c1b11d4c9179f45bcec79370,-9,12.0,1.0,Active
497,ba08da773d073d5a8f6a6579c828764c,a3834bef90c9e3cd774bca5504e0869c,-9,14.0,0.0,Completed
498,baa10239637f21a70b5ad97c2958b981,92448574bf101b7267bfa6126f99313b,-9,48.0,17.0,Active
499,bb744e091d456d79640ec2b1864ee367,57ba55369995e4c2cccbcf9865361d6e,-9,24.0,24.0,Active
500,bbc68c5e1fd558e84e4525d2998fa375,5097eb3545e53085aeaf058b2490f66e,-9,36.0,18.0,Active
501,bc31a84fedbf8198e908f355ab9c0ee0,8ed0f734b6b2e05188433d1ebaff317e,-9,36.0,20.0,Active
502,bc6dca837508a733c58a32504a678811,23321d1e8b2f3ffed315aaa044ee879d,-7,6.0,2.0,Active
503,bca5b7ab14741127f46e83f499c21ac3,738a40743835ec900f449ff4bdd7a3f9,-9,12.0,1.0,Active
504,beb953abcecd415a692de8f1c7096317,2aac88744325d8e6beb5619391f7517e,-9,1.0,1.0,Active
505,bef48095946f7f813d22075884f9b538,94ea3ed1f9aa994178025aaa3603ab31,-9,18.0,2.0,Active
506,bf075016082b32d6998123865d5a7880,a47340f0350816c83e8e7f56cc112e6b,-9,24.0,5.0,Active
507,bff463c3d0381fb5dc16fa074e426753,bbe82c73814e483ae35b2ce44aacd3c7,-9,10.0,4.0,Active
508,c03a140191745565ea0feafebf23b1ac,61c62e2288c3316fee3075b0aea3193f,-9,36.0,31.0,Active
509,c0665e7afdc04cca3b47b4b62a7a6cf2,40dafebd45bd3137f298ad0f356bf999,-9,12.0,6.0,Active
510,c08a238d5725a3a5f56aced0c90eb728,fe9ba0dce31211ab5b68e22806d0afd1,-9,18.0,5.0,Active
511,c0cbb8633846a9ef574870868c521606,c808c0c51be628842ed0874525bac45b,-9,24.0,8.0,Active
512,c10e448ee3d836a06267f606a23f65a6,9ba9484e604b47271684061b83793a2f,-7,12.0,9.0,Active
513,c12b005fc781067fa48d7ba1ee3db39e,d1195847b6441af02b20faf993c62dec,-9,60.0,54.0,Active
514,c1826f645364e717b4f000e627703866,a8c94f639eae432a8dce22596272e9ab,-9,12.0,5.0,Active
515,c3481894ab3564ad97f17e024205fd68,89ae537d0d6b7c3046979cd4eb56fa80,-9,24.0,20.0,Active
516,c3cfd022351957c6501b96c3cc9e4049,1a8067c27096842a1141b4e8af6a494c,-9,36.0,28.0,Active
517,c50f2d9c08fc4d6fb186eaf4e8011e9b,572138c1d65b0452adb377c8ad7bd540,-9,30.0,18.0,Active
518,c564f252c8b6d5d46fe54546db0a4c96,30d30a2c31e708cedd0bf9b13c84bb7d,-8,6.0,5.0,Active
519,c568390c8c8d856e0a903b93be2f4d19,cd25c0283f42db03ab6deec84f5de09d,-9,12.0,7.0,Active
520,c56d1c2bc8fd3e7c49bb1cf08021203b,ada87e8c7f1f4108e01f1fd7d1724534,-9,12.0,5.0,Active
521,c645016dcd35cd8ee0eac0ae9a990218,8e6b9b10fc2e31af21e24fdaae151c61,-9,8.0,0.0,Completed
522,c71b9b8b8b3be49447601a4a734043c0,a4117892c7ed58b7485e29679a2913f5,-9,18.0,15.0,Active
523,c75edd72d9ac752bcb516a31ce8c9ed7,e5d0f580fbc8649f05d93a84a4279fc4,-9,10.0,6.0,Active
524,c7ae81a210bec7521b791e617c65baf3,e30b0ab89e68297ead03dda06228fedb,-9,12.0,4.0,Active
525,c7f18738030d1fbea4d0b02ac4ea03e7,99694b4559191fc10c66c142e6b873de,-8,3.0,0.0,Completed
526,c846ed9207ac99f11fb1e70a54b60c47,b3a557fa8ddac2a2b82331381e5bd44e,-9,32.0,0.0,Completed
527,c8acc9847dad346bf4f8920058f51bcb,e4ac9eb48454d1e06137e849df61dfc9,-9,12.0,6.0,Active
528,c9d34e373c8a744d96debbe1a0a0e0dc,36b0b9c79c14b9692d58110c04065040,-7,18.0,14.0,Active
529,cb66c0269a7f5cf3cdf553fae96d7caf,d9b52978f88ac37208a75744822d4dd3,-9,24.0,18.0,Active
530,cb8ceedc26c37f3f82c6ba98df3748b5,6c29a16e9752bc74686f929af286ccd5,-9,12.0,0.0,Completed
531,cbb8e190566b813cc0b190f3e6abbf2f,423d0f5a022fc2d65d9766b6924933b2,-9,12.0,5.0,Active
532,cbe53bfe978450dd2bcbc6e560649bcf,be51299d53e4b7793b302e92b20c0c03,-7,10.0,8.0,Active
533,cca33ed60625aeff9218f5d49dcb3eaf,897d27751d77c980605bcdc0d5ab432a,-9,24.0,17.0,Active
534,ccb9465af57da7332260256d413babda,5e08a4f81928f278dee47af09d94dac0,-9,8.0,0.0,Completed
535,cd19a908236ee2db82087eaa32d6bcdb,7aec6ad7d5f0d4db908b01dc53f50e23,-9,12.0,0.0,Completed
536,cdb7e38db356ab50ea8aafe200cd0546,891e85d7d7b1e3093bf97546ccd6404c,-9,60.0,48.0,Active
537,cdde066ff9ed2e97df8bfefa0a315c39,5010ffb4aafa904ef9bdd3add7502c6d,-9,17.0,0.0,Completed
538,ce473b492f7bc9dd76ba7e3009609ad9,6bb24719e385abf93496db5cd09678e3,-9,18.0,14.0,Active
539,cee1d2f76b7d97f1ade1103c5fb9b9b2,95cd5bcf632eb39392a549406ff78ed5,-9,36.0,19.0,Active
540,cee3d3926bb35a79816d975b2fb406a9,739c13fb8753ed8eb4f97a2ac67fcdc5,-8,12.0,11.0,Active
541,cf9e2a3b845f299e2d56f69dc8007826,5e39950b4c55f64d838f88af4fbbe09d,-4,36.0,35.0,Active
542,cfc2961a26784fcc6702c7a22243d21b,0cb6f06f229436afd7d75c3b71efaaee,-9,18.0,17.0,Active
543,d01b4b956174442c49cb78e542996ff3,49c8e059ff88b992fbd81f885f9646ea,-9,36.0,25.0,Active
544,d0d15b658c4c14e10658d6756adfdc5f,1c5fed7f01c1d89cf08ae41ade879873,-9,12.0,7.0,Active
545,d1162429a2d6eab3a06234b1454290f8,4d6419c8e0aaa0674b239dae5fe1c5f6,-9,6.0,0.0,Completed
546,d18f4bb4987573b03f4173579df5964c,193ded94c315f7b1dba8f6d56814a2e1,-9,54.0,40.0,Active
547,d21c7a0b6f5d02da656399fe401afac4,edf08d9f9f8d85c3e7fdc3650f2d1272,-9,36.0,16.0,Active
548,d247501af4d1d767583880a32daac640,1252e5705fe4d30fed878284be018921,-7,12.0,9.0,Active
549,d2744fce0947cdf5b12c8c62b0d07be6,67b487343296a32619d52382c3a90d74,-9,12.0,2.0,Active
550,d2a4d517979835608abac9ea661005ab,e638df236a7fe90e8dc4034d7a9faf8d,-9,24.0,19.0,Active
551,d3c2138dba0c41134090a149fb7c00d3,7f5f15beff9fb7beda2f74aad28ed807,-9,6.0,4.0,Active
552,d4828708b50b1ddbfbd546384eb34fd1,6a5b8c0c2b362510831fe861742514a6,-9,24.0,16.0,Active
553,d4d507ebbb932593d51a3804b4d72a8b,08df0a2c2908ab17f2c136e96d401b2e,-9,6.0,2.0,Active
554,d521a075b964e28fc42add0041f71424,6614630f9993de67c5f99df663c253e7,-4,12.0,12.0,Active
555,d539d28da5e37c2aa3ef9c4193d680bc,dbfa169466e9ff19d46053b7b60ccda6,-9,10.0,7.0,Active
556,d54e09522bdd17dfc581b4382cb45324,02831ccc202bb4e384c9dabcc35e53e4,-6,18.0,17.0,Active
557,d551bb4d0927ddcba31e042d93ebf572,37f9841416abb765353c1883f23990de,-9,4.0,0.0,Completed
558,d5eeff3512c6999d0d6ab565a0732f88,4b723b8815281a81783d7db2ede2a294,-9,48.0,42.0,Active
559,d6308c55430f4ae7732407e1ea0b530a,2f57c526cb89627f66af7e819cc0a165,-5,10.0,7.0,Active
560,d7015ce20e9b938a0888c678b1a76eda,0ba65c643d8918ac48adcc8bb3afe327,-9,60.0,45.0,Active
561,d77be0164724055a37434b2d3cdac42f,4721bb27eaec8a50ef870570e513fd5f,-9,18.0,14.0,Active
562,d7a7ad963622e3cdaa3c9a6205d766df,007b9647b3df9e358d641c89cf16dc52,-9,18.0,7.0,Active
563,d88bca7c85ed2c0428fb58c9439a91da,9e0bb70feb811bcc170225c4d2f28c0c,-9,12.0,3.0,Active
564,d8a8556e9a74d04383993c89b5aa7056,c679b4db9bda4e693f2f65957dde5535,-9,12.0,12.0,Active
565,d8eeca86d82d92aba518aae24e24496a,e369c5383083b3485cb2930770ad4509,-2,6.0,5.0,Active
566,d934ba6b0919a741330c16c12df56dc9,30495d9da89916df4f7f4fc36560c14f,-9,10.0,0.0,Completed
567,d9f60a9f2634a3611b548877c305b27a,2d7ae4de7b20f7fae477750a6e5f54ae,-9,48.0,21.0,Active
568,da54417610906be4ef1e211af8a7ba76,586499a5ebd6152b473514e7339e5e1d,-9,6.0,4.0,Active
569,db0d1c58363ba08f483d03d1c39a03ca,3ebb21f1e4c592dcf3db9158bfca62d2,-9,6.0,0.0,Completed
570,dbc3dab081b079886318f02b7b6477c8,a9b7c65a08cf48dbc7b08521bfa3dd93,-9,6.0,3.0,Active
571,dc0403d1b4a61aec259859dfe7690a13,9da99e8f9c2a6e632721f785c7fe4b85,-9,18.0,8.0,Active
572,dc8ba115a9bb073c95dac806bb891eaa,f98c5f8c134ef9c083545d1e0250d43b,-3,24.0,24.0,Active
573,dca78b7d29fea82f2eebd4605434cbbb,e39a669d3dca1ad8f85f2eef10e32e40,-5,6.0,4.0,Active
574,dcc051d1011c325c3961ddd202062d7f,2a5cc369d7baf382d923f6ea9bf13b68,-9,24.0,17.0,Active
575,dd10e1d32c1ec48cd91d7735c6438821,e179644c7555b081a2e7f241267cb652,-9,36.0,29.0,Active
576,dd4117e7a774a4009d2b9c4150ef8c70,c5c7bb67a8d824f9c4fa4c73b811f941,-9,12.0,12.0,Active
577,dd71116c9ca99aba88ffa1142c2735b4,3481ed03ac720c0bee3f1bdf353e7ac9,-9,12.0,6.0,Active
578,dd8d3b5e02ea236cc1a4e07d7b97263d,2fcb68a7b9fed1021e0912832e3615a8,-9,36.0,32.0,Active
579,dd95667515aadd8a4a1d4b9de1df8a82,4b00c3c8e11d16f096fa30d4a0df8bf3,-6,2.0,0.0,Completed
580,ddcdddf699a0fed97a3e72953207bf33,ab79eda73fa55bbc506f4304087d41a6,-9,24.0,17.0,Active
581,de1ebebcc9e6982568f0577e0a1286c1,dbeccd9bd6599f3f0aeff4e306f2c7ed,-9,12.0,11.0,Active
582,de673d31baeae5f044e0e13816fd6646,a5537dfde20d34c8db55f0a9e5d245e4,-9,36.0,33.0,Active
583,de7a0abb335def28163d12d61241af77,be076348b4fd65d8e5f8615d4f8c407a,-9,48.0,44.0,Active
584,deadc369fd97aa41acd7cad6971839e8,9f360da769309bb518481381543dd1d7,-9,18.0,14.0,Active
585,decf1d7e0b283e741e8279eea115089d,32ed7358728cb0aa7fe3e8f59b047590,-9,36.0,30.0,Active
586,ded2ada63bcb57040db55f695bfc8052,ad11dab36e45090327ad780c44894658,-9,24.0,13.0,Active
587,dfdaf12d1ca985a462212f71dfc5fe5c,71960fd9d129c899da7a85646d182714,-9,36.0,27.0,Active
588,dff8b218d6756835417e26e39a065e55,5f074093a11beed4c064eeec94922e39,-9,24.0,18.0,Active
589,e00f8aac3f5775381cef3bb1f0cba5cd,6fc59a96b3852fc23400db4d935fd705,-9,6.0,0.0,Completed
590,e00fa87cabf8cb8a46fd640060f81d7a,3cc2d022a4c624066a1e60791123e82f,-9,29.0,0.0,Completed
591,e03659c194480f25d94aee7d7cb011e0,8ddc92273fce1b53d3b6570cdeed9485,-3,10.0,9.0,Active
592,e081b02f9d46b7e6de60beb4742303c0,de1b538a5e23d5912ac3e8c91fab4309,-5,2.0,0.0,Completed
593,e0935056f2ef0fc328d44ab74137b46f,bac982efdcf95b23b3c51ad0a617a753,-5,24.0,24.0,Active
594,e0e373f48377d83ca08f8e7ff9225c92,7dc6d879b4436ea059763ae1292d2cef,-9,24.0,2.0,Active
595,e21fa7d52d6547ef73b0f5dfd473bc8e,f5e7040ed0de54b242dafc601a796b66,-9,12.0,4.0,Active
596,e3c7f3e2e47edf46e1f9ba5855259ba5,49d354bb142b3560724cb65eac3bbfa9,-9,24.0,18.0,Active
597,e3cb0afe3dbb0c8e27ff88a8af23e725,41219b005973fc36a6b67b4473a44809,-8,4.0,3.0,Active
598,e3e954504d7a1394f4ca9f501343e045,15d20d720a95385dea192a2c5a7642d8,-9,6.0,3.0,Active
599,e4864988f651abdb700ad426e5cf9c5d,74103782c6dbf40ba3fc8e1ad420e18e,-3,12.0,11.0,Active
600,e5cd103fecd8e4310c011c005f807fe2,07cf728a434cb031acc2e87db67d6faf,-9,11.0,0.0,Completed
601,e5cdaf84033e295836010d5d49970989,a0683149eb6066b3cddf0004d32ee32c,-7,12.0,6.0,Active
602,e6827a0e396e51ddf8df9e76d72d5847,9b5ab1807728b6674d1a0c2e27833963,-7,12.0,11.0,Active
603,e7150a28e06267de0c8a0f4ee9a52fe4,ec1f5e217b2587a0ddd384c2ead8d613,-9,3.0,0.0,Completed
604,e7717482d96589cb9deedda14b77bdd4,ad423a3188c24bec288e20b87c693b8e,-8,12.0,5.0,Active
605,e77b966e10bf23160055604df6dec390,9a21ac5e12ac91da50768b33122d79f7,-9,11.0,4.0,Active
606,e79c0cfcced00370ceca615b0797abcd,f5b30729217ae581d08ebbd5c4851961,-9,6.0,0.0,Completed
607,e7a6965ecf6cbf91843e2117c3737983,66e003f09f796741a15d7a322aa6a20a,-9,10.0,3.0,Active
608,e7b5ee5bd9176199812b55f6f4b7bbae,199c92054e461b49672df32fe6f868e9,-4,12.0,10.0,Active
609,e7c40f8602fc50e14f44faafb9a1c638,750f53acdac7aaea0e6736f6d9848c75,-9,18.0,11.0,Active
610,e7ea44f87dbcc0bd47f1a94c6a62153c,c585871ba19e1f820b5649c1d307eb37,-9,24.0,23.0,Active
611,e829ef65c088b7eac63bc2e15d941765,cd0c96cc301decf281696a8cd02690c9,-9,23.0,0.0,Completed
612,e83956499f462faf1d65921e38773d93,68d2ca9715bd2c0b59fc23fef8088bbf,-3,6.0,5.0,Active
613,e87518db25dd34982e294c56bb386a0f,2b454cf2e0619b3fe411859e79ba910a,-9,24.0,9.0,Active
614,e94935bf0c03b7cb66154b81c3a8bdc5,f4bf64d95807a3a47be6e70f509bcea3,-4,12.0,12.0,Active
615,e9ad64db008164f80e4d705b3c42ab15,445ebabcc55d9114206a1f76266c9395,-9,12.0,8.0,Active
616,e9b87f858f90de07141712cdbd549eff,df4265e45f0f7e263e1a2770b8e8f38d,-9,10.0,4.0,Active
617,e9ea74d8a66f0bf1ee34e8d1a298d070,a1ceec5b78442e15353df1c5e54c1db1,-9,5.0,0.0,Active
618,ea19111ca4de0229181e889474a6e461,665a8cfa3a00155143200162eca7707d,-9,10.0,0.0,Completed
619,ea93e4761aec6e2f35818f2292f0f3c3,d69f1d82a8ce538cbb6dacce9a452977,-9,18.0,6.0,Active
620,eaa282fc78d9423effdeefcbe3f3d996,b998036fdc437e1bab25cc614c87731c,-9,24.0,12.0,Active
621,eaaff3d2cf6a125466d01f2910a9ae3b,82782c1a35e9b97a4f6f7dbc9dcd1787,-9,4.0,0.0,Completed
622,ebd3a231e48fa64b7b0ebfc192e1b6c3,7d0c781044bdf45e5f104fe4c08ace38,-9,24.0,3.0,Active
623,ec7b70e7913305072cb8c8e4a717f5e6,4bc13cf274fbb787dd8838c72d513043,-9,60.0,42.0,Active
624,ecbabd5c1308c18cf21b554d19511a6f,ff6b984ed2604fb361e66abcf5ad2910,-9,18.0,10.0,Active
625,ed91770885b600fb22c627905d3a860b,fab9020552cdbd7b3b8ea6dc129fac45,-9,24.0,0.0,Completed
626,eda2191528b0006df3186e03b2b0a0ac,9096ef84ac53c8910ff88fc6dbb48951,-4,2.0,0.0,Active
627,ede19a37c94ca71dd8531eae51eedb43,4ba3290661c2fa651fbc8e96395f49f8,-9,12.0,5.0,Active
628,edf136ea4b8d6ea43f221d3ec0681d1b,81493d30ad66a2fb3d97f4c6b3cdf136,-9,60.0,44.0,Active
629,ee39d656c3ee5dae4102c1b29fa6bd12,7ec07a83ff70830a6b85e8b5f40a8c18,-9,24.0,21.0,Active
630,ee5d32069fe494573d28c22d8b5033dc,13d3254756b0b76a9a2d8aa1e69f3542,-9,36.0,32.0,Active
631,eeebb83818b1b5dd82371898114bb5ae,cd93665837788e838d582273ba1376c0,-9,24.0,7.0,Active
632,eeee48eeb3cdcb8a048d3e846bcdb361,75bbe32d5036920542aaeca0ea83f562,-9,24.0,9.0,Active
633,ef2e65ebc85f99b1b2ef0c228dc67054,0e1b011e98fc6a4f0c8540d6368dd0b9,-9,6.0,6.0,Active
634,ef422969e9635cc7064ff445d3d71f37,804b49a7a83df32adbc18d827c81e422,-9,24.0,18.0,Active
635,ef5b3e85b3c17f143e9a09c7d951200d,598674c16f53a41e64e1499717377f46,-9,12.0,7.0,Active
636,ef9043f067e77448821392e08842c9a9,2a98beab5a624c44d29de1984dadb8ba,-9,7.0,0.0,Completed
637,f096486de662bdcca775efba905ca009,a830b0c9e68f3cd787b0ceae4c237b8c,-9,6.0,0.0,Completed
638,f09ab8cd0dadaaf02cd6ff0c436aa30b,01d8cc1e3fa137b38c940e84e41bc66c,-9,12.0,4.0,Active
639,f210ebe710069528d1aff9f81a0050c2,dc9cd83ee31a7642287361ebaf4a4a2d,-9,12.0,0.0,Active
640,f2295dde7c64a127962f6834ca205dad,98f1dfe40932ecd68b873f25e7b1ff72,-9,36.0,31.0,Active
641,f2a0c643b40afb450c9146ccb1c39c64,07e3d61d99224afdb71747613b184631,-9,60.0,49.0,Active
642,f2bfd6ce994f398490280959b4a3c864,6b1541e7d5c6a44ccae1809a2925bb91,-9,42.0,15.0,Active
643,f2cc6655b32331112521e0ec16ad12bc,5dce785d0c3c129e69082745edcd259b,-9,24.0,16.0,Active
644,f34ab7e2d27243e158831817d947307f,51d7256de9040f842c4e6d69c59e2d49,-9,9.0,0.0,Completed
645,f393f0d673698891ef7763e905345b21,0bcfe574dc70996bf9129ee107313212,-6,6.0,4.0,Active
646,f3b58151ce0d700788323b2b2ca9d1b9,f3a338b28f40fa2f88b94b83507e353e,-9,18.0,13.0,Active
647,f3fd63f3c9cc9f7e930ae4e8c12221b0,83ae069fafd0a02a1319079f0b8f7d9b,-9,12.0,2.0,Active
648,f499b43d193959c1d712a354256801da,ed99cdfe5a7b2260da67c1bc09fad372,-8,12.0,12.0,Active
649,f49d6a15f79d2c5c69db1489107699cf,bb230e756d11354fb121035fad0e271e,-9,12.0,5.0,Active
650,f508d4fdccc9eae07fee84394e42c438,346a5e2044b5f181dabab46fa53cbec3,-9,12.0,3.0,Active
651,f58a303e024abf2294d0acff7d71acee,cef281b9ae45afc8daedb1422d565663,-9,43.0,21.0,Active
652,f5f06f7e3057ef8a6220b9810bb49c29,9b5f978a3f2bc4e82503ad22f6bbd82b,-9,12.0,12.0,Signed
653,f707de591f20bb699ced2c4313631e4f,bde12e9d2eb63d4e4b730858df6b48df,-9,20.0,0.0,Completed
654,f718ddadb2f2ccf842594deafdc1971f,4d6aac0fa49e49d2880953a3a8efdb8d,-9,24.0,8.0,Active
655,f7825cc89df0a3665baddede33a196f0,34eaa1c5cbbd5dd8d7998a18129fe90d,-9,12.0,9.0,Active
656,f7dee7091686c1ee8da6a2c40bf60f39,d8470a12e1cd9ee0d67c33b3cc87dc51,-9,12.0,5.0,Active
657,f86e7878219220cf0a5e09f0119a3209,bdc0389d6409d45726cfd7ef566700ce,-9,48.0,16.0,Active
658,f88a4b0d917a11f21c4ff171dca3325a,f36e693069f716eec6df9bb1d85aaa8f,-9,5.0,0.0,Completed
659,f8d01045d55b9dc81952ad016821bbf5,c215575c977f4e6770588959cf212867,-9,6.0,0.0,Completed
660,f8f80ed56b7d0b88d81bfddac6a135e2,7270ed4b0e279665e39002a9dd0749af,-9,12.0,9.0,Active
661,f917c8537396c9f56ecbf2b951c2c3c1,d932e4d39484a657b533ea2cd75444a9,-9,36.0,30.0,Active
662,f926dd937bc72e6c9c1bf6e5efcc01b5,65c79926bffdb9493b07fe96a67341d8,-9,36.0,12.0,Active
663,f9c6f657ab9bf1203c4a0c7cba775ee5,ee3c906b2568f5185d5c92947ee47fe9,-9,36.0,33.0,Active
664,fa688bbb7ae841b2001e83629b16917f,e759772775e89be23ed2edd1df9ea67b,-9,10.0,7.0,Active
665,fa7ba33b0801ef082576e56cabfea69f,465901eac71178541562656cff5949e8,-9,36.0,25.0,Active
666,fa8bf3cbef28fc0e54a285b0ecacc103,f34a03dcf79760922e323fa130fb69d1,-9,16.0,1.0,Active
667,faa8a65ed8209f26aec119dcb5e24e64,e2242d9dd1ba3b5b4cd2aac1635d2147,-9,6.0,0.0,Completed
668,fadef8f12ef481465fa0f5a03048afcb,0d2e3e63b1a221075e88258faddae969,-9,12.0,5.0,Active
669,fc5529727ea5ba50dd6b8e3a8a612f65,f29e99d80b65ac05a99e137021cf139b,-7,6.0,2.0,Active
670,fc6acb1685f8ab66ec89680e6ed95dd2,85bdc0921fb77a90ab9934fc394891fe,-9,36.0,33.0,Active
671,fd1c176dd1547450fde2d49fdd201d97,889f5adb2f7edebf5bbb7e0b9ac2a749,-9,36.0,29.0,Active
672,fd41c540e9f0d7a0ae59c70354eccaa7,8f89f6c7e3dfe796ed83acb9676cd112,-9,12.0,7.0,Active
673,fd471edeb71000825a5ca7a313c44b35,789be9df7b4186a736012a01189ecebf,-9,12.0,0.0,Completed
674,ffea57e3aeb8fb4b56880140a15442bf,5b2abcd105d9474a8ac914e2d9bb5b19,-9,36.0,16.0,Active
