reco_id_curr;target;urut
ef2e65ebc85f99b1b2ef0c228dc67054;0.744306267;1
9bd339cecf717bf387d0f442b0405943;0.934153898;2
c0cbb8633846a9ef574870868c521606;0.104562127;3
96ed0125bc0d46172ab477587feaa82c;0.017716484;4
b26312fc38117d24dfb34dd07521a79a;0.569145314;5
0dde4f06489f98551cebeed507aea149;0.328254596;6
3a8ac8822207484e6ba02356d89c9172;0.241019897;7
05be809badb3860017c64c5fded3acc6;0.744017806;8
eeee48eeb3cdcb8a048d3e846bcdb361;0.708044791;9
12035786f24b7013b1406e381ff8365e;0.453579839;10
5937dd6e1ef0a692f1d89bb65f63eb68;0.256400015;11
400d576900a28642626057a433e49864;0.60021454;12
79fe404074b4e05e622d7b5ceceafd2e;0.550129163;13
5c948596cbf9a5b85faf21ddcb64b1b2;0.063554813;14
d26fcc3e918ce0cb75aa5169624905b9;0.406504528;15
409fcc301d3d1b86028b5ccd94a65844;0.405557193;16
4b8068e769fd0d8cb246e1d0dc1c3dc9;0.623469971;17
a0086ce1bcc773c2c5b3162a75c13385;0.346267567;18
fe730a4c542b0f15f98433392f3b11b1;0.038500831;19
951cc306b3e90a203fa40bfee8f21345;0.47312326;20
447f4ac85613d3aa74cc959cda6b1e10;0.85405476;21
6a9dbd53f8da96e923856fc0ff210363;0.495625152;22
d6308c55430f4ae7732407e1ea0b530a;0.016825891;23
a5a66a73e3b1bbd90bf94760fe31ecda;0.898728153;24
4c649447db2fd7f8aea8bb4633f056e7;0.423689807;25
e9b87f858f90de07141712cdbd549eff;0.181623753;26
dca78b7d29fea82f2eebd4605434cbbb;0.150149003;27
d149b11950e5539f3e5c8ba0d9ea6fcf;0.388527706;28
e21fa7d52d6547ef73b0f5dfd473bc8e;0.903059697;29
80bcc98e6518754f58d9b13138996c78;0.672201664;30
dcdfa48a77fd3c4404df99fa246c851b;0.335386931;31
1c0c72ca96e372fc015772baf16baebb;0.274196304;32
ef9043f067e77448821392e08842c9a9;0.686092563;33
b3ce5e7523a930aae5049bfb37b08251;0.077663934;34
a57946db53cb831606cb5d7bd4719e6b;0.965521309;35
c3481894ab3564ad97f17e024205fd68;0.027924295;36
32e0a18fb35892a696a8c8f8fb791c77;0.497364067;37
049b8c570e6cc662b4a3d7e3c86e236f;0.926447525;38
659486a0486cadf55a9ab00ba57d4a49;0.449624108;39
28c48bc6b1dbef56040c017196eb7db2;0.212448009;40
d6b61b779d716b663ac4081ff80cdbd0;0.211938498;41
4467465d96ce3ef592d53888b9f29970;0.51987326;42
094485a038a5c33161589ad6c7bbc09a;0.707357366;43
87a65c7f6cd468077a130ac980618ace;0.676074354;44
d684b9d353e2635833ded72f35358d59;0.287089095;45
114c7b793d3e612078339cce82dd13a9;0.281536095;46
a613d20807ab1699d07446e7925e1d1e;0.751338131;47
f38a9c5eb2ff2d163aaa67977367c319;0.778179666;48
c7c6e10051d718f281e353bf6521058d;0.291370594;49
98ad7a07b2d2aadf89c1dfc3a9d2e82f;0.312042159;50
f4b43050d79b53e386a05eece036e66d;0.582317421;51
620e6cd3348baeab72c56c0629cdbe67;0.149602602;52
690c019cbb42195258b771cfceba298e;0.257939749;53
fc5529727ea5ba50dd6b8e3a8a612f65;0.186168788;54
352cc6d853ec8c8c49413e8a41c43332;0.697605422;55
31b0c499430f1f6826df8bc64acc8e26;0.393030156;56
2f7343fee67fdc03647b96d9bce33a1a;0.338348128;57
8e30429e45ca0c6376613084d7dbaffd;0.086953287;58
bf7927db9468ce785750628af6e17e1f;0.443846177;59
24191ae0e9ffed25b5c45dced9bebf68;0.663262613;60
010978c0f5f7acd0d3de5259b42d7efd;0.360585039;61
c846ed9207ac99f11fb1e70a54b60c47;0.323224001;62
05ccec356c25bddbacceeeeca6085201;0.561752275;63
c12b005fc781067fa48d7ba1ee3db39e;0.320769326;64
e305c96656327076dc69dfde0746e45b;0.77995101;65
deadc369fd97aa41acd7cad6971839e8;0.297337971;66
8a76956ff2689230eaecf5507c8d4ac0;0.276004013;67
5fbb217ec4488f5badfd9522537890f2;0.644097302;68
94ab5feb144cb16a58f1feb1fa6d930f;0.022522681;69
f7dee7091686c1ee8da6a2c40bf60f39;0.37618734;70
1c821f44bc215cbf9eaae4dbe88ac998;0.853882269;71
241ecd05d7332c5e684023de7591b5e9;0.747344983;72
1cb66602e4065387b643f6ab90001b47;0.645917684;73
35f95e27ab76f62e68e4224c85dfff15;0.70007983;74
a2133d7d2b6304e6c31eb5b1b8f84c06;0.166181373;75
fd471edeb71000825a5ca7a313c44b35;0.786271718;76
6cf2e0c33b40fb629e5d125db7d54263;0.304501618;77
36a927496bc0181fec94207ed1a24206;0.148299264;78
ce6ea5b5dc35124ab6b011ddf8481294;0.730606125;79
157a060eb21899e4c5ec415f3749dc66;0.752768543;80
fbe82c4fa52eccab470f74fbd581fda7;0.066190351;81
7963226580f4b70bff3bd057559027bc;0.000769084;82
f508d4fdccc9eae07fee84394e42c438;0.374754502;83
0dbd9edd3eca83e3785e13c50e4cb4e2;0.69897709;84
94e8d42b60bd99cbe04720c8a4c1a8a5;0.82038671;85
0bb7e7ccaa509253427b92d6b2e01e43;0.893445856;86
2367722b223808061d02588b4929c303;0.756617672;87
43be2885a580f00294b85f3160d4a7b9;0.762557391;88
ad9a7590335d28676953efa933a4938c;0.851455709;89
bc31a84fedbf8198e908f355ab9c0ee0;0.3665244;90
06e087dde5ec3aefb85823e7b3e7a52c;0.085504388;91
0cb7dc6e02adccc98ea54c7e8b2aae70;0.913187525;92
a352eba0e3afc1a26fdea9050362c0de;0.792911502;93
796e24aff967836463a37e0901c53e9e;0.294058174;94
7b7802520e17c16ba705dc4a248520f8;0.828909435;95
656053e043d18d97120aebbcd76caa3a;0.157357855;96
cfc2961a26784fcc6702c7a22243d21b;0.834631238;97
1200cc678dce697633576f9941994baa;0.139116598;98
71525a91a2b9b64f0105b7b7f531bd36;0.47363451;99
a9de4f0f8609682d611023419b097ed2;0.097254682;100
4db2aff91888b64ffde8ed54714d2d73;0.822931437;101
e442e75a1555d2ac5e4e649cb44e1be6;0.683476019;102
41c754b97cc34597b784d518d619e2f0;0.575060684;103
3f3e4ae5f54f69f6e812de801b587b79;0.625855556;104
041480730fefc966ff97b991bdb7da6c;0.241539791;105
588e9feaa2c792cc7c72e66c4b233353;0.077306309;106
a13cb2721941ece63dd674f0f9a9f361;0.52222721;107
01c401bb1b2ba502df5a854be02ea4e9;0.864265755;108
3de7a0eaf06ef59b5d48eb8692f991d7;0.393926333;109
c2bc4e61a746e5a76548e4020c4d7f63;0.001245803;110
2a97b7d5c2fba6d4158a549e1853cb9d;0.52647015;111
770513c1a4fb55757e6a779e78c93380;0.531800565;112
e92af4ca8326bbff83f09932f1719f41;0.79671227;113
8beb21c1764146298fbe21ab6b2370e5;0.204811787;114
ffea57e3aeb8fb4b56880140a15442bf;0.78353509;115
00bfd45acebcc9f1b5db49bc1ddc3195;0.295761751;116
cd19a908236ee2db82087eaa32d6bcdb;0.955293016;117
381f86c155f64ba4f83a5cfc6717aa1c;0.193540193;118
ad0b63a17349b3cda49165d4bfe8be27;0.560193568;119
c4a3cdfcabe87eb6332f16026b5b2ad1;0.73799755;120
d1761417186f13af13f4d0ece64d7d07;0.381328742;121
1fa57f437dc56a961ebab02ece89edbb;0.781651502;122
6e769938f3c9a6e04e7934084a7f8f55;0.049784464;123
be2a2f14f631147a3028b4027df3a43c;0.066949423;124
5d552ba0ba0a3501c5bbee0791580ac4;0.213789076;125
d2ad6a9bb9c7c2baaafff43f10b11c9f;0.803522618;126
bca5b7ab14741127f46e83f499c21ac3;0.542407087;127
644064c147afec625bd84bf7373ba88e;0.336343844;128
cf9e2a3b845f299e2d56f69dc8007826;0.861288065;129
118eb2d75caae1df444abd2dab63fa16;0.760228281;130
6b57dd921d4ec26895e9a2622fcee8ec;0.376510806;131
6569a2a0cbc2d64a1a28f952abad1d52;0.983473755;132
f707de591f20bb699ced2c4313631e4f;0.826016668;133
5c360d343f446e4d6b2032cc57d14265;0.131949451;134
94d4f63187dcffd46103b5969af6bb33;0.305082777;135
91451f432b07c8d8e42d8b23ed422d1e;0.602547119;136
54e01475556709a3f05c9e40e1e8b1fb;0.765082026;137
9ed1df541da62df8b008da66ff895004;0.098963807;138
df3d918432c88b5a530eefb4da7b8824;0.332481237;139
e081b02f9d46b7e6de60beb4742303c0;0.856000687;140
e7a6965ecf6cbf91843e2117c3737983;0.745700345;141
8a774f77da462626c5178f433d18991a;0.292118853;142
fa688bbb7ae841b2001e83629b16917f;0.882605885;143
4fdb98e4dfb9609e28c32aa9bb000791;0.570527525;144
a2b76475bd47b89eb24080946629ab30;0.483107358;145
eefed0b716efe55ac5de80f8c67869d1;0.86073162;146
d01b4b956174442c49cb78e542996ff3;0.664600051;147
2acf76c51c91516332802d5752b0f5db;0.672637003;148
cd3638b5409ddb9915e9d40d4ada003d;0.42467124;149
985fc1846c2959ca88f5ed5b3a9e2f6c;0.545594669;150
077a81f372fac3140c1b7cb8e62d7341;0.420892322;151
67f9d549ed3d2436b12de9712f044eda;0.790670985;152
b0655739fc54914bbdffec797bb93dd9;0.884004694;153
faa8a65ed8209f26aec119dcb5e24e64;0.120507315;154
3d203aba63594ee5cd07b9e8ff7959b6;0.628840791;155
d0d15b658c4c14e10658d6756adfdc5f;0.251667021;156
f8f80ed56b7d0b88d81bfddac6a135e2;0.533082343;157
0de9581c9037f50a115908a386d859fd;0.856395832;158
4e881799bcfaeb2369668860ea09068d;0.209029247;159
633376a8de8fa57789ed44aa6a39be6e;0.352455419;160
5e8eac2bd6dcbd164f827a1d432179fe;0.343304119;161
636b1b286a6dd5efc88fbb0ecd084287;0.696233138;162
7e6600e0e8623d774e0d321276a9af32;0.317427802;163
4af42f2538ae50c1ca0f101c6989b4fc;0.707403858;164
71b83ef83e54d77acc856d669322aaea;0.231566565;165
30f4041ac09693a98c8846c39cff88fd;0.73677067;166
ebd3a231e48fa64b7b0ebfc192e1b6c3;0.765888949;167
889fc1231012c7c91f58671f05349187;0.909479081;168
307e103c3ced15f0912eb5a1671a4a69;0.090280523;169
950460b21a449f00e2d26567470e8235;0.179669632;170
dd10e1d32c1ec48cd91d7735c6438821;0.704136525;171
b3b52858dbe9834ba149ff5a1af62e5c;0.945882058;172
5c49e68a6dace1b3e47e07215bf7a1d1;0.203297338;173
cfdfb5d614a94c8d1671763873f443b5;0.530722584;174
7a17f88a389093d6cd9f3893bbfc9caf;0.891312567;175
7465ce3457ff132842b3607c058bbe92;0.330456277;176
ae0927d7a1712312d12a25c018fd1676;0.154280176;177
c75edd72d9ac752bcb516a31ce8c9ed7;0.438817483;178
3a662fdea57be30fb9954bdd5815e156;0.698284428;179
0f42ec454759ab8a519fbea84fbf36ac;0.391034163;180
34e9132ebff7c81f6da69abbda63a534;0.041802524;181
0647803bd7b4b2cc1b26dc662e79b393;0.256288736;182
e6827a0e396e51ddf8df9e76d72d5847;0.076884301;183
b9dd021baeadd476a0fbda0d3ebe5c81;0.694975674;184
308d92a06ff426089b46741e2d7b208a;0.182847164;185
73d3b18a7222c6fdae78a94ee76f377f;0.435696765;186
c7f18738030d1fbea4d0b02ac4ea03e7;0.05110139;187
94b4fa21147ca93a95a19cd3abfd34bb;0.385948297;188
3b96837c422f611f8e977391ea333a4a;0.316310943;189
6da829fc1069a657d9d555f9b2d60906;0.236465323;190
b4dd56974416f81c5048d36199d07439;0.818394913;191
f926dd937bc72e6c9c1bf6e5efcc01b5;0.877641312;192
2a0031ab8059bcf501408ce0df280c95;0.156571361;193
61a1c6ace59631248e5eaf7974e95525;0.875953977;194
b3c32742863d77a8f5520b219bb12247;0.93958417;195
8dcd664dee6717f0ee981e1c53293bf3;0.73461333;196
4e2f3a7d60fc49e92674e2d6e919d0ed;0.072482332;197
5fd49384ff4d1126ba83df93491b6fcc;0.418193347;198
998d9f9c579873b1d738668122a52170;0.231511426;199
3b7c02d3515842fb554c1f0c2fce4a17;0.238676129;200
92b069542bae93a538e8b686eaef4b39;0.514498909;201
6b3819a325b751155e882225b5e85705;0.746689549;202
8aa6d8da22a168889f76c9a5a6e5fa84;0.071014709;203
2cfebe51f7eac87c9f7db8be500d8e06;0.599127856;204
e7717482d96589cb9deedda14b77bdd4;0.219597001;205
cee3d3926bb35a79816d975b2fb406a9;0.904483158;206
9bb7b6e9b59abecdb7bbd57bf1d8afad;0.102168418;207
16195f85ec92a01d0761508a210da8a9;0.063820455;208
088dc278eab35f98ff6f84cee77d3a07;0.9522172;209
e7c606624b060d4081a11d9b4c35a967;0.607956164;210
7a64c9aeec573125995206aaeaa96a00;0.002053933;211
c2ce80685871e85c7446880c30a7c824;0.236063266;212
80aaaa38b6eaafabed9bffed6ab15d5c;0.573908387;213
0425f3f25ffb223623b405ece63542ef;0.637568447;214
7867fa80a807943a8eab25cebf934e57;0.933032362;215
4fa9428be9a447865b02bf3740503ea0;0.161486537;216
6e6f615ec2b23686423a45867f798c46;0.612545691;217
e00fa87cabf8cb8a46fd640060f81d7a;0.479258838;218
957dd7b9b475816ab69d1678a5b41d8a;0.121336059;219
d539d28da5e37c2aa3ef9c4193d680bc;0.730257926;220
a9418d08cf70b3ab1559dd506d990b59;0.781336032;221
3ca9eb235037578e2df50f335eb50537;0.125137234;222
a5a79d55f7e76fdf3b81e0ea68cd39ba;0.826361998;223
321c516a63557cf106bc5b3cb84969cb;0.749278101;224
86ce8eeb7330fa0b9dda472f5c3bee8b;0.268634948;225
f917c8537396c9f56ecbf2b951c2c3c1;0.730562593;226
2514db4fab9d2e0488b00b1e0adb1911;0.038807643;227
ffacac7fa839da24e186a9a669566a86;0.593522207;228
505d64115daf761ed3d847f340440d62;0.749957361;229
87054b4ac02a16fecef0ad4d3840f3a0;0.014081944;230
ef422969e9635cc7064ff445d3d71f37;0.895124029;231
404ae212b304ba635800b0d620c946fd;0.469700732;232
decf1d7e0b283e741e8279eea115089d;0.961187437;233
08a5c05c0045975c907579f44aaf9a3a;0.640171236;234
4dd7f5fc616aeb0f5a0792a6332c3667;0.320389698;235
856d1fed817c47f7c074d0bfdd6c3656;0.16783043;236
6b136c4fc75d0061e2c4c7d863d343aa;0.921051602;237
c5e63c4b339649be97846c7ac2a208b3;0.730104232;238
33706818fc733919dafaa6f72969bfce;0.932679991;239
79491dfa5a504e7c94e876472d19196e;0.020085236;240
e9ea74d8a66f0bf1ee34e8d1a298d070;0.304809552;241
3456b5282091911d0b538195e5809284;0.638860801;242
32877bc9f7e1839794161db2bdb451cd;0.066033612;243
00d0ec0cf2dae0f8400870d580fa77d0;0.720268243;244
e7ea44f87dbcc0bd47f1a94c6a62153c;0.408081325;245
1c4aacf677578cfe11cfb1960f5f1af2;0.892729239;246
614ef150402ac35b9049b747c7ce8e59;0.727763513;247
eafbe9e1c794c1fdaffb331aa3f6d415;0.030010633;248
f688b83578f8e910b5e4c9488a071103;0.909491031;249
d2744fce0947cdf5b12c8c62b0d07be6;0.490166824;250
8cf12c3bc4172509bbe75dce42da160d;0.633897521;251
0b95764240f6140d035e81e2ad360f8d;0.679434493;252
938800089510dbd40fe715b2ad9af36c;0.956461528;253
d81704c1199b9bbda4e8d36cd2803247;0.171729535;254
5270d66d0b17e184d7e2aee6a478ec93;0.033837629;255
d247501af4d1d767583880a32daac640;0.2045777;256
756ec14796c631fa194bc1bd775ad8cc;0.21135215;257
93e6970fe1a62019a0df19b18aac2373;0.760010004;258
a61c12d28e616e2175f7244381a1b6da;0.829591804;259
0b65b1763162e05726a612f24b7ad762;0.717008086;260
ee989d0e35bef961651bcc1f969fade1;0.557301423;261
76c1aa4221cafe6efdc386cbd1d61cfd;0.522312261;262
7204d1ddcddc8e7103d7dc4f8010e404;0.469465432;263
c6224a3629fdde1d2bdce52a8327eb63;0.814669022;264
4d567ab8eacae2286e8ce74efe981094;0.618824378;265
0d5ea046db3b8f10b2f96420eb2b1f11;0.961940597;266
3aa8efdca16b5af26e65fdfcc5fdadf0;0.725323946;267
3a081145ce437de775c1ba64759c0555;0.884029264;268
e7fab2a65ea4bdd577ac461378b515ef;0.519513036;269
568aa0948e1a2dd0b4c3c75261c3d351;0.560914549;270
19e72a332b8e756de094d6028450ab6e;0.950768792;271
8a979ab2301aece6affd9ec568f654bf;0.295959069;272
371e0d8f498d25e364ecf514ba0c9a08;0.034618101;273
7ff5369c0071342b9ab78b32c015fd0b;0.636980527;274
731882677bab2bb98582c13646921ad9;0.080846182;275
9edb22282849ad34b4ed64671a1f14c5;0.96026964;276
2bdda295629cb7629c3cf44e5de0f8f3;0.072990873;277
788e5d0b7d1ee74170101de1d04b4e9b;0.246268348;278
c9f8eb8b7c1ff98c6a07d3c239262775;0.961162725;279
cdde066ff9ed2e97df8bfefa0a315c39;0.856876917;280
34c46d81b79e126a80e2372e476f5a40;0.468616101;281
4abb59c37016b0c8d03d03e27d054b9f;0.870507436;282
c56d1c2bc8fd3e7c49bb1cf08021203b;0.066647204;283
e829ef65c088b7eac63bc2e15d941765;0.979569837;284
0ce69fbef961141200691bfdb8ca0637;0.981330842;285
32328e85689483f3d609f156c3e196c0;0.355684225;286
dc36ec48e2d2b8a0322f538a907a206e;0.15464751;287
b427f4cb09d142aaa1572009ac6474c9;0.1225817;288
14d5cf3c7f903c6598b74e9d3f21fe52;0.532942505;289
64311b1c71374829bed63af81379ea99;0.527601952;290
da6b95eab22f57cbf8a8e00f4433bfb0;0.146573078;291
6f3bf52a8b8c5804570da9a84f8d694e;0.068134714;292
501a7af121df3eaca064cd09c7660d58;0.584231435;293
98111a81532e3003026e119076ffd0b9;0.120818031;294
a6ef47cabf39666b3d79ef441b573642;0.070053892;295
da97b556d19e0bfbcea9514e59c79d6f;0.335037049;296
0863d95ba6353c404f444c3b8a7f647b;0.487783153;297
88bc8e4c598d233294385b72836ab725;0.51692951;298
e87518db25dd34982e294c56bb386a0f;0.409954513;299
8da93ac8fa78837de261d64e3fded60d;0.965934753;300
68a758feff60c72edb33cd93e37d5e93;0.614161213;301
a432cabdf42cb196142d3a19301b657f;0.070795572;302
083155c5df33bf1a1046a30df91aee27;0.720753763;303
dd4117e7a774a4009d2b9c4150ef8c70;0.143661855;304
c7ae81a210bec7521b791e617c65baf3;0.199624685;305
38027ebd59e7c2614201a9ad29d91f33;0.845537382;306
3e7cafcc5e43bc59f37fbf4beefcff00;0.860175092;307
29f5717c676bea5c7ea94081517d4578;0.535125129;308
1a0e5521db24466f6f58ca30e29809b8;0.420991201;309
898aa5373689a55e126c8b12b2776707;0.828444194;310
ebf17a1243e41bd105242e46f7f90514;0.977673082;311
69c75daeb6e7cbf76a0f6b092e91fc58;0.535330577;312
3ad4e437ae8036b88d3bf830b4284a58;0.950852452;313
66c860ce4f62740e9559a45b112aa2dd;0.279786318;314
a64e327162b9d473ab68e6bcd468687b;0.876474237;315
7f0875e7be2b1446a8e117c8312365a6;0.682835405;316
82099d33d92441c5159d1aa3b70e9670;0.299719512;317
9ebe6b9bfd5720af1efb6f2fbfadf37c;0.851455977;318
e83956499f462faf1d65921e38773d93;0.247897401;319
1810d99e943d3bb8b95e4dde147cccd9;0.186068811;320
cee1d2f76b7d97f1ade1103c5fb9b9b2;0.086259974;321
31990084504a5b51a7f58c0ca538297e;0.397320455;322
4f21d6d0aef77fe61eaf268f818f0793;0.306607751;323
e7150a28e06267de0c8a0f4ee9a52fe4;0.280516059;324
dfdaf12d1ca985a462212f71dfc5fe5c;0.570882548;325
ce897200d1e228862aa24aa41c71effb;0.09374345;326
93b01e5ee2be710c6bc3ac49ada27c7b;0.249623572;327
a47976fc2c9c02e7bd963d022f080adb;0.645088332;328
777552b773a9efe4bc64cc5d6646c7eb;0.991324658;329
f9c6f657ab9bf1203c4a0c7cba775ee5;0.133324449;330
6fb51af069872e2bd7f387d65701aa63;0.643010737;331
8306bf8f0715996626ea94bea17af9c4;0.576655042;332
d3c2138dba0c41134090a149fb7c00d3;0.371533824;333
ded2ada63bcb57040db55f695bfc8052;0.405160984;334
d21c7a0b6f5d02da656399fe401afac4;0.758279895;335
342487b44b8d43382274596a64d66355;0.420325124;336
4d6cedf59eb4a7075cb8af7944a53da4;0.434896417;337
9e7d04fbbff07517b7b660c0434bac2c;0.112428956;338
dbc3dab081b079886318f02b7b6477c8;0.952340531;339
1e17eb97c94605707f03b33213ed6d2b;0.198823138;340
5f841258b21c3db026af9ef146a04fd2;0.905998594;341
a509b31205bc90e042a1d989670cd182;0.555458381;342
f34ab7e2d27243e158831817d947307f;0.14018999;343
1c50defefc8bd7ee3419060b0758549c;0.275964666;344
0fae01333a171889d09b5b7166e9d570;0.46621065;345
cbb8e190566b813cc0b190f3e6abbf2f;0.72131783;346
997f7e7989ed4ebf47ec45b062e05379;0.003374876;347
93d6944025bb905622431ed835dcebd8;0.544180523;348
6584711b664705631bd377da00919269;0.405556328;349
299cb3b49ec498bb7d62ac8d8559ece0;0.187882928;350
7b54ea5f62f1f77bddd2e3e0d74b45dd;0.446641275;351
2f176d5f29a35acd858aa5b3c5156415;0.641295592;352
40ef3180969b3d5dcd75b04e02b2aa0d;0.179946428;353
f808fb97e861ebb85808f92f42190196;0.373198467;354
0d587e194c2938fd65c57c709c05c09f;0.557388097;355
662d49fe5de425880368a5fd6694852a;0.757427241;356
9ab951b86ff2be62dab1951e82e821fe;0.883365264;357
e5cdaf84033e295836010d5d49970989;0.44822061;358
581cf727f46a742ba244beffbf4d81bf;0.853212347;359
48286e24643bcffbe5bf8999b648f8b9;0.125405077;360
67f25730fdf4c0022934f0e8fdd3fb15;0.615234839;361
ae4ff2b254129a81e8d1af31c6e7b73f;0.986196488;362
fd41c540e9f0d7a0ae59c70354eccaa7;0.846457988;363
a16d871d7261b7a59f654e178db8b3f4;0.333185979;364
9c2686eca29b14adc5444b50b5ad7406;0.151213237;365
7cfaf0f098878c968c5e05f17f374ebc;0.903799566;366
f0107d3c1e280de61b14d6d50a2b9c88;0.811949346;367
d521a075b964e28fc42add0041f71424;0.001673039;368
8ff19d967f321d434e09400f7020cd8f;0.117410141;369
7357537be5f66553349bdd8fa023c6c4;0.812038791;370
ddc5debd7089cc78def4196c7bd25ca7;0.445720501;371
ad30939eb122b3223aad8eab79ba393e;0.096096389;372
31df8ac36812112e6bc5ff0ad0daf847;0.61553671;373
de673d31baeae5f044e0e13816fd6646;0.466685967;374
aa387f7435fd0578a41e25489171fe5d;0.073039037;375
f499b43d193959c1d712a354256801da;0.516013212;376
50f961e939dfd45b2aa881a3a0cd0117;0.076975536;377
ea629760693451214f18bc940e89e849;0.430148457;378
b610fbab3038fc2dd6dbbb3744c77faa;0.139174504;379
4e4b7aef37d0086187f891ea388ed587;0.745881051;380
7af16d81adef2d991fc7ce1939faf0e7;0.561511853;381
f393f0d673698891ef7763e905345b21;0.324477675;382
db0d1c58363ba08f483d03d1c39a03ca;0.132782575;383
51dd4d27486e5fe8981c5660a53432ed;0.392062975;384
3ec088bc7e48f04b21042f5ebac190be;0.197019499;385
8ad79d2c4ee200fd0a3d7f750fcb400c;0.621593559;386
e4864988f651abdb700ad426e5cf9c5d;0.468385057;387
ed91770885b600fb22c627905d3a860b;0.170929133;388
0732e1a06fec41e6fb006b514781fc7f;0.212388392;389
6e7791237abaa6b9d4e2fe4932d969c7;0.211131913;390
ac84ff92e565adc298cbdf5efeb60b3f;0.20045967;391
511f5f6683ff5043cd1e8623722038be;0.728885807;392
6b8353b4c219ef9e4c39e9463eef20ef;0.089229797;393
a7647f339faac3a6ffb3cc5d713c0a14;0.987563769;394
39815ea971cc69deea65ce6908754a0f;0.91490824;395
2faff7b5d62106aa6101189d6e4c8eb6;0.040669808;396
b33debd73dae52336b6fb672bf82a928;0.628155988;397
0280b160fe08eadca024403914c48d10;0.145858307;398
4760d9b7c6690a95d9456045b26ae342;0.962663855;399
e6b8c0c02254f953c421e80c7d2be7a4;0.163781338;400
9a5c01e841b908333b2869e447d7b351;0.692228521;401
07ce1ea0f4480f2bd559ae1a73d44cd0;0.507766623;402
ce93ebb3de877c50228ea8f0409a4081;0.807986026;403
f86e7878219220cf0a5e09f0119a3209;0.11702792;404
863a3890970f38d4426b8cac9b27caf2;0.682042805;405
47b92dee8f828fbdb557a4f12308816f;0.345057343;406
00364277ca56477eb2083f8982d74fac;0.353984685;407
a430ab92b1d9e2a24d29bc8c04369340;0.901871812;408
82f854aea20af97ab8498c5a85dca47b;0.510927956;409
b5311d386a4c78d0356dc9e84128f49d;0.406498537;410
f2295dde7c64a127962f6834ca205dad;0.036747551;411
9b3909eac311a43f77fe0d5ef5c49523;0.691983749;412
23bc08d31a79b73f6b2579dd19ab1156;0.061669309;413
b77c210e6084ab9778fecab729883438;0.935674182;414
692a8b41eb3f461ea72edc030a015f80;0.305075469;415
b5e3a2bd4b6de6e5b720a0d06e8da876;0.506847039;416
882daf577f9f81c01fbb0e0cdeac6088;0.211103092;417
0ddb3d960b0e190ccf2fb4eb9f5c0a72;0.254731514;418
d64af71e5ebe2156398c15c0542eddbd;0.782235912;419
9028888786bf8326ac893429b4ee0438;0.42782431;420
26cfcb1d2c6c72cc1026f0588ff5c8f0;0.61145483;421
dd95667515aadd8a4a1d4b9de1df8a82;0.668447102;422
326c6abd468c2375705c24473add4324;0.798510598;423
d81ccbeae3589c994e0406d325d1ffd2;0.275964705;424
3ffda794dff3e14a199cabe207ee82f7;0.562726526;425
1b5d7c958444ceb330a87b69bacbd73c;0.392146577;426
80431a4a62400627f9806f4b9db79fc4;0.543309857;427
1629407efc0637e8fa5f88911d7da10a;0.117780645;428
edc0d791d25b261e2e1aa429597f1455;0.27740536;429
47947f015aba77c56ddbc94d098c4dc2;0.993903052;430
84c409bf661b59cefe37b1534171d55b;0.057452126;431
ec43dc5db4ee3e70751f269b6688cfcd;0.94100347;432
025f1481c43ead8e5bdd7c8dba12bcc4;0.419527819;433
48da72657660d55b0b569a9535cb6991;0.301267863;434
49040d906f98d880d95b96551a5f5178;0.394005928;435
9b95eb07215d6eb0a3645aaa6b9d04d6;0.030457439;436
73040c4a422e407836ddc31b2d7e5658;0.581259568;437
2bef22f993a5dd2f34934d88757c6558;0.579097901;438
194edf3caad053a690a6152bfea06c43;0.866687341;439
6413d56e6bf365c98460b7e31e8c412d;0.59654863;440
6cd061ab037678edeec3779b3f466027;0.170768823;441
e0935056f2ef0fc328d44ab74137b46f;0.436175825;442
a28e025b48617e0518006eabc13892e4;0.509981159;443
0c1d4f02a0e208eb32f317376071eb5d;0.596657148;444
228d50cf889843db531401a28fb41aaf;0.222699137;445
a376b9aaca73fb0b6701bb59b70d0c61;0.519782406;446
0311008c74fa311e415df28b349e539b;0.28805048;447
f74cc5c4bc3ae4b7dc47236cb57eeb51;0.351875573;448
60e6d2247dce0d67231dbd1d947e09d7;0.997065304;449
8877984a63c9640ad6a4dec3ef934719;0.267318843;450
c08a238d5725a3a5f56aced0c90eb728;0.163177308;451
ce473b492f7bc9dd76ba7e3009609ad9;0.284124735;452
0853dffe024e88e74728ab1fec543c86;0.163551858;453
478bca4c35ccc8d159f5dd44187ffe8e;0.017893307;454
53eac3b92eb64bd68b34167d8b3a87d8;0.466906444;455
73ed7df79781a75b16431fc4c9dd50e9;0.075314782;456
5d26475ba5fe8f66aa9e9eac60cd3bb3;0.774527091;457
34e0bd73817d2f41c8899a02a34fe968;0.678402324;458
4efb606febfdf7de93ae160f3580a9b5;0.904715761;459
e79c0cfcced00370ceca615b0797abcd;0.331825015;460
54171be1785d22bc4a4875d47f12d0ea;0.478081467;461
5ee3b9b440bd12b0420a8ee6f3634c74;0.614429579;462
474e69da1d341262cb3c9363e974ee5e;0.803650971;463
4c3be92432f361d32353b406944a7898;0.938468856;464
acfc868f2cb6acc2332d03f20fe419a9;0.974186641;465
c10e448ee3d836a06267f606a23f65a6;0.893280509;466
fb8d6b8e7ff86c032ed88b06c24026a5;0.479054171;467
4eb07a22fb41d988c0a9e5b7445c434d;0.2902567;468
3a3c1501de9bcdbe76cb3a4280ea2820;0.483028916;469
5e0f6abe60a3667a4c38c00de242aee7;0.658480031;470
1ee9356465aa29da4d4d18c6dc9ace2d;0.563564899;471
b2a9375cec7462c8dc0d1c7b898e0225;0.790613507;472
02e7010fd5a4a376b7edfdf66821efad;0.429918308;473
361d9a0193b6595aa304eb27951aa1b9;0.769343175;474
c03a140191745565ea0feafebf23b1ac;0.994805327;475
a78b62df18d94e8b935aec3de0c6b2a7;0.424254281;476
1ad9e9e936ec937ec6d3a5d8e467a449;0.158393794;477
489d2bf61d6eecaadf12ea9394d8727c;0.529505695;478
c8acc9847dad346bf4f8920058f51bcb;0.910529213;479
d54e09522bdd17dfc581b4382cb45324;0.072562039;480
dd8d3b5e02ea236cc1a4e07d7b97263d;0.371615578;481
85006c38d17027b60790680fc36bcfa4;0.490398817;482
3bbbd9e7ff603cd1d6b1d3f836a675a4;0.224341999;483
329bdb3db756b841ed8061177be19c81;0.770525425;484
16f9f3a68b8101ed87d1f1e1bb3443ce;0.729382701;485
6ee039aafbf37a660abdcbd040df1b59;0.967605517;486
89d20c7d58d61f169011c83b3f53e705;0.595005636;487
f3331879cd9310317628d6ed401a01b9;0.418866987;488
55d15bceb78f04f5162899e4de20154e;0.684802922;489
ba08da773d073d5a8f6a6579c828764c;0.727417402;490
01929ebeb3bc5a91f31653b1e7b74285;0.253073916;491
70acc46717e2935abf9b74d4af48886f;0.509902738;492
0210bbb319b71f478fb04b7cec0c5e86;0.269123623;493
8637a3cb38a8e15a88b107262ace416f;0.728722895;494
db8ba57ab6fe9714fb024b61bca93df8;0.359163756;495
eab89e853e009e1615ec6fa2115563a0;0.866678714;496
7db0de1a11205daeaa504a93b478db0d;0.306657157;497
3e70173efe9c65dd0e17e5f347c2d6bf;0.240036375;498
06bb3ea806d6c844a3b3d5d20003ba87;0.249276299;499
6cf4712627c8ab2f843ce2005bdc7b29;0.832756475;500
99fd9a6311a1e8b5e67d54860d5f20db;0.138626879;501
8f65813ba22754d899e7e8ead1c2c895;0.232784216;502
9c91865ac46e35abc90a3de2927a67ac;0.922659584;503
37c98c11995eaea83b84e19c93d6993a;0.266307187;504
079f91b0173f1bcaadb4d700b47f2479;0.22860922;505
84642c0e4bdc2f34c4ba1fca7c0937ae;0.778627631;506
c568390c8c8d856e0a903b93be2f4d19;0.674275205;507
e3cb0afe3dbb0c8e27ff88a8af23e725;0.393661959;508
dc0403d1b4a61aec259859dfe7690a13;0.002884087;509
ccb9465af57da7332260256d413babda;0.51337887;510
f3606b37867871248b3a493f61144072;0.155200687;511
6113afa9fec42eeb5e55875608df4e74;0.679402997;512
bb744e091d456d79640ec2b1864ee367;0.879432751;513
2aa4e0e580b3d1fce3b7678597f10393;0.8555003;514
6f240e65ad55d4819daa14cd7e45b868;0.895930621;515
9725cdb75f0f3ef895840137ae448f2d;0.063839006;516
89f87221f2fa5f284eea9c84efff08ab;0.2691784;517
8e7761d5caded5cade8a4398b8d5f8d2;0.963763199;518
0055426e95f4beecb4540bc7f24c1909;0.924981627;519
2756f00c7b6293ed91c8cbeea5c7f7e5;0.458344123;520
150f2188809c048204a0a83f51d3a79f;0.610803803;521
717ce86780752edc1680a9748ecb6f65;0.285550968;522
c24f605f778d049fc38aedae18609eb2;0.063639849;523
539d5f646c9f7a68852d84742e6921aa;0.611338747;524
17d81051c8448e7a41c84369bab39f49;0.687813753;525
e6844dd3318429677e4f34e369d2143b;0.680107234;526
f2a37ae801e606a80e7604f3c66dad51;0.011817135;527
4bb96041af9e0dc9d087638034de013f;0.179566233;528
d934ba6b0919a741330c16c12df56dc9;0.825507853;529
4290302b0c0dd0596b3f043d92bc0bcd;0.584398599;530
ad6e30fabfe11ba7c05635d43447459d;0.627446283;531
20a4ad26d1f90ec2c9765c51cac2e293;0.689057246;532
90911e5a940c790572feb260239329d0;0.368471815;533
d8eeca86d82d92aba518aae24e24496a;0.453305367;534
ec7b70e7913305072cb8c8e4a717f5e6;0.474100266;535
22e2fc3e5d84e72b8d6bbf303e8ac945;0.011956646;536
59db3c7c3d94539627efafc47364a54c;0.191787415;537
cb66c0269a7f5cf3cdf553fae96d7caf;0.987754266;538
56423cb24f17f8cb6dec275dcf5d4474;0.060960736;539
6c3958e29b0862f9e20fbd3d69109a3d;0.547573499;540
d551bb4d0927ddcba31e042d93ebf572;0.153680606;541
d2a4d517979835608abac9ea661005ab;0.94674057;542
625a4a42dc1613779d231cccd9e78d4b;0.641958656;543
42a637e2e99aa727e9982911fe1b79f6;0.09600208;544
591622c170e93b66e0d03759d6138f72;0.494723624;545
4194cbab79a38639abee16109818e699;0.246515241;546
702b13ce70bc8dc7b954c26ef2418c9c;0.966884159;547
a1c3828adac90063019ce2a841744e9e;0.326001003;548
764414045f332e127eb5849a15a35cae;0.888088965;549
f76ab7ed77bf49c3399727af0478e313;0.155865247;550
e5cd103fecd8e4310c011c005f807fe2;0.294119191;551
1765a046b4802640e2f8336d2a3aa581;0.119114748;552
4d3fbc6acb1b2b88d14782761d1715f3;0.827735401;553
1d3071c8a067fc302c4937f9a19d6bb9;0.314211289;554
374871419b1b9f8d8028012bb9bd14d3;0.355195871;555
da81fe94c30a6eb26ed48c083014079f;0.272364148;556
98eef17111ad0dcc782d7c540b839cf4;0.394812158;557
a4663378110b2e4ccebbd8e0a673ea26;0.535639467;558
849c3998f6425f2b04bfdaf2ea41ce45;0.281476455;559
95daf171b82377b77f7887c16fa0e188;0.833283656;560
af5614b5e703537ded601696cee07d8f;0.691572322;561
132374eac680383ca7557491e3174d4b;0.938093097;562
285cb502a60bee8dc65f748bac3b866a;0.269788652;563
bbc68c5e1fd558e84e4525d2998fa375;0.894250686;564
87f97138598cf1000d697c23fcff0159;0.709898596;565
f5f06f7e3057ef8a6220b9810bb49c29;0.82609098;566
7f7c770fc4859526fd2c56b3cb5de73d;0.58040609;567
f8d01045d55b9dc81952ad016821bbf5;0.462080931;568
7d1fdfc85a38a4ea03ea03f85f4710ac;0.792510054;569
0e97e6f344f9103d117ec4f9f40ca670;0.914444581;570
568d4feda908b78e737c0d3e8cfdfe2c;0.751173905;571
4ffe6b3b88cf16646416cee6bfdd4040;0.275216626;572
096307f3174f490fd4c2ba8179b57c5e;0.485137443;573
7292959d0ea637958f0c245e61f3bcf2;0.059483865;574
e94935bf0c03b7cb66154b81c3a8bdc5;0.645320898;575
797af7dc2aa999b44515b8690288a110;0.874261715;576
03f016203ef91aac9872c76ed3d58a73;0.816198031;577
7c0993bbc3483abb15546fedc1fd8d29;0.293924944;578
5457f180f783eca01fb8d9d101410533;0.192856556;579
74dfebff85d36ec099ddec7f6711add9;0.888905487;580
83881888fcff8e34bc54df87b0bdee7e;0.354709558;581
67e07057dffff3bf67a60c2ad30ded4a;0.251567208;582
05d0c252da9c5202672fe372a1894ade;0.156933775;583
0300de78b4572cf2474d73c9f677d509;0.552370646;584
388607422ad5f94f5f8c087b4cbf8140;0.348810373;585
7115703793e536070cba65f37eea393c;0.259178569;586
23286291fe49143112b63f52c2f6c23a;0.775510787;587
42263c6de33db8886b79b89134fd3abd;0.265262293;588
a8e225f1840857587f0a8c376803baad;0.609345766;589
cdb7e38db356ab50ea8aafe200cd0546;0.414368403;590
7cc06d1117c60d0668d0f26ddec061f2;0.329187105;591
668469a0eda74a4b2fc7c1fb65674c45;0.352385422;592
aa1623c409caeef94a84692f4dbecd1d;0.88154353;593
754d964198b4d7335a2aab88868edd31;0.211969837;594
7d16ac3d10e461a6a210ce1ec90ced0b;0.168947672;595
493b9da2fdf23ad30acd63ade0395fdc;0.172785376;596
0732722f0d4399083c0a1b8d05cea31e;0.023601548;597
084598ae326866741065c98a226b0374;0.531417011;598
61cd0da9cef8de7f8ea2194f679e5de1;0.642937859;599
91af251207f880c7e95e95cac6346713;0.267686638;600
649468622f9e1eff8d10b3ae517d7ec6;0.210706647;601
3bb469785f767b85124af0a360f9c126;0.622650858;602
ab3f1edba4c42e1b3945b4174d379977;0.86498233;603
b917cbfbe99564a26c7b2dee4de31ea7;0.178807082;604
582ac657ec9d2872190f305a16594b48;0.759426664;605
15b926207df9d1f93fb6bc2484a21f1e;0.22805332;606
bc6dca837508a733c58a32504a678811;0.800657385;607
315cffb2167255c466ebff6501d808ce;0.537606946;608
c60c796826effb1cd1cd7cdda2542678;0.078126643;609
e3c7f3e2e47edf46e1f9ba5855259ba5;0.093237101;610
f6f40249f79c4e4cd58c2327fd830777;0.0637336;611
871c87a0e5d5ba60234e254c8cfe62b9;0.987185408;612
86342e3d6b38d2b24cac6c52245dbd84;0.304406314;613
e7c40f8602fc50e14f44faafb9a1c638;0.497258983;614
583bbb91864b26d6bd18ef3c62a5eeea;0.327034049;615
e492b13d741b0d2c358125a59c1eb845;0.48564767;616
4421c892979622bc63605f1e870fa19c;0.19268002;617
bf3dcde1535cfbf347cef3721caae365;0.233777173;618
17cefda3639b47a724f51016319b911d;0.49001239;619
b892e924f537fb587e3d374833f82d82;0.285581564;620
7cc0fc5c09ffaec1b5162b87d2d32467;0.948679122;621
4b96191ae21232ee86d3b6bea3067ec4;0.030370353;622
2ac84171f091ba751ebc51b7cd9afad1;0.595635093;623
7d839f278639a38b2ba83ad67ab836a2;0.240474844;624
034644b950c6bc1f2a61eae2b112abdc;0.671663496;625
c7254f57bf1a5bbd7a2c2b987130bd28;0.266112558;626
96eb59ca52419629201350e93dc0c118;0.015488278;627
202db783d6d2b93e35adfafb2c0ed43f;0.455069833;628
7507f8e478388663d8cd6eca517377b9;0.76934696;629
f096486de662bdcca775efba905ca009;0.539781775;630
514ee3dbfcf30e6280f4a16f8a1c40be;0.102652077;631
27d6d8848740725c87e514b73530dce7;0.12624587;632
71313ae584c4aae92d78c7a98cf114d5;0.444120386;633
3cab81b91e62944b5903213c350f9e4d;0.978958737;634
d95469cbfd173a6ffa8904e1014194ae;0.962131096;635
178c95954d1f0038ea7de6253afb00d1;0.179471182;636
7742e96249b20258c19108067f523662;0.326301612;637
13f059b30c9412bf4278337b23941e91;0.770181157;638
6e48d983fbd2d67fab63fd23e37f0676;0.283929027;639
84a7e709f38ebfb7ab62bdfee9a7792f;0.587651155;640
3b7c859bed08a46c5637dc47550ad037;0.102167057;641
cca33ed60625aeff9218f5d49dcb3eaf;0.641751256;642
6f212ef0534f4f25794cb04c1b1c404f;0.226275766;643
9aa2287a970217506aa0d447c4f058e8;0.824759299;644
31da88dafcd09e7e82bdc76b7824d225;0.396493891;645
6531248edc3006c31d7f71194f1f4908;0.015412216;646
07f4ffb6637a6d6ba1f2b10bd1642b8d;0.936951283;647
11acb0ce6060d4bf01ce5995bf19349f;0.094025782;648
04bedcfc9949ae34722228f67b4d11cc;0.458957817;649
6faafad30724fc13d94e384166ffd9f0;0.961622976;650
2b47a8e9d17f31eb2051f83554ac1291;0.973179709;651
d188d0d367a6f55a620f7cd324d8783b;0.22028519;652
ddcdddf699a0fed97a3e72953207bf33;0.040625262;653
de33295f7585c5a148ff012b01ff242f;0.449875672;654
9e02424bbff96b3b55704a3a88a702b2;0.300883874;655
8095e640b1088676e43264eb470b4806;0.127925136;656
059dcd774db63a11df3c854dcb5c0a8d;0.322986012;657
6d1d4d5afd3273b9be83caf626ffd42d;0.19719632;658
e03659c194480f25d94aee7d7cb011e0;0.055655553;659
400439aa031dfb48abadf0a9668096b2;0.402900399;660
b2e59936466baaaddb1f92040c0846a4;0.285245361;661
2b6b5dab35b15e94ad7e0aec8e38a1b8;0.182430027;662
eeebb83818b1b5dd82371898114bb5ae;0.790649448;663
368a8a42bf5659c6369f431f6c9119b0;0.121267737;664
ef8f9b92c57885eb629974d07d7d60a8;0.631329615;665
f7825cc89df0a3665baddede33a196f0;0.303296473;666
a013830584d9a97153fd702c6bb7d15e;0.185609283;667
f20d477bfa9a0b62ba439e97d84bd3ba;0.016635156;668
3b13b0f44ffa8f05761215809467f87f;0.702554968;669
a19127c48e02c6c2d16a328f5cb38c1d;0.587529229;670
f88a4b0d917a11f21c4ff171dca3325a;0.1330275;671
45533cebbc72923a43dfc7fe4db365de;0.62577811;672
10577884113ae5437b8fcff9cc396a22;0.669647603;673
a2d05f5b3fd9b13a7e2384bd34f6e883;0.393215847;674
6ef70fbb4d46a9db2c193c7154dd3658;0.29837965;675
e87547d3d84bb774879b99ef08608373;0.184972207;676
a7b43f296721b543456688e42c3942b9;0.330947455;677
6c30a19536f15b63fda108912ecefea0;0.071379893;678
68877e110a3366555fc5ff0d286b7314;0.742713521;679
4c060e6ad8250ace0ee4f19d16f455e7;0.748795284;680
8b915efb2f78370333ac50e9f6fda2fa;0.631224848;681
d49af2320ef6bc376b0e289a6f9b1cd1;0.347820513;682
61522aeff59e940a0f2870fd15175296;0.795003457;683
589219d7c8d446569488d4b734ed988d;0.095956066;684
d79d88e9a548bb022a87abed288184a4;0.376885178;685
7002be775308c0b30b39d7683261a64e;0.855640655;686
d77be0164724055a37434b2d3cdac42f;0.628764357;687
1847d3ff22c6d88ad2a047c90bfa5ed8;0.35305005;688
a5abbaf6300c257f10cb4e8ee112df65;0.838673511;689
425064fd36b572ae1cc755e3cf7dccf6;0.861245952;690
d4828708b50b1ddbfbd546384eb34fd1;0.26123315;691
809c981019957cebf4011291213b6c51;0.092131004;692
6dd64a275082c315136e2a20b92317b6;0.118698607;693
4f02033b3a79abe37a7f53dbb7bbb1e9;0.474743445;694
5ede14a7cecc91904a9127aedf976388;0.589907113;695
872ddb5bcc4dff4db42fd5be7a1e3b65;0.887281277;696
15fb0e5aed46fa67bddca3c41ab71756;0.886068744;697
6a42dff5a40ebb219444e170cf6ff31a;0.37423084;698
1e50496fce19e5c151fcc277577f8964;0.708285466;699
a4d25f59c5b01b47a4ea39c3855796b1;0.547111401;700
1be0b9c7abc002a74c2a56b59234ea52;0.870442369;701
dcc051d1011c325c3961ddd202062d7f;0.79580353;702
f2bfd6ce994f398490280959b4a3c864;0.438502297;703
dc52d8959b54b878415896a44cc066ca;0.895941994;704
295193214080af8c41ede9c9526a423d;0.313999193;705
422049f3fbb69a612fdb5179aefd420c;0.255034657;706
1d45634c714d657fa1335763382a83ab;0.954739333;707
4f30e41e37e1fd93eef8cdf97db6fa1a;0.616828293;708
b8b9444f35421fb4d895237081126193;0.427550644;709
7be482781f6e8737d77fd8760de2598f;0.828868373;710
77463bef8ba225d91c5b53227c90a67c;0.95715044;711
534a8b886f4caf633c14b5d6839f5673;0.945908404;712
6ef45a36b22882e3483886d91c2cd29e;0.830911431;713
4ef9f81fa1f33fbc23faba6db400a141;0.472951189;714
a98be5bb455d27265db5fb0937babbeb;0.739800753;715
c1826f645364e717b4f000e627703866;0.409238482;716
3c3039ee651de4bb59c1d1066cee3f6b;0.16449283;717
08faa80afe6390db4d1a356c80801083;0.059355734;718
5cd22687c3da6f30729e75f8e40d4098;0.405188479;719
76e4d9c9ad46e2ac78a80289f92bdf54;0.101559293;720
40581caef449e861a9f816261332162d;0.261416749;721
7d0afe114ecfe61a0ca83cdcc008f0dd;0.461879458;722
e00f8aac3f5775381cef3bb1f0cba5cd;0.231841404;723
ea19111ca4de0229181e889474a6e461;0.574109977;724
a2a0a8d6de47a22393549fd7a2031794;0.862415275;725
58eb9a9d74dffeb6ac7885c8c5505f83;0.747476832;726
f2cc6655b32331112521e0ec16ad12bc;0.155272327;727
4cb9157cd031e272f52ed8fafb84119e;0.114028245;728
5295def30fe3251c8cee5fa93b3932da;0.153914404;729
e0e373f48377d83ca08f8e7ff9225c92;0.2155608;730
557f5a9daed8851bff1f36b4425804a8;0.065631996;731
adb4efe1e4c6d950eea39cc88a60a7b5;0.632962841;732
b5f4b0c1dee1ab92cd539621a4b8b5a2;0.288653493;733
46c4d97c7f84faabe299350cb33f6e4d;0.324369024;734
2ccf731c402b81796327fb7a4c5cd943;0.4198162;735
bf075016082b32d6998123865d5a7880;0.612354103;736
ee39d656c3ee5dae4102c1b29fa6bd12;0.608034653;737
74743899a998438d7d8d6e5356c18035;0.096199512;738
d952a1fac5df5d7aee1eb97c2ce30fb5;0.912293745;739
eaa282fc78d9423effdeefcbe3f3d996;0.178369698;740
05b99e488ef72ee2a1977766c3a55802;0.169315444;741
3f299516b1a803afbd082cb20dafbcc3;0.152765341;742
a8d6c5f168912f0589a69172b9e2df4e;0.928003482;743
4a24f609d9b51d5470c74c0631497ad4;0.589296463;744
4a8a4b6649c8cc77a9293d1a71eb2edb;0.774759485;745
7a80d7cd89b7e5378e29ea8d624c392f;0.668684843;746
d7a7ad963622e3cdaa3c9a6205d766df;0.16180387;747
a8572a0a8de7d0652a40f08ad56f9b28;0.284732525;748
0b97302e25b0663b527ba0a87a3e40df;0.50006218;749
39459c44e56dce6b5c356d49ec8005ca;0.826184358;750
4840396238031bc3de71438b5d81c925;0.534753123;751
abe31e66d3be58d216ef56c3cce93f91;0.747293214;752
f21af4e835669f4998c642d67d0379fa;0.228823767;753
b6d8544d4c4b6c032f7d3ba5c14c0396;0.156076766;754
d5eeff3512c6999d0d6ab565a0732f88;0.915768323;755
8732de0e389bca3e5d65bdcc2a738d90;0.669464643;756
8254fe9dbab22e62652cdfb1ecc3b861;0.481236263;757
b74651952ecaba8ceb5aed4af92570f4;0.607184394;758
482914ce8e39dafbf608885a3e393e03;0.945342524;759
a827398810a0193271ddf989068d9fc0;0.886326243;760
8a85025c71cecad9b853022501f3a4d9;0.100920178;761
5d2a49a658f97c1d20b71cbbc809d9f1;0.595070688;762
b4ae766b4164421e68c65e5eda124086;0.964418376;763
f210ebe710069528d1aff9f81a0050c2;0.735340767;764
fd1c176dd1547450fde2d49fdd201d97;0.944021981;765
67ebf16dca98c01f57f5f949700722d8;0.58575746;766
eda2191528b0006df3186e03b2b0a0ac;0.385719071;767
f3fd63f3c9cc9f7e930ae4e8c12221b0;0.523518021;768
abc3b7349101258157a82bd9c4426268;0.08231476;769
a0c4f24a940e2fe01cafb2ec60d51d6c;0.08547361;770
a622db6294697c80de8625b7e219c673;0.82891516;771
056367aba20a41f67e1ff6af67a1a323;0.82328531;772
9f4ff82b413d2f13174701212b89cbe2;0.735277662;773
d8a8556e9a74d04383993c89b5aa7056;0.547467239;774
7c7a79015601a4d328502fda8ed1578b;0.990771313;775
ee7c60631326f97b4e86465b9d345fe3;0.384470545;776
20ab4eb5e505267e8d50857fd358cdcb;0.224551954;777
7df48237e498e68511b3b459a2b6c641;0.687605346;778
dff8b218d6756835417e26e39a065e55;0.879062078;779
f3b58151ce0d700788323b2b2ca9d1b9;0.850470869;780
cbe53bfe978450dd2bcbc6e560649bcf;0.02029544;781
25d83fed62457583b5b5388a78cb210a;0.671322298;782
e77b966e10bf23160055604df6dec390;0.626731383;783
108a51ab7848e734dda43115cf3e7d5c;0.806766218;784
b71e7b479ca5de9e554e2f01d62da818;0.426305364;785
3a73c1d7df6ba53cef5fbc090d6995c0;0.282878347;786
fb8382d535b7cf5ebfdf64f067c505d1;0.892120578;787
da54417610906be4ef1e211af8a7ba76;0.937084828;788
808cb09dbdd584f092ed3902bc99dd41;0.67107909;789
36c69d1283a71ce635b3cdf3a4763853;0.485866711;790
8f5286e7701b670d6841c89a5721851e;0.469921723;791
4d10b7b0ff7f5d4654c0a6d25661a19f;0.638573354;792
aa206c16e8139512894cc78c298ca9f6;0.527539004;793
f09ab8cd0dadaaf02cd6ff0c436aa30b;0.837039562;794
267ff8f6133bd1f31a8018b47165a166;0.477225282;795
eaaff3d2cf6a125466d01f2910a9ae3b;0.012917679;796
fac9d9431c2777b6c2dfbfdbc14d8149;0.135366705;797
6a43e8452cf33b7e0a8971d1dbc19668;0.274830655;798
83ab7c5fdcf105f83f943670fe099dc3;0.647870035;799
070afcc94498161b2acd32a76f2550c6;0.290722055;800
ea93e4761aec6e2f35818f2292f0f3c3;0.481480494;801
bec10049923a0bb209a2044d06a96e86;0.881575763;802
78f451b98a16131ace4caddbbc69f605;0.449856979;803
ecbabd5c1308c18cf21b554d19511a6f;0.64830744;804
3ae60bc1dc928760977f3e3237a5b65a;0.887418317;805
af3fcd274d92eb524fdd391ef70fcdfe;0.915729554;806
a1c2c0ff4b4ee2718ef52aa4fa57a3fe;0.167221977;807
88b0e84306fe209e0f67fd9b746cb9f3;0.42119934;808
7259658325adfb5ea49255564d664076;0.941867711;809
0c3b678291dd2af843e65290d79416e3;0.723176343;810
523777eba1af0a28c869860154094967;0.591366168;811
9eb570f70c59add1dbcb0f41d92a7d37;0.820731078;812
2d9c2484d50d1ce59a6ac063a22c5a92;0.603798087;813
70620f28d915dca9ac039c4904ac7d8e;0.529866557;814
6b2058d0d1c764b74f59c20ad708fb87;0.337740728;815
814dc9e8c001b93d6f25a8b4f3f5e40e;0.457027033;816
553cd8ef250e734ef11d2e1b549c68e8;0.930276277;817
20a3872a1e5583475a5cfec6770d3682;0.019813425;818
f2a0c643b40afb450c9146ccb1c39c64;0.224183725;819
424ef148c0987027507ea33e2290d3bb;0.141233955;820
a77858723128f0ca3e4eeb78bfc09f04;0.805225231;821
e7b5ee5bd9176199812b55f6f4b7bbae;0.203173415;822
10e62dd33b2b3c9f6e695ac63c7a4216;0.050500471;823
74444af26e6b2504fc0069beca54d916;0.967463937;824
d7015ce20e9b938a0888c678b1a76eda;0.148624997;825
35a611adb36591adca5d5f0376c223f4;0.261596666;826
dc8ba115a9bb073c95dac806bb891eaa;0.857306338;827
2bd05f7eb354d2785474b3a09c83cc44;0.033197904;828
34547c7a979fee1f49870a6b2c131bea;0.979465984;829
baa10239637f21a70b5ad97c2958b981;0.623117378;830
476ac80a7c7d3333616c4062bcb5c8b6;0.082782099;831
07f9f117e106b34106032b7d8448a07a;0.906023806;832
bef48095946f7f813d22075884f9b538;0.988812539;833
301d80406a2e4fd8e8f89788ac22f1b7;0.524120387;834
199dc3697cbbe044999fe18b63c8fc49;0.581771598;835
761c1802c518094e054cea5677a107ac;0.383852974;836
f810cd5fce2258332616ad1d501f1029;0.779014265;837
c71b9b8b8b3be49447601a4a734043c0;0.523539132;838
59496b34839fa7f29e619e64b525766a;0.794504438;839
de1ebebcc9e6982568f0577e0a1286c1;0.097403073;840
99ebf946b5222e5150cd00a91d8e0d20;0.271190025;841
c5649413c683d4e80b49328eac8c421b;0.547970687;842
5d7f2ec8e705bba9e769664c00b4fcb2;0.179278467;843
14dc006d2aa88047e42e244829363f18;0.648818602;844
d51f7df95b3f490a489352b849345c89;0.47038567;845
6281c59015aca45cf2700cf2390f3aad;0.551254699;846
1c8ef0699fcbb70eb315de05a5f1ca8b;0.9875272;847
6bb903a91387b794c6179ffb169e1caa;0.741381178;848
1ea1f8a1755851c97e91d442fb7f1d89;0.620196036;849
7a572b442992efb05f2c5391aef07b3c;0.139266306;850
9afe1477af392173efffa3d66d233371;0.880179834;851
e9ad64db008164f80e4d705b3c42ab15;0.307798209;852
6fca2e067e636a22146e64b6f2343467;0.827003122;853
96fc40629c98c5e70041df388f2bd112;0.317042459;854
ac33894ee3a06c6b3fc36ec02ba71bd0;0.269755806;855
330eedec6a9cf0872a5b2c2fc5f0ba59;0.327171685;856
52e16003892fad99d5cbc6541dd98118;0.864154528;857
3d4e4361ac11e61fac47a8e4b193beea;0.824142759;858
57d72ff8d039e743050884ae52f8b4e7;0.472451251;859
d9f60a9f2634a3611b548877c305b27a;0.099473787;860
b516c4f06aded4ef6a158b690c317df4;0.630730772;861
6174fa4c61bd70c80b6bb8f2e5dbe1cf;0.328380754;862
31a62a478143df10b1e75492db5d1fdf;0.014795122;863
c0665e7afdc04cca3b47b4b62a7a6cf2;0.189513901;864
039200c1a70ea9772149458084d17831;0.450191328;865
c37907019e283cad3e68fddd52bc70f0;0.5003946;866
f8541ffbe02c164ac0f9eb41468a92c2;0.782173971;867
31a150fba59f4635ed19d3e2c8651775;0.600390374;868
33fb9fe32a9c9f7d949f8ff4cf3bf00a;0.365957169;869
3707d223d9dae3d3912807a45eca63b9;0.994520276;870
548e1e31de1bdc7996d4798cfd4187af;0.724884516;871
6aa9716b0f718f23470e7be16440ee71;0.44080065;872
4afdcaed6afce11598aa2d00e0dbf9cc;0.756527635;873
4f82f5e41cf9b7f0c4c5a2562d152440;0.620636013;874
5d1dd55f5261d3c53f658010c5f983c7;0.205446156;875
559640520ec89c6a8d95bca8100e266d;0.041503529;876
aa11ff7116395d652a2e6accaf8c7064;0.897317977;877
f943d20821ec54f42f3278f8e61b4589;0.191209262;878
54ce67286793cc87b027da00f4e72a18;0.180577635;879
3b4f14c343f0fe509c31c9b45a397419;0.93290449;880
dfb313290b7bf07d7ffe91ae965b406e;0.265339014;881
4eaef266eac38c0fa7bbd3673c829a30;0.323080925;882
ad298b25e7f4f83e27b5cf17ca3355b7;0.949340133;883
9c94e659c62b84bf7b39c599b61bc7d3;0.385791195;884
18e208252c110747390ec45323819721;0.94556877;885
3d3bd36a9fc5faf0d27cdc0d0cd42d0b;0.302305032;886
183ddf43bfb0216a9d9e1756e15b3e48;0.848076124;887
127f16d756b4a1f26d448c2448e41e2f;0.147451155;888
5a245bb207b3f157c67deece859f7313;0.402737242;889
9104e5906c48e17d5c6cc88c6ae85152;0.202317659;890
deba6f2c3835f599028c9fa2379294c8;0.180558257;891
a57a8a1178b3e2f02bbc4b8a26504d78;0.981195864;892
1640a747bf96ff081eb99cfcf31c7f6e;0.411706189;893
0b327faab35e02bfd1f096cac8eb75b6;0.967526645;894
b79597265936a2493b2c88dd1590c61e;0.970096282;895
ed65392d7776c67a07f1fd7e0c94d7d1;0.955884242;896
0441e59d3bfe0b9527fe1c121c0497a9;0.586194971;897
beb953abcecd415a692de8f1c7096317;0.638190691;898
9e6080a5c16a6cef28d4cb0ea6da11df;0.898520274;899
6ede69ddd46806eb193dea199fbec7f8;0.519008341;900
0cd0cd6f95eac0856cb2c674c2432057;0.864779913;901
1db9f8be129d68b7a1b436c24e77e8a7;0.207597892;902
489f46556fe87828349657770bac8575;0.812483865;903
9e24d06ab3b47d5cbd72e6e5c6c430e3;0.696926738;904
dd71116c9ca99aba88ffa1142c2735b4;0.529985809;905
d1162429a2d6eab3a06234b1454290f8;0.900272683;906
838acbd62e6f33752096f30e0ca68aac;0.650769173;907
8fe9fe2023870fec9b7d9713ccfe1fb1;0.143746871;908
3a7045b31ea5cd59c77adcbfa66b8b7c;0.922929909;909
18072fb1beb39b75e5bec37499ba8db6;0.916282262;910
d88bca7c85ed2c0428fb58c9439a91da;0.886319106;911
f718ddadb2f2ccf842594deafdc1971f;0.219416013;912
c50f2d9c08fc4d6fb186eaf4e8011e9b;0.465286908;913
45e06f9c6528f7e83831c85b53a7b6f4;0.719051369;914
d18f4bb4987573b03f4173579df5964c;0.656068662;915
042c2982a27df075e5a6cba417612704;0.901143178;916
4cde13b5e29ef2058bf723a63924ca54;0.567491593;917
afdc3b29395c7715d63ac6691193a2ef;0.066618745;918
a2c836c177f5fe564ae0891c36e38830;0.463150491;919
2b3bb991705fdd00e39bf9989d69a372;0.999925643;920
fa8bf3cbef28fc0e54a285b0ecacc103;0.974642328;921
21e457603d8863bf5ead184e911ae354;0.215746022;922
00b885d997707b4102c91271a60f01b7;0.159747271;923
e28a6ae89b058ab9edd775cbeeb9be26;0.035365339;924
edf136ea4b8d6ea43f221d3ec0681d1b;0.839634512;925
9d0f3259c7af54b3810f3f130d1ef321;0.821490266;926
fa7ba33b0801ef082576e56cabfea69f;0.833678409;927
5611abe67dc37ae5a3b3434cdd41f077;0.211698387;928
9d57af85ae791db266415c90b8df0b5e;0.133510334;929
6bc28eb4501e1f533a4a33bc7d473b6a;0.354476802;930
af57d11649a92fa414e223162da49b93;0.078914638;931
d4d507ebbb932593d51a3804b4d72a8b;0.644800772;932
60344e9d7c052e109fba4fdefd4d1acc;0.261829778;933
6659294e64fffd197aba5965df3a14d6;0.879378941;934
6308d305088f3452e0e91d5a32a8f88f;0.577907347;935
ee5d32069fe494573d28c22d8b5033dc;0.139593166;936
ded24d3d3b868644ebbc3dfff798cb12;0.366890704;937
8a123c9a261893c2c7141ddf375d809a;0.202953472;938
b2c36586339db9b42f1f140ee10c1dee;0.048365677;939
65163f6c29043676715fce6d2c0ec72e;0.922917728;940
cf2c15b2a2a00a54bc15538adc008080;0.35144091;941
c564f252c8b6d5d46fe54546db0a4c96;0.001014086;942
065dce58e2d4d2998c36bf716f42668d;0.27360321;943
fc6acb1685f8ab66ec89680e6ed95dd2;0.430099258;944
94b073bcf6fe7503ef412efce51726c9;0.439279404;945
fadef8f12ef481465fa0f5a03048afcb;0.718531333;946
0fca6e87aa9a7ee36cced9e381ac555c;0.167907211;947
3ff6dc9b667105274a620a9a125fb8b9;0.411540017;948
3b7ecc9c2b036f754252558f31326bdf;0.753188205;949
9279382d7a927367f824107b85d876b1;0.491320248;950
315859bce850bec865ae9533f8b4db58;0.623854604;951
91512b99cec3a7f6eb8cae89f3c13046;0.674192789;952
c3cfd022351957c6501b96c3cc9e4049;0.882080489;953
902ae8987d8c33529cf2891b2399a645;0.572297175;954
88a0b6d2a538a9603c28bbd3e536508a;0.092442834;955
13abfe997d2291e559780807cb95a0e2;0.435937332;956
935deb8eb90b6ad124390814bca8b1c0;0.109029089;957
819246afa96fb038b638841d7e0b24b8;0.225916069;958
94cfaff110fc9899a3a99fbea38735a4;0.44654766;959
efda742ca564aeb03f2e829e7e9f8d91;0.456293975;960
28dea7cfac66eb64e4e82f6301a57dca;0.584055149;961
c9d34e373c8a744d96debbe1a0a0e0dc;0.001288658;962
746f26b78941e4463db9d275e43bdfb3;0.092469158;963
32ac8f3e6a700718008c242158c61dfb;0.534012749;964
0299c7696fae138769d9418493f151e4;0.773427496;965
7d751b729bc1b0832a9e169aa38125b6;0.909084977;966
ede19a37c94ca71dd8531eae51eedb43;0.7113869;967
b95cd77fb097bbd8af1a48ecd18c4635;0.260222295;968
ef5b3e85b3c17f143e9a09c7d951200d;0.411128198;969
ad8b50b1b15420a0fab63944734163d1;0.154503037;970
9a9477a3e043e65aafdccfda1e02dcee;0.819200684;971
f3096e02de9742f128aef695fee0227a;0.656640963;972
1bd1fd14b1f53b75bb43a7d56dbae347;0.89427389;973
7d5559ba623135639b055f4de96187cd;0.898655963;974
3bfcb95ee79deb6f538db11064b5e5da;0.338552247;975
5d5a7cb55990893fb968883a89d2c193;0.396295051;976
cb8ceedc26c37f3f82c6ba98df3748b5;0.29929027;977
9d5df2ae92f247ec412a24f9cdf491fe;0.56785184;978
868efc9a2410dad3ec326685692f3d00;0.903288936;979
b41d2a11237bbd982e19038705a9dcaa;0.29954489;980
f49d6a15f79d2c5c69db1489107699cf;0.341431595;981
44831bbf1d1453578816a813346aa14a;0.603695439;982
203e327593a4c71df72588f0df106208;0.584680992;983
daaafafdc8e9e3ca97f44e8e5bb9bac9;0.254978667;984
2cc9e73d768246f2569c6f1ce43c163e;0.933138977;985
70ef2a9b55d3ce0cba7641979482c2b9;0.482244344;986
e3e954504d7a1394f4ca9f501343e045;0.180633617;987
74e2cd6ef402f63901c2d66804dc75ae;0.230504343;988
bff463c3d0381fb5dc16fa074e426753;0.251936051;989
2e781c37f7b9105de4ccd48913d9d7d4;0.563104991;990
96e3c7b408865cbf571266a2c30ae5cc;0.340371526;991
54df41bdf1f32cb38fdb24efd9249b53;0.29665978;992
852d2ac57963b14a847a5871b710f4c9;0.05388637;993
c645016dcd35cd8ee0eac0ae9a990218;0.458565373;994
391bbfdf1421007c6e662bab26a80963;0.394649595;995
4cb29138f53220fb25b0f40ad8ee6000;0.358935215;996
f58a303e024abf2294d0acff7d71acee;0.752384739;997
de7a0abb335def28163d12d61241af77;0.363392745;998
99e1f63fe22a1243018a2532eec6c22f;0.708248517;999
bf810883edf880c938d045d43dbe38c0;0.030291968;1000