reco_id_curr,target
ef2e65ebc85f99b1b2ef0c228dc67054,0.24249761
9bd339cecf717bf387d0f442b0405943,0.4011789
c0cbb8633846a9ef574870868c521606,0.62438166
96ed0125bc0d46172ab477587feaa82c,0.35788617
b26312fc38117d24dfb34dd07521a79a,0.3981669
0dde4f06489f98551cebeed507aea149,0.3464155
3a8ac8822207484e6ba02356d89c9172,0.36539316
05be809badb3860017c64c5fded3acc6,0.54037267
eeee48eeb3cdcb8a048d3e846bcdb361,0.3517165
12035786f24b7013b1406e381ff8365e,0.3209975
5937dd6e1ef0a692f1d89bb65f63eb68,0.36889964
400d576900a28642626057a433e49864,0.5838923
79fe404074b4e05e622d7b5ceceafd2e,0.48716292
5c948596cbf9a5b85faf21ddcb64b1b2,0.36899877
d26fcc3e918ce0cb75aa5169624905b9,0.56253636
409fcc301d3d1b86028b5ccd94a65844,0.30988297
4b8068e769fd0d8cb246e1d0dc1c3dc9,0.2906777
a0086ce1bcc773c2c5b3162a75c13385,0.5150117
fe730a4c542b0f15f98433392f3b11b1,0.30496654
951cc306b3e90a203fa40bfee8f21345,0.69635844
447f4ac85613d3aa74cc959cda6b1e10,0.30717653
6a9dbd53f8da96e923856fc0ff210363,0.15851957
d6308c55430f4ae7732407e1ea0b530a,0.40335464
a5a66a73e3b1bbd90bf94760fe31ecda,0.4415308
4c649447db2fd7f8aea8bb4633f056e7,0.42713454
e9b87f858f90de07141712cdbd549eff,0.35639095
dca78b7d29fea82f2eebd4605434cbbb,0.53825486
d149b11950e5539f3e5c8ba0d9ea6fcf,0.4471159
e21fa7d52d6547ef73b0f5dfd473bc8e,0.53752846
80bcc98e6518754f58d9b13138996c78,0.63087964
dcdfa48a77fd3c4404df99fa246c851b,0.30993137
1c0c72ca96e372fc015772baf16baebb,0.7852098
ef9043f067e77448821392e08842c9a9,0.5107713
b3ce5e7523a930aae5049bfb37b08251,0.5082271
a57946db53cb831606cb5d7bd4719e6b,0.3110197
c3481894ab3564ad97f17e024205fd68,0.27886385
32e0a18fb35892a696a8c8f8fb791c77,0.2712373
049b8c570e6cc662b4a3d7e3c86e236f,0.36967242
659486a0486cadf55a9ab00ba57d4a49,0.495175
28c48bc6b1dbef56040c017196eb7db2,0.14012264
d6b61b779d716b663ac4081ff80cdbd0,0.42040402
4467465d96ce3ef592d53888b9f29970,0.6834327
094485a038a5c33161589ad6c7bbc09a,0.59086674
87a65c7f6cd468077a130ac980618ace,0.23080952
d684b9d353e2635833ded72f35358d59,0.5444952
114c7b793d3e612078339cce82dd13a9,0.13859545
a613d20807ab1699d07446e7925e1d1e,0.5013654
f38a9c5eb2ff2d163aaa67977367c319,0.4557117
c7c6e10051d718f281e353bf6521058d,0.689823
98ad7a07b2d2aadf89c1dfc3a9d2e82f,0.25484684
f4b43050d79b53e386a05eece036e66d,0.22644593
620e6cd3348baeab72c56c0629cdbe67,0.61806107
690c019cbb42195258b771cfceba298e,0.5679365
fc5529727ea5ba50dd6b8e3a8a612f65,0.67752576
352cc6d853ec8c8c49413e8a41c43332,0.20234959
31b0c499430f1f6826df8bc64acc8e26,0.26658344
2f7343fee67fdc03647b96d9bce33a1a,0.19408831
8e30429e45ca0c6376613084d7dbaffd,0.84497476
bf7927db9468ce785750628af6e17e1f,0.17342898
24191ae0e9ffed25b5c45dced9bebf68,0.6798858
010978c0f5f7acd0d3de5259b42d7efd,0.41547516
c846ed9207ac99f11fb1e70a54b60c47,0.40885916
05ccec356c25bddbacceeeeca6085201,0.2957703
c12b005fc781067fa48d7ba1ee3db39e,0.46671864
e305c96656327076dc69dfde0746e45b,0.61831635
deadc369fd97aa41acd7cad6971839e8,0.20913078
8a76956ff2689230eaecf5507c8d4ac0,0.26188433
5fbb217ec4488f5badfd9522537890f2,0.2646634
94ab5feb144cb16a58f1feb1fa6d930f,0.18016666
f7dee7091686c1ee8da6a2c40bf60f39,0.25864395
1c821f44bc215cbf9eaae4dbe88ac998,0.54495084
241ecd05d7332c5e684023de7591b5e9,0.46625575
1cb66602e4065387b643f6ab90001b47,0.39144382
35f95e27ab76f62e68e4224c85dfff15,0.48140368
a2133d7d2b6304e6c31eb5b1b8f84c06,0.44848898
fd471edeb71000825a5ca7a313c44b35,0.6885461
6cf2e0c33b40fb629e5d125db7d54263,0.41078356
36a927496bc0181fec94207ed1a24206,0.24965979
ce6ea5b5dc35124ab6b011ddf8481294,0.36141315
157a060eb21899e4c5ec415f3749dc66,0.5029466
fbe82c4fa52eccab470f74fbd581fda7,0.3562644
7963226580f4b70bff3bd057559027bc,0.44922867
f508d4fdccc9eae07fee84394e42c438,0.3022996
0dbd9edd3eca83e3785e13c50e4cb4e2,0.43186608
94e8d42b60bd99cbe04720c8a4c1a8a5,0.1217083
0bb7e7ccaa509253427b92d6b2e01e43,0.5242697
2367722b223808061d02588b4929c303,0.34778902
43be2885a580f00294b85f3160d4a7b9,0.3804699
ad9a7590335d28676953efa933a4938c,0.49764886
bc31a84fedbf8198e908f355ab9c0ee0,0.4149649
06e087dde5ec3aefb85823e7b3e7a52c,0.5755464
0cb7dc6e02adccc98ea54c7e8b2aae70,0.40728158
a352eba0e3afc1a26fdea9050362c0de,0.61159194
796e24aff967836463a37e0901c53e9e,0.28430033
7b7802520e17c16ba705dc4a248520f8,0.63578033
656053e043d18d97120aebbcd76caa3a,0.43449667
cfc2961a26784fcc6702c7a22243d21b,0.13846779
1200cc678dce697633576f9941994baa,0.39825067
71525a91a2b9b64f0105b7b7f531bd36,0.7760045
a9de4f0f8609682d611023419b097ed2,0.3013
4db2aff91888b64ffde8ed54714d2d73,0.32235533
e442e75a1555d2ac5e4e649cb44e1be6,0.124593765
41c754b97cc34597b784d518d619e2f0,0.21322563
3f3e4ae5f54f69f6e812de801b587b79,0.40967146
041480730fefc966ff97b991bdb7da6c,0.5328065
588e9feaa2c792cc7c72e66c4b233353,0.23004666
a13cb2721941ece63dd674f0f9a9f361,0.38307542
01c401bb1b2ba502df5a854be02ea4e9,0.34986728
3de7a0eaf06ef59b5d48eb8692f991d7,0.55144113
c2bc4e61a746e5a76548e4020c4d7f63,0.3151192
2a97b7d5c2fba6d4158a549e1853cb9d,0.47061712
770513c1a4fb55757e6a779e78c93380,0.30534136
e92af4ca8326bbff83f09932f1719f41,0.37252128
8beb21c1764146298fbe21ab6b2370e5,0.31519586
ffea57e3aeb8fb4b56880140a15442bf,0.48815867
00bfd45acebcc9f1b5db49bc1ddc3195,0.6106017
cd19a908236ee2db82087eaa32d6bcdb,0.41283435
381f86c155f64ba4f83a5cfc6717aa1c,0.61971307
ad0b63a17349b3cda49165d4bfe8be27,0.2347268
c4a3cdfcabe87eb6332f16026b5b2ad1,0.32844543
d1761417186f13af13f4d0ece64d7d07,0.65493125
1fa57f437dc56a961ebab02ece89edbb,0.5868565
6e769938f3c9a6e04e7934084a7f8f55,0.4172924
be2a2f14f631147a3028b4027df3a43c,0.5651731
5d552ba0ba0a3501c5bbee0791580ac4,0.3834661
d2ad6a9bb9c7c2baaafff43f10b11c9f,0.34813908
bca5b7ab14741127f46e83f499c21ac3,0.7953289
644064c147afec625bd84bf7373ba88e,0.7124382
cf9e2a3b845f299e2d56f69dc8007826,0.34056547
118eb2d75caae1df444abd2dab63fa16,0.17204842
6b57dd921d4ec26895e9a2622fcee8ec,0.44746464
6569a2a0cbc2d64a1a28f952abad1d52,0.2160956
f707de591f20bb699ced2c4313631e4f,0.50823194
5c360d343f446e4d6b2032cc57d14265,0.56653
94d4f63187dcffd46103b5969af6bb33,0.4010322
91451f432b07c8d8e42d8b23ed422d1e,0.7674932
54e01475556709a3f05c9e40e1e8b1fb,0.3620955
9ed1df541da62df8b008da66ff895004,0.5777238
df3d918432c88b5a530eefb4da7b8824,0.16584235
e081b02f9d46b7e6de60beb4742303c0,0.5487584
e7a6965ecf6cbf91843e2117c3737983,0.34536776
8a774f77da462626c5178f433d18991a,0.6382213
fa688bbb7ae841b2001e83629b16917f,0.2724866
4fdb98e4dfb9609e28c32aa9bb000791,0.5007394
a2b76475bd47b89eb24080946629ab30,0.18559413
eefed0b716efe55ac5de80f8c67869d1,0.3206205
d01b4b956174442c49cb78e542996ff3,0.55260426
2acf76c51c91516332802d5752b0f5db,0.9666455
cd3638b5409ddb9915e9d40d4ada003d,0.2346093
985fc1846c2959ca88f5ed5b3a9e2f6c,0.41323778
077a81f372fac3140c1b7cb8e62d7341,0.3466038
67f9d549ed3d2436b12de9712f044eda,0.31334636
b0655739fc54914bbdffec797bb93dd9,0.59154195
faa8a65ed8209f26aec119dcb5e24e64,0.42187414
3d203aba63594ee5cd07b9e8ff7959b6,0.2422837
d0d15b658c4c14e10658d6756adfdc5f,0.5467531
f8f80ed56b7d0b88d81bfddac6a135e2,0.4003158
0de9581c9037f50a115908a386d859fd,0.2915612
4e881799bcfaeb2369668860ea09068d,0.49669465
633376a8de8fa57789ed44aa6a39be6e,0.32595217
5e8eac2bd6dcbd164f827a1d432179fe,0.5844515
636b1b286a6dd5efc88fbb0ecd084287,0.5677775
7e6600e0e8623d774e0d321276a9af32,0.1329021
4af42f2538ae50c1ca0f101c6989b4fc,0.34829983
71b83ef83e54d77acc856d669322aaea,0.71211475
30f4041ac09693a98c8846c39cff88fd,0.51958317
ebd3a231e48fa64b7b0ebfc192e1b6c3,0.5303262
889fc1231012c7c91f58671f05349187,0.29748288
307e103c3ced15f0912eb5a1671a4a69,0.3805005
950460b21a449f00e2d26567470e8235,0.59110314
dd10e1d32c1ec48cd91d7735c6438821,0.49023032
b3b52858dbe9834ba149ff5a1af62e5c,0.4642914
5c49e68a6dace1b3e47e07215bf7a1d1,0.22322643
cfdfb5d614a94c8d1671763873f443b5,0.27355894
7a17f88a389093d6cd9f3893bbfc9caf,0.41007724
7465ce3457ff132842b3607c058bbe92,0.52410644
ae0927d7a1712312d12a25c018fd1676,0.19148214
c75edd72d9ac752bcb516a31ce8c9ed7,0.50063896
3a662fdea57be30fb9954bdd5815e156,0.279869
0f42ec454759ab8a519fbea84fbf36ac,0.54455197
34e9132ebff7c81f6da69abbda63a534,0.45778927
0647803bd7b4b2cc1b26dc662e79b393,0.51899207
e6827a0e396e51ddf8df9e76d72d5847,0.4963079
b9dd021baeadd476a0fbda0d3ebe5c81,0.5849715
308d92a06ff426089b46741e2d7b208a,0.48131955
73d3b18a7222c6fdae78a94ee76f377f,0.14482911
c7f18738030d1fbea4d0b02ac4ea03e7,0.5250382
94b4fa21147ca93a95a19cd3abfd34bb,0.16392234
3b96837c422f611f8e977391ea333a4a,0.41153553
6da829fc1069a657d9d555f9b2d60906,0.43128186
b4dd56974416f81c5048d36199d07439,0.66243786
f926dd937bc72e6c9c1bf6e5efcc01b5,0.29449874
2a0031ab8059bcf501408ce0df280c95,0.24662195
61a1c6ace59631248e5eaf7974e95525,0.56926614
b3c32742863d77a8f5520b219bb12247,0.6505573
8dcd664dee6717f0ee981e1c53293bf3,0.35806265
4e2f3a7d60fc49e92674e2d6e919d0ed,0.63553065
5fd49384ff4d1126ba83df93491b6fcc,0.61555177
998d9f9c579873b1d738668122a52170,0.27063784
3b7c02d3515842fb554c1f0c2fce4a17,0.3040792
92b069542bae93a538e8b686eaef4b39,0.33782804
6b3819a325b751155e882225b5e85705,0.23456174
8aa6d8da22a168889f76c9a5a6e5fa84,0.3406828
2cfebe51f7eac87c9f7db8be500d8e06,0.73857033
e7717482d96589cb9deedda14b77bdd4,0.6500284
cee3d3926bb35a79816d975b2fb406a9,0.42632195
9bb7b6e9b59abecdb7bbd57bf1d8afad,0.607811
16195f85ec92a01d0761508a210da8a9,0.19704103
088dc278eab35f98ff6f84cee77d3a07,0.5739604
e7c606624b060d4081a11d9b4c35a967,0.5584502
7a64c9aeec573125995206aaeaa96a00,0.29542154
c2ce80685871e85c7446880c30a7c824,0.40019584
80aaaa38b6eaafabed9bffed6ab15d5c,0.2254731
0425f3f25ffb223623b405ece63542ef,0.30060446
7867fa80a807943a8eab25cebf934e57,0.29472822
4fa9428be9a447865b02bf3740503ea0,0.38393423
6e6f615ec2b23686423a45867f798c46,0.21145584
e00fa87cabf8cb8a46fd640060f81d7a,0.3241201
957dd7b9b475816ab69d1678a5b41d8a,0.20256482
d539d28da5e37c2aa3ef9c4193d680bc,0.29526624
a9418d08cf70b3ab1559dd506d990b59,0.19512935
3ca9eb235037578e2df50f335eb50537,0.34546483
a5a79d55f7e76fdf3b81e0ea68cd39ba,0.44304243
321c516a63557cf106bc5b3cb84969cb,0.17792343
86ce8eeb7330fa0b9dda472f5c3bee8b,0.48781502
f917c8537396c9f56ecbf2b951c2c3c1,0.093382575
2514db4fab9d2e0488b00b1e0adb1911,0.31537402
ffacac7fa839da24e186a9a669566a86,0.7356028
505d64115daf761ed3d847f340440d62,0.33790937
87054b4ac02a16fecef0ad4d3840f3a0,0.41299158
ef422969e9635cc7064ff445d3d71f37,0.33453226
404ae212b304ba635800b0d620c946fd,0.20291124
decf1d7e0b283e741e8279eea115089d,0.34224272
08a5c05c0045975c907579f44aaf9a3a,0.18795764
4dd7f5fc616aeb0f5a0792a6332c3667,0.49134946
856d1fed817c47f7c074d0bfdd6c3656,0.33821803
6b136c4fc75d0061e2c4c7d863d343aa,0.30930912
c5e63c4b339649be97846c7ac2a208b3,0.48720536
33706818fc733919dafaa6f72969bfce,0.41686672
79491dfa5a504e7c94e876472d19196e,0.48620015
e9ea74d8a66f0bf1ee34e8d1a298d070,0.1765158
3456b5282091911d0b538195e5809284,0.49645668
32877bc9f7e1839794161db2bdb451cd,0.37570265
00d0ec0cf2dae0f8400870d580fa77d0,0.53196424
e7ea44f87dbcc0bd47f1a94c6a62153c,0.42763147
1c4aacf677578cfe11cfb1960f5f1af2,0.43588936
614ef150402ac35b9049b747c7ce8e59,0.36106572
eafbe9e1c794c1fdaffb331aa3f6d415,0.6509321
f688b83578f8e910b5e4c9488a071103,0.4294513
d2744fce0947cdf5b12c8c62b0d07be6,0.34375328
8cf12c3bc4172509bbe75dce42da160d,0.39711338
0b95764240f6140d035e81e2ad360f8d,0.5243621
938800089510dbd40fe715b2ad9af36c,0.5893544
d81704c1199b9bbda4e8d36cd2803247,0.43342805
5270d66d0b17e184d7e2aee6a478ec93,0.42042917
d247501af4d1d767583880a32daac640,0.16925366
756ec14796c631fa194bc1bd775ad8cc,0.5930665
93e6970fe1a62019a0df19b18aac2373,0.29476827
a61c12d28e616e2175f7244381a1b6da,0.6712886
0b65b1763162e05726a612f24b7ad762,0.5856731
ee989d0e35bef961651bcc1f969fade1,0.63480914
76c1aa4221cafe6efdc386cbd1d61cfd,0.23314361
7204d1ddcddc8e7103d7dc4f8010e404,0.27485076
c6224a3629fdde1d2bdce52a8327eb63,0.23798476
4d567ab8eacae2286e8ce74efe981094,0.16755375
0d5ea046db3b8f10b2f96420eb2b1f11,0.18067229
3aa8efdca16b5af26e65fdfcc5fdadf0,0.3914676
3a081145ce437de775c1ba64759c0555,0.48881802
e7fab2a65ea4bdd577ac461378b515ef,0.6170895
568aa0948e1a2dd0b4c3c75261c3d351,0.62124276
19e72a332b8e756de094d6028450ab6e,0.52587014
8a979ab2301aece6affd9ec568f654bf,0.40548554
371e0d8f498d25e364ecf514ba0c9a08,0.30909544
7ff5369c0071342b9ab78b32c015fd0b,0.30772683
731882677bab2bb98582c13646921ad9,0.5246474
9edb22282849ad34b4ed64671a1f14c5,0.34634018
2bdda295629cb7629c3cf44e5de0f8f3,0.43354878
788e5d0b7d1ee74170101de1d04b4e9b,0.20506889
c9f8eb8b7c1ff98c6a07d3c239262775,0.2399785
cdde066ff9ed2e97df8bfefa0a315c39,0.58457863
34c46d81b79e126a80e2372e476f5a40,0.14214861
4abb59c37016b0c8d03d03e27d054b9f,0.25652263
c56d1c2bc8fd3e7c49bb1cf08021203b,0.36971644
e829ef65c088b7eac63bc2e15d941765,0.19049661
0ce69fbef961141200691bfdb8ca0637,0.36380345
32328e85689483f3d609f156c3e196c0,0.5136584
dc36ec48e2d2b8a0322f538a907a206e,0.43210155
b427f4cb09d142aaa1572009ac6474c9,0.19258422
14d5cf3c7f903c6598b74e9d3f21fe52,0.5861013
64311b1c71374829bed63af81379ea99,0.7121986
da6b95eab22f57cbf8a8e00f4433bfb0,0.21874581
6f3bf52a8b8c5804570da9a84f8d694e,0.19927266
501a7af121df3eaca064cd09c7660d58,0.66496557
98111a81532e3003026e119076ffd0b9,0.31520936
a6ef47cabf39666b3d79ef441b573642,0.51815534
da97b556d19e0bfbcea9514e59c79d6f,0.24692659
0863d95ba6353c404f444c3b8a7f647b,0.49281463
88bc8e4c598d233294385b72836ab725,0.64853364
e87518db25dd34982e294c56bb386a0f,0.5556168
8da93ac8fa78837de261d64e3fded60d,0.42562166
68a758feff60c72edb33cd93e37d5e93,0.3452733
a432cabdf42cb196142d3a19301b657f,0.3027037
083155c5df33bf1a1046a30df91aee27,0.58973634
dd4117e7a774a4009d2b9c4150ef8c70,0.2762876
c7ae81a210bec7521b791e617c65baf3,0.72289264
38027ebd59e7c2614201a9ad29d91f33,0.2800722
3e7cafcc5e43bc59f37fbf4beefcff00,0.35531265
29f5717c676bea5c7ea94081517d4578,0.09570841
1a0e5521db24466f6f58ca30e29809b8,0.55375546
898aa5373689a55e126c8b12b2776707,0.28151783
ebf17a1243e41bd105242e46f7f90514,0.8365153
69c75daeb6e7cbf76a0f6b092e91fc58,0.27285302
3ad4e437ae8036b88d3bf830b4284a58,0.37621376
66c860ce4f62740e9559a45b112aa2dd,0.86101633
a64e327162b9d473ab68e6bcd468687b,0.6372249
7f0875e7be2b1446a8e117c8312365a6,0.5402311
82099d33d92441c5159d1aa3b70e9670,0.3421892
9ebe6b9bfd5720af1efb6f2fbfadf37c,0.24916108
e83956499f462faf1d65921e38773d93,0.4699348
1810d99e943d3bb8b95e4dde147cccd9,0.11454972
cee1d2f76b7d97f1ade1103c5fb9b9b2,0.41941255
31990084504a5b51a7f58c0ca538297e,0.20170417
4f21d6d0aef77fe61eaf268f818f0793,0.53825486
e7150a28e06267de0c8a0f4ee9a52fe4,0.6150185
dfdaf12d1ca985a462212f71dfc5fe5c,0.19947594
ce897200d1e228862aa24aa41c71effb,0.20900819
93b01e5ee2be710c6bc3ac49ada27c7b,0.25151944
a47976fc2c9c02e7bd963d022f080adb,0.17231423
777552b773a9efe4bc64cc5d6646c7eb,0.33628574
f9c6f657ab9bf1203c4a0c7cba775ee5,0.8253808
6fb51af069872e2bd7f387d65701aa63,0.21895853
8306bf8f0715996626ea94bea17af9c4,0.6371403
d3c2138dba0c41134090a149fb7c00d3,0.51481885
ded2ada63bcb57040db55f695bfc8052,0.3410969
d21c7a0b6f5d02da656399fe401afac4,0.35594106
342487b44b8d43382274596a64d66355,0.5581534
4d6cedf59eb4a7075cb8af7944a53da4,0.2355543
9e7d04fbbff07517b7b660c0434bac2c,0.45435125
dbc3dab081b079886318f02b7b6477c8,0.32927936
1e17eb97c94605707f03b33213ed6d2b,0.735998
5f841258b21c3db026af9ef146a04fd2,0.463574
a509b31205bc90e042a1d989670cd182,0.52940685
f34ab7e2d27243e158831817d947307f,0.99097717
1c50defefc8bd7ee3419060b0758549c,0.15294535
0fae01333a171889d09b5b7166e9d570,0.23032784
cbb8e190566b813cc0b190f3e6abbf2f,0.2752204
997f7e7989ed4ebf47ec45b062e05379,0.5676251
93d6944025bb905622431ed835dcebd8,0.35837805
6584711b664705631bd377da00919269,0.73677707
299cb3b49ec498bb7d62ac8d8559ece0,0.19060573
7b54ea5f62f1f77bddd2e3e0d74b45dd,0.33326873
2f176d5f29a35acd858aa5b3c5156415,0.62630063
40ef3180969b3d5dcd75b04e02b2aa0d,0.432888
f808fb97e861ebb85808f92f42190196,0.31173906
0d587e194c2938fd65c57c709c05c09f,0.21858047
662d49fe5de425880368a5fd6694852a,0.6726656
9ab951b86ff2be62dab1951e82e821fe,0.21012647
e5cdaf84033e295836010d5d49970989,0.2777268
581cf727f46a742ba244beffbf4d81bf,0.41642383
48286e24643bcffbe5bf8999b648f8b9,0.4784332
67f25730fdf4c0022934f0e8fdd3fb15,0.3652737
ae4ff2b254129a81e8d1af31c6e7b73f,0.51946807
fd41c540e9f0d7a0ae59c70354eccaa7,0.30714187
a16d871d7261b7a59f654e178db8b3f4,0.46522006
9c2686eca29b14adc5444b50b5ad7406,0.82495385
7cfaf0f098878c968c5e05f17f374ebc,0.15082325
f0107d3c1e280de61b14d6d50a2b9c88,0.38957354
d521a075b964e28fc42add0041f71424,0.4013928
8ff19d967f321d434e09400f7020cd8f,0.72597086
7357537be5f66553349bdd8fa023c6c4,0.6235036
ddc5debd7089cc78def4196c7bd25ca7,0.35036567
ad30939eb122b3223aad8eab79ba393e,0.15645736
31df8ac36812112e6bc5ff0ad0daf847,0.49150714
de673d31baeae5f044e0e13816fd6646,0.2623155
aa387f7435fd0578a41e25489171fe5d,0.093821235
f499b43d193959c1d712a354256801da,0.2008252
50f961e939dfd45b2aa881a3a0cd0117,0.17455725
ea629760693451214f18bc940e89e849,0.5598173
b610fbab3038fc2dd6dbbb3744c77faa,0.48649094
4e4b7aef37d0086187f891ea388ed587,0.3026808
7af16d81adef2d991fc7ce1939faf0e7,0.6921097
f393f0d673698891ef7763e905345b21,0.57303697
db0d1c58363ba08f483d03d1c39a03ca,0.47508568
51dd4d27486e5fe8981c5660a53432ed,0.59003365
3ec088bc7e48f04b21042f5ebac190be,0.24932168
8ad79d2c4ee200fd0a3d7f750fcb400c,0.3859415
e4864988f651abdb700ad426e5cf9c5d,0.60518306
ed91770885b600fb22c627905d3a860b,0.33323205
0732e1a06fec41e6fb006b514781fc7f,0.057037678
6e7791237abaa6b9d4e2fe4932d969c7,0.5659347
ac84ff92e565adc298cbdf5efeb60b3f,0.4517589
511f5f6683ff5043cd1e8623722038be,0.30887964
6b8353b4c219ef9e4c39e9463eef20ef,0.3751918
a7647f339faac3a6ffb3cc5d713c0a14,0.5631168
39815ea971cc69deea65ce6908754a0f,0.5734009
2faff7b5d62106aa6101189d6e4c8eb6,0.2942443
b33debd73dae52336b6fb672bf82a928,0.41801554
0280b160fe08eadca024403914c48d10,0.36696082
4760d9b7c6690a95d9456045b26ae342,0.37145212
e6b8c0c02254f953c421e80c7d2be7a4,0.1122803
9a5c01e841b908333b2869e447d7b351,0.22791348
07ce1ea0f4480f2bd559ae1a73d44cd0,0.29605216
ce93ebb3de877c50228ea8f0409a4081,0.39636332
f86e7878219220cf0a5e09f0119a3209,0.32389373
863a3890970f38d4426b8cac9b27caf2,0.39188907
47b92dee8f828fbdb557a4f12308816f,0.327176
00364277ca56477eb2083f8982d74fac,0.29904267
a430ab92b1d9e2a24d29bc8c04369340,0.25580153
82f854aea20af97ab8498c5a85dca47b,0.18622397
b5311d386a4c78d0356dc9e84128f49d,0.23943572
f2295dde7c64a127962f6834ca205dad,0.5509062
9b3909eac311a43f77fe0d5ef5c49523,0.14117298
23bc08d31a79b73f6b2579dd19ab1156,0.55292124
b77c210e6084ab9778fecab729883438,0.53489083
692a8b41eb3f461ea72edc030a015f80,0.38482156
b5e3a2bd4b6de6e5b720a0d06e8da876,0.41684946
882daf577f9f81c01fbb0e0cdeac6088,0.16066942
0ddb3d960b0e190ccf2fb4eb9f5c0a72,0.53884906
d64af71e5ebe2156398c15c0542eddbd,0.2601069
9028888786bf8326ac893429b4ee0438,0.28735912
26cfcb1d2c6c72cc1026f0588ff5c8f0,0.34085387
dd95667515aadd8a4a1d4b9de1df8a82,0.38527292
326c6abd468c2375705c24473add4324,0.25381815
d81ccbeae3589c994e0406d325d1ffd2,0.21680121
3ffda794dff3e14a199cabe207ee82f7,0.47127753
1b5d7c958444ceb330a87b69bacbd73c,0.38884738
80431a4a62400627f9806f4b9db79fc4,0.83872324
1629407efc0637e8fa5f88911d7da10a,0.5942382
edc0d791d25b261e2e1aa429597f1455,0.33755642
47947f015aba77c56ddbc94d098c4dc2,0.38955483
84c409bf661b59cefe37b1534171d55b,0.4417474
ec43dc5db4ee3e70751f269b6688cfcd,0.24933474
025f1481c43ead8e5bdd7c8dba12bcc4,0.32130307
48da72657660d55b0b569a9535cb6991,0.25727412
49040d906f98d880d95b96551a5f5178,0.32677495
9b95eb07215d6eb0a3645aaa6b9d04d6,0.34254095
73040c4a422e407836ddc31b2d7e5658,0.7141683
2bef22f993a5dd2f34934d88757c6558,0.4106444
194edf3caad053a690a6152bfea06c43,0.5155938
6413d56e6bf365c98460b7e31e8c412d,0.4028338
6cd061ab037678edeec3779b3f466027,0.5266872
e0935056f2ef0fc328d44ab74137b46f,0.5021725
a28e025b48617e0518006eabc13892e4,0.8304691
0c1d4f02a0e208eb32f317376071eb5d,0.25299504
228d50cf889843db531401a28fb41aaf,0.25651512
a376b9aaca73fb0b6701bb59b70d0c61,0.50232357
0311008c74fa311e415df28b349e539b,0.31693128
f74cc5c4bc3ae4b7dc47236cb57eeb51,0.35447696
60e6d2247dce0d67231dbd1d947e09d7,0.35973957
8877984a63c9640ad6a4dec3ef934719,0.37123117
c08a238d5725a3a5f56aced0c90eb728,0.17556205
ce473b492f7bc9dd76ba7e3009609ad9,0.36417732
0853dffe024e88e74728ab1fec543c86,0.3461334
478bca4c35ccc8d159f5dd44187ffe8e,0.39525467
53eac3b92eb64bd68b34167d8b3a87d8,0.33333784
73ed7df79781a75b16431fc4c9dd50e9,0.20284033
5d26475ba5fe8f66aa9e9eac60cd3bb3,0.53237766
34e0bd73817d2f41c8899a02a34fe968,0.5611636
4efb606febfdf7de93ae160f3580a9b5,0.57770187
e79c0cfcced00370ceca615b0797abcd,0.5579606
54171be1785d22bc4a4875d47f12d0ea,0.47899035
5ee3b9b440bd12b0420a8ee6f3634c74,0.20924489
474e69da1d341262cb3c9363e974ee5e,0.40315914
4c3be92432f361d32353b406944a7898,0.23997769
acfc868f2cb6acc2332d03f20fe419a9,0.39493418
c10e448ee3d836a06267f606a23f65a6,0.52656215
fb8d6b8e7ff86c032ed88b06c24026a5,0.2650723
4eb07a22fb41d988c0a9e5b7445c434d,0.5261022
3a3c1501de9bcdbe76cb3a4280ea2820,0.35344777
5e0f6abe60a3667a4c38c00de242aee7,0.58394164
1ee9356465aa29da4d4d18c6dc9ace2d,0.4628098
b2a9375cec7462c8dc0d1c7b898e0225,0.56486094
02e7010fd5a4a376b7edfdf66821efad,0.36721343
361d9a0193b6595aa304eb27951aa1b9,0.51747286
c03a140191745565ea0feafebf23b1ac,0.4764794
a78b62df18d94e8b935aec3de0c6b2a7,0.27732384
1ad9e9e936ec937ec6d3a5d8e467a449,0.5130308
489d2bf61d6eecaadf12ea9394d8727c,0.6274408
c8acc9847dad346bf4f8920058f51bcb,0.146209
d54e09522bdd17dfc581b4382cb45324,0.38770646
dd8d3b5e02ea236cc1a4e07d7b97263d,0.3556535
85006c38d17027b60790680fc36bcfa4,0.41633314
3bbbd9e7ff603cd1d6b1d3f836a675a4,0.6054307
329bdb3db756b841ed8061177be19c81,0.26838475
16f9f3a68b8101ed87d1f1e1bb3443ce,0.40189564
6ee039aafbf37a660abdcbd040df1b59,0.3703472
89d20c7d58d61f169011c83b3f53e705,0.28645977
f3331879cd9310317628d6ed401a01b9,0.7514533
55d15bceb78f04f5162899e4de20154e,0.5172987
ba08da773d073d5a8f6a6579c828764c,0.117953554
01929ebeb3bc5a91f31653b1e7b74285,0.34981552
70acc46717e2935abf9b74d4af48886f,0.32848468
0210bbb319b71f478fb04b7cec0c5e86,0.2858305
8637a3cb38a8e15a88b107262ace416f,0.43747061
db8ba57ab6fe9714fb024b61bca93df8,0.49301395
eab89e853e009e1615ec6fa2115563a0,0.3261989
7db0de1a11205daeaa504a93b478db0d,0.197444
3e70173efe9c65dd0e17e5f347c2d6bf,0.19837858
06bb3ea806d6c844a3b3d5d20003ba87,0.42404515
6cf4712627c8ab2f843ce2005bdc7b29,0.53825486
99fd9a6311a1e8b5e67d54860d5f20db,0.7352666
8f65813ba22754d899e7e8ead1c2c895,0.24893115
9c91865ac46e35abc90a3de2927a67ac,0.37780675
37c98c11995eaea83b84e19c93d6993a,0.35622963
079f91b0173f1bcaadb4d700b47f2479,0.5147195
84642c0e4bdc2f34c4ba1fca7c0937ae,0.57745475
c568390c8c8d856e0a903b93be2f4d19,0.39386854
e3cb0afe3dbb0c8e27ff88a8af23e725,0.4013947
dc0403d1b4a61aec259859dfe7690a13,0.60809493
ccb9465af57da7332260256d413babda,0.6215833
f3606b37867871248b3a493f61144072,0.11176659
6113afa9fec42eeb5e55875608df4e74,0.44277874
bb744e091d456d79640ec2b1864ee367,0.27519915
2aa4e0e580b3d1fce3b7678597f10393,0.2194708
6f240e65ad55d4819daa14cd7e45b868,0.38691333
9725cdb75f0f3ef895840137ae448f2d,0.6891035
89f87221f2fa5f284eea9c84efff08ab,0.4879502
8e7761d5caded5cade8a4398b8d5f8d2,0.61291516
0055426e95f4beecb4540bc7f24c1909,0.32632685
2756f00c7b6293ed91c8cbeea5c7f7e5,0.22394755
150f2188809c048204a0a83f51d3a79f,0.035061255
717ce86780752edc1680a9748ecb6f65,0.38165566
c24f605f778d049fc38aedae18609eb2,0.6645136
539d5f646c9f7a68852d84742e6921aa,0.47393575
17d81051c8448e7a41c84369bab39f49,0.28640231
e6844dd3318429677e4f34e369d2143b,0.2750189
f2a37ae801e606a80e7604f3c66dad51,0.22990297
4bb96041af9e0dc9d087638034de013f,0.3309555
d934ba6b0919a741330c16c12df56dc9,0.44218624
4290302b0c0dd0596b3f043d92bc0bcd,0.32596517
ad6e30fabfe11ba7c05635d43447459d,0.36184305
20a4ad26d1f90ec2c9765c51cac2e293,0.40813228
90911e5a940c790572feb260239329d0,0.14259829
d8eeca86d82d92aba518aae24e24496a,0.53873867
ec7b70e7913305072cb8c8e4a717f5e6,0.50267786
22e2fc3e5d84e72b8d6bbf303e8ac945,0.32713336
59db3c7c3d94539627efafc47364a54c,0.5636183
cb66c0269a7f5cf3cdf553fae96d7caf,0.34437472
56423cb24f17f8cb6dec275dcf5d4474,0.38678282
6c3958e29b0862f9e20fbd3d69109a3d,0.40962243
d551bb4d0927ddcba31e042d93ebf572,0.54439914
d2a4d517979835608abac9ea661005ab,0.6986458
625a4a42dc1613779d231cccd9e78d4b,0.115308076
42a637e2e99aa727e9982911fe1b79f6,0.63904625
591622c170e93b66e0d03759d6138f72,0.5731677
4194cbab79a38639abee16109818e699,0.1938878
702b13ce70bc8dc7b954c26ef2418c9c,0.38662907
a1c3828adac90063019ce2a841744e9e,0.33446676
764414045f332e127eb5849a15a35cae,0.58591115
f76ab7ed77bf49c3399727af0478e313,0.70174474
e5cd103fecd8e4310c011c005f807fe2,0.25971138
1765a046b4802640e2f8336d2a3aa581,0.23986919
4d3fbc6acb1b2b88d14782761d1715f3,0.28246695
1d3071c8a067fc302c4937f9a19d6bb9,0.13941456
374871419b1b9f8d8028012bb9bd14d3,0.56980073
da81fe94c30a6eb26ed48c083014079f,0.24937955
98eef17111ad0dcc782d7c540b839cf4,0.56707513
a4663378110b2e4ccebbd8e0a673ea26,0.36953163
849c3998f6425f2b04bfdaf2ea41ce45,0.6985974
95daf171b82377b77f7887c16fa0e188,0.17504635
af5614b5e703537ded601696cee07d8f,0.3132102
132374eac680383ca7557491e3174d4b,0.26016077
285cb502a60bee8dc65f748bac3b866a,0.48573816
bbc68c5e1fd558e84e4525d2998fa375,0.6615354
87f97138598cf1000d697c23fcff0159,0.72843635
f5f06f7e3057ef8a6220b9810bb49c29,0.5016176
7f7c770fc4859526fd2c56b3cb5de73d,0.35588518
f8d01045d55b9dc81952ad016821bbf5,0.13470481
7d1fdfc85a38a4ea03ea03f85f4710ac,0.39740458
0e97e6f344f9103d117ec4f9f40ca670,0.58160895
568d4feda908b78e737c0d3e8cfdfe2c,0.67342615
4ffe6b3b88cf16646416cee6bfdd4040,0.7172858
096307f3174f490fd4c2ba8179b57c5e,0.57799786
7292959d0ea637958f0c245e61f3bcf2,0.20964308
e94935bf0c03b7cb66154b81c3a8bdc5,0.29158002
797af7dc2aa999b44515b8690288a110,0.48106053
03f016203ef91aac9872c76ed3d58a73,0.32790628
7c0993bbc3483abb15546fedc1fd8d29,0.5327495
5457f180f783eca01fb8d9d101410533,0.665409
74dfebff85d36ec099ddec7f6711add9,0.31403366
83881888fcff8e34bc54df87b0bdee7e,0.22527263
67e07057dffff3bf67a60c2ad30ded4a,0.5045099
05d0c252da9c5202672fe372a1894ade,0.113682814
0300de78b4572cf2474d73c9f677d509,0.2848308
388607422ad5f94f5f8c087b4cbf8140,0.38745427
7115703793e536070cba65f37eea393c,0.34769183
23286291fe49143112b63f52c2f6c23a,0.39006993
42263c6de33db8886b79b89134fd3abd,0.13405117
a8e225f1840857587f0a8c376803baad,0.11886206
cdb7e38db356ab50ea8aafe200cd0546,0.43743762
7cc06d1117c60d0668d0f26ddec061f2,0.27817848
668469a0eda74a4b2fc7c1fb65674c45,0.38190696
aa1623c409caeef94a84692f4dbecd1d,0.5105392
754d964198b4d7335a2aab88868edd31,0.1440672
7d16ac3d10e461a6a210ce1ec90ced0b,0.28056794
493b9da2fdf23ad30acd63ade0395fdc,0.41676012
0732722f0d4399083c0a1b8d05cea31e,0.3527806
084598ae326866741065c98a226b0374,0.32809058
61cd0da9cef8de7f8ea2194f679e5de1,0.69388384
91af251207f880c7e95e95cac6346713,0.5539578
649468622f9e1eff8d10b3ae517d7ec6,0.33126715
3bb469785f767b85124af0a360f9c126,0.3844917
ab3f1edba4c42e1b3945b4174d379977,0.5631472
b917cbfbe99564a26c7b2dee4de31ea7,0.6222088
582ac657ec9d2872190f305a16594b48,0.6522236
15b926207df9d1f93fb6bc2484a21f1e,0.32296544
bc6dca837508a733c58a32504a678811,0.09670063
315cffb2167255c466ebff6501d808ce,0.099617176
c60c796826effb1cd1cd7cdda2542678,0.24419722
e3c7f3e2e47edf46e1f9ba5855259ba5,0.65479714
f6f40249f79c4e4cd58c2327fd830777,0.39394447
871c87a0e5d5ba60234e254c8cfe62b9,0.4213513
86342e3d6b38d2b24cac6c52245dbd84,0.6636713
e7c40f8602fc50e14f44faafb9a1c638,0.32259408
583bbb91864b26d6bd18ef3c62a5eeea,0.3560241
e492b13d741b0d2c358125a59c1eb845,0.34456614
4421c892979622bc63605f1e870fa19c,0.53769237
bf3dcde1535cfbf347cef3721caae365,0.1874308
17cefda3639b47a724f51016319b911d,0.5897966
b892e924f537fb587e3d374833f82d82,0.38941163
7cc0fc5c09ffaec1b5162b87d2d32467,0.24654898
4b96191ae21232ee86d3b6bea3067ec4,0.7729356
2ac84171f091ba751ebc51b7cd9afad1,0.2262432
7d839f278639a38b2ba83ad67ab836a2,0.8731218
034644b950c6bc1f2a61eae2b112abdc,0.2424252
c7254f57bf1a5bbd7a2c2b987130bd28,0.3955747
96eb59ca52419629201350e93dc0c118,0.50209165
202db783d6d2b93e35adfafb2c0ed43f,0.3861451
7507f8e478388663d8cd6eca517377b9,0.20564036
f096486de662bdcca775efba905ca009,0.854369
514ee3dbfcf30e6280f4a16f8a1c40be,0.11902948
27d6d8848740725c87e514b73530dce7,0.6499439
71313ae584c4aae92d78c7a98cf114d5,0.09219254
3cab81b91e62944b5903213c350f9e4d,0.5388145
d95469cbfd173a6ffa8904e1014194ae,0.20348942
178c95954d1f0038ea7de6253afb00d1,0.43853712
7742e96249b20258c19108067f523662,0.23091641
13f059b30c9412bf4278337b23941e91,0.38776904
6e48d983fbd2d67fab63fd23e37f0676,0.63987875
84a7e709f38ebfb7ab62bdfee9a7792f,0.5740151
3b7c859bed08a46c5637dc47550ad037,0.44413522
cca33ed60625aeff9218f5d49dcb3eaf,0.6362801
6f212ef0534f4f25794cb04c1b1c404f,0.27669764
9aa2287a970217506aa0d447c4f058e8,0.28650975
31da88dafcd09e7e82bdc76b7824d225,0.54303616
6531248edc3006c31d7f71194f1f4908,0.12761678
07f4ffb6637a6d6ba1f2b10bd1642b8d,0.3661257
11acb0ce6060d4bf01ce5995bf19349f,0.23999886
04bedcfc9949ae34722228f67b4d11cc,0.5620798
6faafad30724fc13d94e384166ffd9f0,0.20546278
2b47a8e9d17f31eb2051f83554ac1291,0.6751909
d188d0d367a6f55a620f7cd324d8783b,0.23764034
ddcdddf699a0fed97a3e72953207bf33,0.60967827
de33295f7585c5a148ff012b01ff242f,0.35160598
9e02424bbff96b3b55704a3a88a702b2,0.37336957
8095e640b1088676e43264eb470b4806,0.32248348
059dcd774db63a11df3c854dcb5c0a8d,0.5914956
6d1d4d5afd3273b9be83caf626ffd42d,0.3722044
e03659c194480f25d94aee7d7cb011e0,0.5209421
400439aa031dfb48abadf0a9668096b2,0.13942087
b2e59936466baaaddb1f92040c0846a4,0.4979557
2b6b5dab35b15e94ad7e0aec8e38a1b8,0.19848587
eeebb83818b1b5dd82371898114bb5ae,0.20091304
368a8a42bf5659c6369f431f6c9119b0,0.4945738
ef8f9b92c57885eb629974d07d7d60a8,0.38695526
f7825cc89df0a3665baddede33a196f0,0.11086742
a013830584d9a97153fd702c6bb7d15e,0.51345336
f20d477bfa9a0b62ba439e97d84bd3ba,0.27045488
3b13b0f44ffa8f05761215809467f87f,0.46478817
a19127c48e02c6c2d16a328f5cb38c1d,0.36892375
f88a4b0d917a11f21c4ff171dca3325a,0.60384405
45533cebbc72923a43dfc7fe4db365de,0.3885047
10577884113ae5437b8fcff9cc396a22,0.5806204
a2d05f5b3fd9b13a7e2384bd34f6e883,0.35542202
6ef70fbb4d46a9db2c193c7154dd3658,0.34632108
e87547d3d84bb774879b99ef08608373,0.6278148
a7b43f296721b543456688e42c3942b9,0.2407027
6c30a19536f15b63fda108912ecefea0,0.3182641
68877e110a3366555fc5ff0d286b7314,0.42213085
4c060e6ad8250ace0ee4f19d16f455e7,0.23940453
8b915efb2f78370333ac50e9f6fda2fa,0.2826876
d49af2320ef6bc376b0e289a6f9b1cd1,0.32519233
61522aeff59e940a0f2870fd15175296,0.2816947
589219d7c8d446569488d4b734ed988d,0.18478665
d79d88e9a548bb022a87abed288184a4,0.673144
7002be775308c0b30b39d7683261a64e,0.33382204
d77be0164724055a37434b2d3cdac42f,0.35025042
1847d3ff22c6d88ad2a047c90bfa5ed8,0.56922007
a5abbaf6300c257f10cb4e8ee112df65,0.33298415
425064fd36b572ae1cc755e3cf7dccf6,0.4590142
d4828708b50b1ddbfbd546384eb34fd1,0.41725206
809c981019957cebf4011291213b6c51,0.27963707
6dd64a275082c315136e2a20b92317b6,0.32444978
4f02033b3a79abe37a7f53dbb7bbb1e9,0.3464282
5ede14a7cecc91904a9127aedf976388,0.6330409
872ddb5bcc4dff4db42fd5be7a1e3b65,0.3395356
15fb0e5aed46fa67bddca3c41ab71756,0.20316511
6a42dff5a40ebb219444e170cf6ff31a,0.30942467
1e50496fce19e5c151fcc277577f8964,0.7586892
a4d25f59c5b01b47a4ea39c3855796b1,0.124050885
1be0b9c7abc002a74c2a56b59234ea52,0.4424264
dcc051d1011c325c3961ddd202062d7f,0.4150139
f2bfd6ce994f398490280959b4a3c864,0.39988217
dc52d8959b54b878415896a44cc066ca,0.7814233
295193214080af8c41ede9c9526a423d,0.66885537
422049f3fbb69a612fdb5179aefd420c,0.6594481
1d45634c714d657fa1335763382a83ab,0.5187942
4f30e41e37e1fd93eef8cdf97db6fa1a,0.87454486
b8b9444f35421fb4d895237081126193,0.5452738
7be482781f6e8737d77fd8760de2598f,0.6727619
77463bef8ba225d91c5b53227c90a67c,0.3159149
534a8b886f4caf633c14b5d6839f5673,0.56275225
6ef45a36b22882e3483886d91c2cd29e,0.4529937
4ef9f81fa1f33fbc23faba6db400a141,0.14498368
a98be5bb455d27265db5fb0937babbeb,0.5525645
c1826f645364e717b4f000e627703866,0.30230317
3c3039ee651de4bb59c1d1066cee3f6b,0.3505258
08faa80afe6390db4d1a356c80801083,0.25517994
5cd22687c3da6f30729e75f8e40d4098,0.4746803
76e4d9c9ad46e2ac78a80289f92bdf54,0.59877783
40581caef449e861a9f816261332162d,0.7174531
7d0afe114ecfe61a0ca83cdcc008f0dd,0.4791696
e00f8aac3f5775381cef3bb1f0cba5cd,0.39437345
ea19111ca4de0229181e889474a6e461,0.67176276
a2a0a8d6de47a22393549fd7a2031794,0.55659264
58eb9a9d74dffeb6ac7885c8c5505f83,0.5293585
f2cc6655b32331112521e0ec16ad12bc,0.58883584
4cb9157cd031e272f52ed8fafb84119e,0.2721335
5295def30fe3251c8cee5fa93b3932da,0.40149608
e0e373f48377d83ca08f8e7ff9225c92,0.5937194
557f5a9daed8851bff1f36b4425804a8,0.94973123
adb4efe1e4c6d950eea39cc88a60a7b5,0.30456817
b5f4b0c1dee1ab92cd539621a4b8b5a2,0.4937039
46c4d97c7f84faabe299350cb33f6e4d,0.31417224
2ccf731c402b81796327fb7a4c5cd943,0.5970717
bf075016082b32d6998123865d5a7880,0.38228336
ee39d656c3ee5dae4102c1b29fa6bd12,0.5892014
74743899a998438d7d8d6e5356c18035,0.269524
d952a1fac5df5d7aee1eb97c2ce30fb5,0.5194745
eaa282fc78d9423effdeefcbe3f3d996,0.12581274
05b99e488ef72ee2a1977766c3a55802,0.54075634
3f299516b1a803afbd082cb20dafbcc3,0.5658616
a8d6c5f168912f0589a69172b9e2df4e,0.63198996
4a24f609d9b51d5470c74c0631497ad4,0.34002134
4a8a4b6649c8cc77a9293d1a71eb2edb,0.49219283
7a80d7cd89b7e5378e29ea8d624c392f,0.12770145
d7a7ad963622e3cdaa3c9a6205d766df,0.38784307
a8572a0a8de7d0652a40f08ad56f9b28,0.36792567
0b97302e25b0663b527ba0a87a3e40df,0.24757373
39459c44e56dce6b5c356d49ec8005ca,0.45346603
4840396238031bc3de71438b5d81c925,0.5295757
abe31e66d3be58d216ef56c3cce93f91,0.5230295
f21af4e835669f4998c642d67d0379fa,0.7645615
b6d8544d4c4b6c032f7d3ba5c14c0396,0.17336626
d5eeff3512c6999d0d6ab565a0732f88,0.3476906
8732de0e389bca3e5d65bdcc2a738d90,0.50756764
8254fe9dbab22e62652cdfb1ecc3b861,0.38791457
b74651952ecaba8ceb5aed4af92570f4,0.2588397
482914ce8e39dafbf608885a3e393e03,0.3536706
a827398810a0193271ddf989068d9fc0,0.20115165
8a85025c71cecad9b853022501f3a4d9,0.8033269
5d2a49a658f97c1d20b71cbbc809d9f1,0.4085018
b4ae766b4164421e68c65e5eda124086,0.28053418
f210ebe710069528d1aff9f81a0050c2,0.74685025
fd1c176dd1547450fde2d49fdd201d97,0.5806124
67ebf16dca98c01f57f5f949700722d8,0.40107533
eda2191528b0006df3186e03b2b0a0ac,0.57557654
f3fd63f3c9cc9f7e930ae4e8c12221b0,0.5930451
abc3b7349101258157a82bd9c4426268,0.13617797
a0c4f24a940e2fe01cafb2ec60d51d6c,0.53581446
a622db6294697c80de8625b7e219c673,0.20109352
056367aba20a41f67e1ff6af67a1a323,0.27828476
9f4ff82b413d2f13174701212b89cbe2,0.5011684
d8a8556e9a74d04383993c89b5aa7056,0.304188
7c7a79015601a4d328502fda8ed1578b,0.3996253
ee7c60631326f97b4e86465b9d345fe3,0.29804096
20ab4eb5e505267e8d50857fd358cdcb,0.4229245
7df48237e498e68511b3b459a2b6c641,0.18245108
dff8b218d6756835417e26e39a065e55,0.6296538
f3b58151ce0d700788323b2b2ca9d1b9,0.26032326
cbe53bfe978450dd2bcbc6e560649bcf,0.18107551
25d83fed62457583b5b5388a78cb210a,0.7147168
e77b966e10bf23160055604df6dec390,0.29911566
108a51ab7848e734dda43115cf3e7d5c,0.17791852
b71e7b479ca5de9e554e2f01d62da818,0.34030366
3a73c1d7df6ba53cef5fbc090d6995c0,0.18974447
fb8382d535b7cf5ebfdf64f067c505d1,0.6935808
da54417610906be4ef1e211af8a7ba76,0.2871582
808cb09dbdd584f092ed3902bc99dd41,0.11980378
36c69d1283a71ce635b3cdf3a4763853,0.1498778
8f5286e7701b670d6841c89a5721851e,0.3878961
4d10b7b0ff7f5d4654c0a6d25661a19f,0.39426273
aa206c16e8139512894cc78c298ca9f6,0.37805122
f09ab8cd0dadaaf02cd6ff0c436aa30b,0.4329941
267ff8f6133bd1f31a8018b47165a166,0.63965267
eaaff3d2cf6a125466d01f2910a9ae3b,0.23598763
fac9d9431c2777b6c2dfbfdbc14d8149,0.7131543
6a43e8452cf33b7e0a8971d1dbc19668,0.38017097
83ab7c5fdcf105f83f943670fe099dc3,0.291082
070afcc94498161b2acd32a76f2550c6,0.2931776
ea93e4761aec6e2f35818f2292f0f3c3,0.25744212
bec10049923a0bb209a2044d06a96e86,0.16399771
78f451b98a16131ace4caddbbc69f605,0.48346382
ecbabd5c1308c18cf21b554d19511a6f,0.36877218
3ae60bc1dc928760977f3e3237a5b65a,0.39194405
af3fcd274d92eb524fdd391ef70fcdfe,0.27413803
a1c2c0ff4b4ee2718ef52aa4fa57a3fe,0.3953582
88b0e84306fe209e0f67fd9b746cb9f3,0.5595782
7259658325adfb5ea49255564d664076,0.57751656
0c3b678291dd2af843e65290d79416e3,0.49351913
523777eba1af0a28c869860154094967,0.09547126
9eb570f70c59add1dbcb0f41d92a7d37,0.33337116
2d9c2484d50d1ce59a6ac063a22c5a92,0.39374578
70620f28d915dca9ac039c4904ac7d8e,0.4832072
6b2058d0d1c764b74f59c20ad708fb87,0.48632875
814dc9e8c001b93d6f25a8b4f3f5e40e,0.41049242
553cd8ef250e734ef11d2e1b549c68e8,0.3546796
20a3872a1e5583475a5cfec6770d3682,0.7059141
f2a0c643b40afb450c9146ccb1c39c64,0.29659927
424ef148c0987027507ea33e2290d3bb,0.59938514
a77858723128f0ca3e4eeb78bfc09f04,0.5255818
e7b5ee5bd9176199812b55f6f4b7bbae,0.49275166
10e62dd33b2b3c9f6e695ac63c7a4216,0.35031903
74444af26e6b2504fc0069beca54d916,0.4125032
d7015ce20e9b938a0888c678b1a76eda,0.38763812
35a611adb36591adca5d5f0376c223f4,0.34436223
dc8ba115a9bb073c95dac806bb891eaa,0.57374686
2bd05f7eb354d2785474b3a09c83cc44,0.42532972
34547c7a979fee1f49870a6b2c131bea,0.3268226
baa10239637f21a70b5ad97c2958b981,0.556971
476ac80a7c7d3333616c4062bcb5c8b6,0.24990855
07f9f117e106b34106032b7d8448a07a,0.5790617
bef48095946f7f813d22075884f9b538,0.6289894
301d80406a2e4fd8e8f89788ac22f1b7,0.4219014
199dc3697cbbe044999fe18b63c8fc49,0.7237489
761c1802c518094e054cea5677a107ac,0.441874
f810cd5fce2258332616ad1d501f1029,0.5809872
c71b9b8b8b3be49447601a4a734043c0,0.5515512
59496b34839fa7f29e619e64b525766a,0.5411541
de1ebebcc9e6982568f0577e0a1286c1,0.3777094
99ebf946b5222e5150cd00a91d8e0d20,0.6513564
c5649413c683d4e80b49328eac8c421b,0.3990895
5d7f2ec8e705bba9e769664c00b4fcb2,0.22484878
14dc006d2aa88047e42e244829363f18,0.2506243
d51f7df95b3f490a489352b849345c89,0.19934814
6281c59015aca45cf2700cf2390f3aad,0.60901845
1c8ef0699fcbb70eb315de05a5f1ca8b,0.54048437
6bb903a91387b794c6179ffb169e1caa,0.608231
1ea1f8a1755851c97e91d442fb7f1d89,0.49118748
7a572b442992efb05f2c5391aef07b3c,0.55259615
9afe1477af392173efffa3d66d233371,0.38232908
e9ad64db008164f80e4d705b3c42ab15,0.43383482
6fca2e067e636a22146e64b6f2343467,0.32618156
96fc40629c98c5e70041df388f2bd112,0.5656783
ac33894ee3a06c6b3fc36ec02ba71bd0,0.6457022
330eedec6a9cf0872a5b2c2fc5f0ba59,0.35434616
52e16003892fad99d5cbc6541dd98118,0.26330727
3d4e4361ac11e61fac47a8e4b193beea,0.21247703
57d72ff8d039e743050884ae52f8b4e7,0.54796356
d9f60a9f2634a3611b548877c305b27a,0.27366245
b516c4f06aded4ef6a158b690c317df4,0.068269856
6174fa4c61bd70c80b6bb8f2e5dbe1cf,0.545863
31a62a478143df10b1e75492db5d1fdf,0.4237248
c0665e7afdc04cca3b47b4b62a7a6cf2,0.8402944
039200c1a70ea9772149458084d17831,0.6596382
c37907019e283cad3e68fddd52bc70f0,0.19771624
f8541ffbe02c164ac0f9eb41468a92c2,0.3695484
31a150fba59f4635ed19d3e2c8651775,0.5346695
33fb9fe32a9c9f7d949f8ff4cf3bf00a,0.4888611
3707d223d9dae3d3912807a45eca63b9,0.16946785
548e1e31de1bdc7996d4798cfd4187af,0.49760222
6aa9716b0f718f23470e7be16440ee71,0.65905315
4afdcaed6afce11598aa2d00e0dbf9cc,0.37855318
4f82f5e41cf9b7f0c4c5a2562d152440,0.31086475
5d1dd55f5261d3c53f658010c5f983c7,0.3921353
559640520ec89c6a8d95bca8100e266d,0.77355087
aa11ff7116395d652a2e6accaf8c7064,0.2859435
f943d20821ec54f42f3278f8e61b4589,0.5605279
54ce67286793cc87b027da00f4e72a18,0.3918922
3b4f14c343f0fe509c31c9b45a397419,0.7416163
dfb313290b7bf07d7ffe91ae965b406e,0.42502183
4eaef266eac38c0fa7bbd3673c829a30,0.70113724
ad298b25e7f4f83e27b5cf17ca3355b7,0.34734133
9c94e659c62b84bf7b39c599b61bc7d3,0.5120958
18e208252c110747390ec45323819721,0.24999504
3d3bd36a9fc5faf0d27cdc0d0cd42d0b,0.31342107
183ddf43bfb0216a9d9e1756e15b3e48,0.5421401
127f16d756b4a1f26d448c2448e41e2f,0.24962902
5a245bb207b3f157c67deece859f7313,0.3318766
9104e5906c48e17d5c6cc88c6ae85152,0.27290398
deba6f2c3835f599028c9fa2379294c8,0.41661045
a57a8a1178b3e2f02bbc4b8a26504d78,0.563718
1640a747bf96ff081eb99cfcf31c7f6e,0.54878205
0b327faab35e02bfd1f096cac8eb75b6,0.5781819
b79597265936a2493b2c88dd1590c61e,0.33198425
ed65392d7776c67a07f1fd7e0c94d7d1,0.08801709
0441e59d3bfe0b9527fe1c121c0497a9,0.17169937
beb953abcecd415a692de8f1c7096317,0.58586717
9e6080a5c16a6cef28d4cb0ea6da11df,0.65821904
6ede69ddd46806eb193dea199fbec7f8,0.69415784
0cd0cd6f95eac0856cb2c674c2432057,0.21591316
1db9f8be129d68b7a1b436c24e77e8a7,0.21775965
489f46556fe87828349657770bac8575,0.2138616
9e24d06ab3b47d5cbd72e6e5c6c430e3,0.81005776
dd71116c9ca99aba88ffa1142c2735b4,0.43688217
d1162429a2d6eab3a06234b1454290f8,0.16830735
838acbd62e6f33752096f30e0ca68aac,0.17825295
8fe9fe2023870fec9b7d9713ccfe1fb1,0.6375677
3a7045b31ea5cd59c77adcbfa66b8b7c,0.2970935
18072fb1beb39b75e5bec37499ba8db6,0.7994574
d88bca7c85ed2c0428fb58c9439a91da,0.33607122
f718ddadb2f2ccf842594deafdc1971f,0.15295024
c50f2d9c08fc4d6fb186eaf4e8011e9b,0.399411
45e06f9c6528f7e83831c85b53a7b6f4,0.2862286
d18f4bb4987573b03f4173579df5964c,0.5400242
042c2982a27df075e5a6cba417612704,0.21910086
4cde13b5e29ef2058bf723a63924ca54,0.4421249
afdc3b29395c7715d63ac6691193a2ef,0.29355887
a2c836c177f5fe564ae0891c36e38830,0.35279244
2b3bb991705fdd00e39bf9989d69a372,0.6422339
fa8bf3cbef28fc0e54a285b0ecacc103,0.80622953
21e457603d8863bf5ead184e911ae354,0.6460329
00b885d997707b4102c91271a60f01b7,0.34101725
e28a6ae89b058ab9edd775cbeeb9be26,0.26316738
edf136ea4b8d6ea43f221d3ec0681d1b,0.39857474
9d0f3259c7af54b3810f3f130d1ef321,0.4632582
fa7ba33b0801ef082576e56cabfea69f,0.30699733
5611abe67dc37ae5a3b3434cdd41f077,0.18079937
9d57af85ae791db266415c90b8df0b5e,0.7601363
6bc28eb4501e1f533a4a33bc7d473b6a,0.25998923
af57d11649a92fa414e223162da49b93,0.5602455
d4d507ebbb932593d51a3804b4d72a8b,0.30566093
60344e9d7c052e109fba4fdefd4d1acc,0.21961206
6659294e64fffd197aba5965df3a14d6,0.340213
6308d305088f3452e0e91d5a32a8f88f,0.55109006
ee5d32069fe494573d28c22d8b5033dc,0.42493084
ded24d3d3b868644ebbc3dfff798cb12,0.19701162
8a123c9a261893c2c7141ddf375d809a,0.41816574
b2c36586339db9b42f1f140ee10c1dee,0.4399649
65163f6c29043676715fce6d2c0ec72e,0.61610186
cf2c15b2a2a00a54bc15538adc008080,0.6000961
c564f252c8b6d5d46fe54546db0a4c96,0.56477886
065dce58e2d4d2998c36bf716f42668d,0.58479804
fc6acb1685f8ab66ec89680e6ed95dd2,0.34431073
94b073bcf6fe7503ef412efce51726c9,0.5807102
fadef8f12ef481465fa0f5a03048afcb,0.43770537
0fca6e87aa9a7ee36cced9e381ac555c,0.5005101
3ff6dc9b667105274a620a9a125fb8b9,0.6388244
3b7ecc9c2b036f754252558f31326bdf,0.2755541
9279382d7a927367f824107b85d876b1,0.21097372
315859bce850bec865ae9533f8b4db58,0.51862556
91512b99cec3a7f6eb8cae89f3c13046,0.61587435
c3cfd022351957c6501b96c3cc9e4049,0.45984918
902ae8987d8c33529cf2891b2399a645,0.16178079
88a0b6d2a538a9603c28bbd3e536508a,0.3388394
13abfe997d2291e559780807cb95a0e2,0.58389086
935deb8eb90b6ad124390814bca8b1c0,0.518989
819246afa96fb038b638841d7e0b24b8,0.28965452
94cfaff110fc9899a3a99fbea38735a4,0.46564576
efda742ca564aeb03f2e829e7e9f8d91,0.58130527
28dea7cfac66eb64e4e82f6301a57dca,0.5707101
c9d34e373c8a744d96debbe1a0a0e0dc,0.6764019
746f26b78941e4463db9d275e43bdfb3,0.2608468
32ac8f3e6a700718008c242158c61dfb,0.21537428
0299c7696fae138769d9418493f151e4,0.42539984
7d751b729bc1b0832a9e169aa38125b6,0.7074786
ede19a37c94ca71dd8531eae51eedb43,0.46620548
b95cd77fb097bbd8af1a48ecd18c4635,0.630134
ef5b3e85b3c17f143e9a09c7d951200d,0.19275764
ad8b50b1b15420a0fab63944734163d1,0.21247403
9a9477a3e043e65aafdccfda1e02dcee,0.5665975
f3096e02de9742f128aef695fee0227a,0.406558
1bd1fd14b1f53b75bb43a7d56dbae347,0.2443716
7d5559ba623135639b055f4de96187cd,0.24334691
3bfcb95ee79deb6f538db11064b5e5da,0.30492023
5d5a7cb55990893fb968883a89d2c193,0.29273584
cb8ceedc26c37f3f82c6ba98df3748b5,0.28383088
9d5df2ae92f247ec412a24f9cdf491fe,0.35878262
868efc9a2410dad3ec326685692f3d00,0.25919867
b41d2a11237bbd982e19038705a9dcaa,0.59254175
f49d6a15f79d2c5c69db1489107699cf,0.36716148
44831bbf1d1453578816a813346aa14a,0.21705392
203e327593a4c71df72588f0df106208,0.56993294
daaafafdc8e9e3ca97f44e8e5bb9bac9,0.7962566
2cc9e73d768246f2569c6f1ce43c163e,0.35323623
70ef2a9b55d3ce0cba7641979482c2b9,0.16207947
e3e954504d7a1394f4ca9f501343e045,0.46782553
74e2cd6ef402f63901c2d66804dc75ae,0.5751017
bff463c3d0381fb5dc16fa074e426753,0.14396112
2e781c37f7b9105de4ccd48913d9d7d4,0.4274501
96e3c7b408865cbf571266a2c30ae5cc,0.39997688
54df41bdf1f32cb38fdb24efd9249b53,0.15133958
852d2ac57963b14a847a5871b710f4c9,0.26394892
c645016dcd35cd8ee0eac0ae9a990218,0.6478869
391bbfdf1421007c6e662bab26a80963,0.39947668
4cb29138f53220fb25b0f40ad8ee6000,0.45531648
f58a303e024abf2294d0acff7d71acee,0.33368447
de7a0abb335def28163d12d61241af77,0.39549088
99e1f63fe22a1243018a2532eec6c22f,0.5709192
bf810883edf880c938d045d43dbe38c0,0.63788235
